#,Player,Current Team,Pre-Draft Team,Nationality,height_inches,weight_lbs,years_pro,Season,Injury,Games Missed,Cash Earned While Out,PER,TS%,3PAr,FTr,ORB%,DRB%,TRB%,AST%,STL%,BLK%,TOV%,USG%,OWS,DWS,WS,WS/48,OBPM,DBPM,BPM,VORP,eFG%,ORtg,DRtg,Pos,Age,FG%,Dist.,%FGA,%3PA,3P%,Team,Team Rk,Conf,Div,W,L,W/L%,MOV,Team ORtg,Team DRtg,Team NRtg,Team MOV/A,Team ORtg/A,Team DRtg/A,Team NRtg/A,Salary,Draft Year,Draft Round,Draft Pick,Total Games in the Season,Games Played in the Season
50,Aaron Gordon,Denver Nuggets,Arizona,United States,80.0,235.0,9.0,2020,"Calf/Ankle/Hip/Hamstring, Rest",21.0,5589990.0,14.5,.547,.353,.299,6.0,16.4,11.1,17.8,1.2,2.3,14.7,20.7,0.7,1.2,1.9,.066,0.2,-0.1,0.1,0.7,.522,107,114,PF,25,0.463,13.5,0.114,0.188,0.333,Orlando Magic,29.0,E,SE,21.0,51.0,0.292,-9.31,105.74,115.22,-9.48,-9.02,105.83,115.03,-9.2,18136364,2014,1,4,72,51
50,Aaron Gordon,Denver Nuggets,Arizona,United States,80.0,235.0,9.0,2020,"Calf/Ankle/Hip/Hamstring, Rest",21.0,5589990.0,14.5,.547,.353,.299,6.0,16.4,11.1,17.8,1.2,2.3,14.7,20.7,0.7,1.2,1.9,.066,0.2,-0.1,0.1,0.7,.522,107,114,PF,25,0.463,13.5,0.114,0.188,0.333,Denver Nuggets,6.0,W,NW,47.0,25.0,0.653,4.93,118.04,113.01,5.03,4.82,118.02,113.1,4.92,18136364,2014,1,4,72,51
50,Aaron Gordon,Denver Nuggets,Arizona,United States,80.0,235.0,9.0,2021,Hamstring/Foot,7.0,1508880.0,15.3,.602,.312,.276,6.1,14.3,10.3,11.6,0.9,1.7,12.5,19.7,3.2,2.0,5.2,.105,0.5,-1.1,-0.6,0.9,.573,115,114,PF,26,0.52,11.5,0.173,0.419,0.349,Denver Nuggets,12.0,W,NW,48.0,34.0,0.585,2.3,115.21,112.88,2.33,2.16,115.25,113.08,2.17,16409091,2014,1,4,82,75
50,Aaron Gordon,Denver Nuggets,Arizona,United States,80.0,235.0,9.0,2022,Shoulder/Ribs/Ankle/Illness,14.0,3508146.0,19.5,.617,.227,.413,9.4,15.4,12.5,14.2,1.3,2.2,9.8,21.1,4.6,2.2,6.8,.158,2.4,-0.3,2.1,2.1,.603,124,115,PF,27,0.564,8.8,0.26,0.312,0.259,Denver Nuggets,7.0,W,NW,53.0,29.0,0.646,3.33,118.38,115.05,3.34,3.04,118.22,115.18,3.04,20690909,2014,1,4,82,68
50,Aaron Gordon,Denver Nuggets,Arizona,United States,80.0,235.0,9.0,2023,Face/Heel,6.0,3544351.0,16.6,.598,.182,.345,9.8,13.4,11.6,13.4,1.3,1.4,10.6,17.9,2.1,1.2,3.2,.136,1.1,-0.4,0.6,0.8,.582,124,116,PF,28,0.554,7.2,0.242,0.358,0.333,Denver Nuggets,6.0,W,NW,28.0,14.0,0.667,4.95,120.46,115.32,5.14,5.09,120.56,115.3,5.26,22266182,2014,1,4,42,36
0,Aaron Holiday,Houston Rockets,UCLA,United States,72.0,185.0,5.0,2020,Toe,4.0,96396.0,9.2,.503,.417,.190,1.4,6.8,4.1,14.0,1.8,0.9,12.3,19.5,-0.6,0.8,0.2,.009,-3.3,-0.9,-4.2,-0.7,.467,99,115,PG,24,0.39,14.5,0,0.17,0.581,Indiana Pacers,17.0,E,C,34.0,38.0,0.472,-0.04,112.98,112.96,0.02,-0.12,112.99,113.07,-0.08,2345640,2018,1,23,72,68
0,Aaron Holiday,Houston Rockets,UCLA,United States,72.0,185.0,5.0,2021,Ankle/Illness,2.0,91508.0,12.6,.544,.305,.201,2.6,10.3,6.5,20.7,2.0,0.7,15.4,18.7,0.5,0.9,1.5,.068,-1.9,0.3,-1.7,0.1,.504,108,113,PG,25,0.447,13.1,0.003,0.155,0.438,Washington Wizards,24.0,E,SE,35.0,47.0,0.427,-3.38,111.72,115.33,-3.61,-3.23,111.79,115.23,-3.43,3980551,2018,1,23,82,80
0,Aaron Holiday,Houston Rockets,UCLA,United States,72.0,185.0,5.0,2021,Ankle/Illness,2.0,91508.0,12.6,.544,.305,.201,2.6,10.3,6.5,20.7,2.0,0.7,15.4,18.7,0.5,0.9,1.5,.068,-1.9,0.3,-1.7,0.1,.504,108,113,PG,25,0.447,13.1,0.003,0.155,0.438,Phoenix Suns,2.0,W,P,64.0,18.0,0.78,7.5,115.65,108.17,7.48,6.94,115.41,108.5,6.91,3980551,2018,1,23,82,80
25,Admiral Schofield,Orlando Magic,Tennessee,United States,77.0,241.0,3.0,2021,Knee,2.0,0.0,7.5,.538,.612,.116,3.8,16.3,10.0,7.9,0.4,1.0,13.4,14.5,-0.1,0.3,0.3,.027,-4.2,-1.2,-5.4,-0.4,.519,102,115,SF,24,0.419,17.6,0.023,0.367,0.345,Orlando Magic,27.0,E,SE,22.0,60.0,0.268,-8.0,105.25,113.25,-8.0,-7.67,105.16,112.82,-7.66,723741,2019,2,12,82,80
25,Admiral Schofield,Orlando Magic,Tennessee,United States,77.0,241.0,3.0,2022,Ankle/Concussion,2.0,37478.0,10.1,.587,.607,.189,5.8,9.8,7.8,9.6,0.9,1.1,10.8,14.1,0.5,0.3,0.8,.089,-2.2,-0.7,-2.9,-0.1,.549,120,117,PF,25,0.451,16.4,0.008,0.351,0.385,Orlando Magic,24.0,E,SE,34.0,48.0,0.415,-2.56,112.42,114.99,-2.57,-2.39,112.49,114.88,-2.39,877940,2019,2,12,82,80
25,Admiral Schofield,Orlando Magic,Tennessee,United States,77.0,241.0,3.0,2023,Illness,1.0,0.0,0.6,.432,.615,.154,2.5,13.1,7.7,12.5,0.0,0.0,22.4,17.3,-0.1,0.0,-0.1,-0.086,-8.3,-1.6,-9.8,-0.1,.462,79,117,PF,26,0.385,19.8,0.154,0,0,Orlando Magic,12.0,E,SE,22.0,19.0,0.537,0.88,113.04,112.19,0.85,1.24,112.65,111.44,1.21,559782,2019,2,12,41,40
42,Al Horford,Boston Celtics,Florida,Dominican Republic United States,81.0,240.0,16.0,2020,"Rest, Personal",44.0,13938344.0,17.4,.538,.422,.061,3.8,21.4,12.5,20.1,1.5,2.9,7.3,21.6,0.8,0.9,1.6,.101,2.0,1.4,3.4,1.1,.528,111,112,C,34,0.45,15.2,0.031,0.118,0.222,Oklahoma City Thunder,30.0,W,NW,22.0,50.0,0.306,-10.64,104.32,114.8,-10.48,-10.13,104.36,114.32,-9.96,27500000,2007,1,3,72,28
42,Al Horford,Boston Celtics,Florida,Dominican Republic United States,81.0,240.0,16.0,2021,"Back/Leg, Personal",6.0,2017236.0,16.7,.574,.466,.167,6.0,22.2,14.3,16.4,1.2,4.2,9.6,14.8,3.7,3.8,7.6,.181,1.4,2.9,4.3,3.2,.546,124,104,C,35,0.467,15.3,0.056,0.279,0.378,Boston Celtics,1.0,E,A,51.0,31.0,0.622,7.28,115.37,107.71,7.66,7.02,115.05,107.65,7.39,27000000,2007,1,3,82,76
42,Al Horford,Boston Celtics,Florida,Dominican Republic United States,81.0,240.0,16.0,2022,"Back/Knee, Rest",16.0,5025867.0,13.8,.631,.678,.044,4.2,17.7,11.1,13.2,0.8,2.7,7.0,11.9,3.6,2.7,6.3,.157,1.6,1.7,3.3,2.5,.627,133,112,C,36,0.476,18.8,0.023,0.378,0.488,Boston Celtics,1.0,E,A,57.0,25.0,0.695,6.52,118.98,112.28,6.7,6.38,119.04,112.48,6.56,26500000,2007,1,3,82,66
42,Al Horford,Boston Celtics,Florida,Dominican Republic United States,81.0,240.0,16.0,2023,"Illness/Injury Management, Rest",7.0,459768.0,14.0,.633,.642,.069,5.6,20.5,13.4,13.5,0.8,3.4,11.8,11.1,1.6,1.5,3.1,.164,1.3,2.5,3.8,1.3,.623,133,110,C,37,0.49,17.9,0.049,0.42,0.418,Boston Celtics,1.0,E,A,32.0,9.0,0.78,10.0,122.38,112.22,10.16,10.4,122.6,112.03,10.57,10000000,2007,1,3,41,34
14,Alec Burks,Detroit Pistons,Colorado,United States,77.0,214.0,12.0,2020,Knee/Ankle,15.0,1191784.0,14.8,.564,.492,.236,1.8,17.6,9.8,13.2,1.2,1.1,8.2,21.3,1.5,1.8,3.3,.126,0.9,0.6,1.5,1.1,.522,114,109,SG,29,0.42,16.8,0,0.301,0.473,New York Knicks,10.0,E,A,41.0,31.0,0.569,2.31,111.38,108.97,2.41,2.13,111.23,109.01,2.21,6000000,2011,1,12,72,57
14,Alec Burks,Detroit Pistons,Colorado,United States,77.0,214.0,12.0,2021,Personal,1.0,109610.0,13.7,.559,.534,.363,2.1,16.6,9.2,15.7,1.8,1.1,9.7,17.7,3.2,2.9,6.1,.126,-0.4,1.2,0.8,1.7,.499,117,110,SG,30,0.391,17.4,0.004,0.226,0.432,New York Knicks,17.0,E,A,37.0,45.0,0.451,-0.12,111.47,111.55,-0.08,-0.01,111.35,111.31,0.04,9536000,2011,1,12,82,81
14,Alec Burks,Detroit Pistons,Colorado,United States,77.0,214.0,12.0,2022,Foot,30.0,3337610.0,16.5,.602,.521,.410,1.8,14.2,7.8,15.9,1.6,0.6,9.7,22.8,1.9,0.6,2.5,.109,1.8,-0.5,1.2,0.9,.544,120,119,SG,31,0.436,17.7,0.002,0.213,0.49,Detroit Pistons,29.0,E,C,17.0,65.0,0.207,-8.22,111.35,119.68,-8.33,-7.73,111.69,119.52,-7.83,10012800,2011,1,12,82,52
14,Alec Burks,Detroit Pistons,Colorado,United States,77.0,214.0,12.0,2023,Forearm,6.0,663135.0,14.7,.574,.594,.324,2.4,10.2,6.2,9.9,1.1,1.1,6.3,23.9,0.9,0.1,1.1,.075,1.2,-2.2,-0.9,0.2,.511,118,123,SG,32,0.394,18.9,0,0.278,0.365,Detroit Pistons,29.0,E,C,4.0,37.0,0.098,-10.73,111.44,122.04,-10.6,-10.41,111.43,121.71,-10.27,10489600,2011,1,12,41,35
6,Alex Caruso,Chicago Bulls,Texas A&M,United States,77.0,186.0,6.0,2020,"Foot/Back/Head/Neck/Hand, Personal",14.0,640424.0,11.1,.547,.449,.249,2.9,12.8,7.9,18.1,2.6,1.1,18.3,14.8,0.3,2.1,2.4,.095,-2.5,2.5,0.0,0.6,.526,106,106,PG,26,0.436,14.8,0.039,0.409,0.393,Los Angeles Lakers,8.0,W,P,42.0,30.0,0.583,2.79,110.52,107.84,2.68,2.76,110.28,107.6,2.67,2750000,2016,0,0,72,58
6,Alex Caruso,Chicago Bulls,Texas A&M,United States,77.0,186.0,6.0,2021,Back/Wrist/Foot/Hamstring,35.0,3657450.0,11.7,.528,.492,.285,3.3,11.2,7.3,18.5,3.0,1.1,16.5,13.3,0.7,1.2,2.0,.082,-2.2,2.3,0.2,0.6,.480,110,112,SG,27,0.398,15.4,0.023,0.373,0.383,Chicago Bulls,20.0,E,C,46.0,36.0,0.561,-0.39,114.07,114.55,-0.48,-0.37,114.13,114.58,-0.45,8600000,2016,0,0,82,47
6,Alex Caruso,Chicago Bulls,Texas A&M,United States,77.0,186.0,6.0,2022,Injury Management/Foot/Illness/Ankle/Concussion/Back,15.0,1505013.0,11.5,.588,.528,.255,3.1,10.9,7.1,15.4,3.0,2.8,19.5,11.1,1.0,2.6,3.6,.109,-2.2,3.3,1.1,1.2,.551,115,109,PG,28,0.455,15,0.028,0.49,0.405,Chicago Bulls,13.0,E,C,40.0,42.0,0.488,1.29,114.52,113.16,1.36,1.37,114.55,113.1,1.44,9030000,2016,0,0,82,67
6,Alex Caruso,Chicago Bulls,Texas A&M,United States,77.0,186.0,6.0,2023,Neck/Ankle/Toe,7.0,706784.0,15.3,.638,.577,.221,4.2,11.3,7.7,14.6,2.6,3.6,14.5,15.5,1.2,1.2,2.4,.128,0.6,2.3,2.9,1.1,.615,122,113,SG,29,0.494,16.1,0.032,0.384,0.321,Chicago Bulls,24.0,E,C,20.0,23.0,0.465,-2.14,114.14,116.49,-2.35,-2.23,113.85,116.29,-2.44,9460000,2016,0,0,43,36
25,Alex Len,Sacramento Kings,Maryland,Ukraine,84.0,250.0,10.0,2021,"Back, Personal",6.0,235928.0,13.1,.577,.119,.358,9.0,19.3,14.1,10.6,1.0,3.5,17.4,17.1,0.4,0.5,0.9,.070,-3.2,0.3,-2.9,-0.1,.551,109,114,C,28,0.534,7,0.17,0.286,0.333,Sacramento Kings,25.0,W,P,30.0,52.0,0.366,-5.46,110.69,116.28,-5.59,-5.26,110.92,116.31,-5.38,3732000,2013,1,5,82,76
25,Alex Len,Sacramento Kings,Maryland,Ukraine,84.0,250.0,10.0,2022,Illness,6.0,270252.0,12.8,.580,.067,.533,17.2,25.4,21.3,9.3,1.2,6.0,30.2,14.1,0.1,0.2,0.3,.085,-4.9,0.9,-4.0,-0.1,.533,109,112,C,29,0.533,5.5,0.2,0,0,Sacramento Kings,8.0,W,P,48.0,34.0,0.585,2.65,119.97,117.48,2.49,2.3,119.86,117.72,2.14,3918600,2013,1,5,82,76
25,Alex Len,Sacramento Kings,Maryland,Ukraine,84.0,250.0,10.0,2023,Ankle,19.0,753170.0,15.5,.599,.069,.345,16.9,25.6,21.1,16.4,1.0,4.8,24.8,12.6,0.2,0.2,0.4,.129,-1.9,1.6,-0.3,0.1,.621,122,113,C,30,0.621,5.3,0.345,0.5,0,Sacramento Kings,15.0,W,P,23.0,18.0,0.561,0.27,117.83,117.81,0.02,0.5,117.81,117.54,0.27,3196448,2013,1,5,41,22
3,Andre Drummond,Chicago Bulls,UConn,United States,83.0,279.0,11.0,2020,"Rest, Personal",17.0,7877200.0,19.4,.519,.014,.358,14.8,35.2,24.9,13.2,2.5,3.5,15.8,27.6,-0.6,2.5,2.0,.077,-1.7,0.5,-1.2,0.3,.493,101,104,C,27,0.493,3.6,0.14,0,0,Cleveland Cavaliers,28.0,E,C,22.0,50.0,0.306,-8.44,106.85,115.65,-8.8,-8.19,106.96,115.51,-8.55,28751774,2012,1,9,72,55
3,Andre Drummond,Chicago Bulls,UConn,United States,83.0,279.0,11.0,2020,"Rest, Personal",17.0,7877200.0,19.4,.519,.014,.358,14.8,35.2,24.9,13.2,2.5,3.5,15.8,27.6,-0.6,2.5,2.0,.077,-1.7,0.5,-1.2,0.3,.493,101,104,C,27,0.493,3.6,0.14,0,0,Los Angeles Lakers,8.0,W,P,42.0,30.0,0.583,2.79,110.52,107.84,2.68,2.76,110.28,107.6,2.67,28751774,2012,1,9,72,55
3,Andre Drummond,Chicago Bulls,UConn,United States,83.0,279.0,11.0,2021,Illness/Knee/Ankle,3.0,96614.0,21.0,.574,.007,.379,18.0,34.1,26.2,13.7,2.7,4.2,18.5,19.0,2.0,3.1,5.1,.170,-0.1,1.4,1.3,1.2,.570,114,102,C,28,0.57,2.8,0.249,0,0,Philadelphia 76ers,9.0,E,A,51.0,31.0,0.622,2.61,114.39,111.8,2.59,2.57,114.42,111.86,2.56,2401537,2012,1,9,82,79
3,Andre Drummond,Chicago Bulls,UConn,United States,83.0,279.0,11.0,2021,Illness/Knee/Ankle,3.0,96614.0,21.0,.574,.007,.379,18.0,34.1,26.2,13.7,2.7,4.2,18.5,19.0,2.0,3.1,5.1,.170,-0.1,1.4,1.3,1.2,.570,114,102,C,28,0.57,2.8,0.249,0,0,Brooklyn Nets,15.0,E,A,44.0,38.0,0.537,0.78,114.69,113.93,0.76,0.82,114.84,114.03,0.81,2401537,2012,1,9,82,79
3,Andre Drummond,Chicago Bulls,UConn,United States,83.0,279.0,11.0,2022,"Shoulder, Personal",8.0,275865.0,20.8,.606,.011,.456,18.7,40.2,29.6,5.7,2.6,3.1,18.6,21.0,0.8,2.0,2.8,.159,-1.2,0.5,-0.8,0.3,.606,113,103,C,29,0.606,2.3,0.277,0.333,0,Chicago Bulls,13.0,E,C,40.0,42.0,0.488,1.29,114.52,113.16,1.36,1.37,114.55,113.1,1.44,3200000,2012,1,9,82,74
22,Andrew Wiggins,Golden State Warriors,Kansas,Canada,79.0,197.0,9.0,2020,Knee,1.0,404686.0,15.0,.568,.348,.225,3.7,11.8,7.8,10.9,1.3,2.6,9.8,23.3,1.2,2.7,3.9,.080,0.0,-0.4,-0.4,1.0,.543,107,111,PF,25,0.477,14.2,0.065,0.247,0.418,Golden State Warriors,14.0,W,P,39.0,33.0,0.542,1.06,111.74,110.65,1.09,1.1,111.61,110.47,1.14,29542010,2014,1,1,72,71
22,Andrew Wiggins,Golden State Warriors,Kansas,Canada,79.0,197.0,9.0,2021,"Back/Illness/Knee, Rest",6.0,2177892.0,15.0,.560,.392,.231,4.1,10.9,7.6,10.8,1.6,2.1,9.0,23.1,1.8,3.4,5.1,.105,0.3,0.1,0.4,1.4,.543,109,109,SF,26,0.466,14.9,0.051,0.261,0.442,Golden State Warriors,4.0,W,P,53.0,29.0,0.646,5.54,113.33,107.68,5.65,5.52,113.24,107.62,5.62,31579390,2014,1,1,82,76
22,Andrew Wiggins,Golden State Warriors,Kansas,Canada,79.0,197.0,9.0,2022,"Illness/Foot/Adductor, Personal",45.0,19126800.0,14.7,.564,.425,.136,5.7,11.3,8.6,10.5,1.8,2.1,7.9,21.5,1.0,1.3,2.3,.091,-0.1,-0.4,-0.5,0.5,.557,113,114,SF,27,0.473,15.4,0.055,0.2,0.356,Golden State Warriors,12.0,W,P,44.0,38.0,0.537,1.8,117.1,115.34,1.75,1.66,117.0,115.41,1.6,33616770,2014,1,1,82,37
22,Andrew Wiggins,Golden State Warriors,Kansas,Canada,79.0,197.0,9.0,2023,Illness/Finger,4.0,1258470.0,9.4,.495,.294,.235,7.3,9.9,8.6,8.0,0.6,1.4,10.6,21.4,-0.4,0.4,0.0,-0.001,-3.3,-2.5,-5.8,-0.9,.465,103,121,SF,28,0.422,12.8,0.043,0.148,0.353,Golden State Warriors,17.0,W,P,18.0,22.0,0.45,-1.0,118.28,119.24,-0.97,-0.13,118.91,119.0,-0.09,24330357,2014,1,1,40,36
1,Anfernee Simons,Portland Trail Blazers,IMG Academy (Florida),United States,75.0,193.0,5.0,2020,Illness/Hamstring,2.0,77125.0,12.3,.589,.703,.142,1.3,12.5,6.8,11.4,0.8,0.6,9.2,18.3,1.5,0.3,1.8,.078,0.6,-1.6,-1.0,0.3,.569,117,119,SG,21,0.419,20.7,0.01,0.152,0.535,Portland Trail Blazers,12.0,W,NW,42.0,30.0,0.583,1.79,118.28,116.58,1.7,1.8,118.42,116.68,1.73,2252040,2018,1,24,72,70
1,Anfernee Simons,Portland Trail Blazers,IMG Academy (Florida),United States,75.0,193.0,5.0,2021,"Quad/Ankle/Illness, Personal",24.0,1041302.0,15.3,.583,.555,.146,1.6,8.5,4.9,22.2,0.9,0.4,11.9,24.8,2.0,-0.1,1.9,.055,1.9,-2.7,-0.7,0.5,.555,112,121,SG,22,0.443,19,0.011,0.09,0.4,Portland Trail Blazers,30.0,W,NW,27.0,55.0,0.329,-8.88,108.8,117.93,-9.13,-8.55,109.03,117.84,-8.81,3938818,2018,1,24,82,58
1,Anfernee Simons,Portland Trail Blazers,IMG Academy (Florida),United States,75.0,193.0,5.0,2022,Foot/Ankle,19.0,4489940.0,14.8,.581,.538,.171,0.9,7.6,4.3,18.6,0.9,0.6,10.2,25.1,2.1,0.3,2.5,.054,1.3,-2.5,-1.1,0.5,.548,113,123,SG,23,0.447,17.9,0.029,0.107,0.4,Portland Trail Blazers,26.0,W,NW,33.0,49.0,0.402,-4.01,115.72,119.83,-4.11,-3.96,115.72,119.79,-4.07,22321429,2018,1,24,82,63
1,Anfernee Simons,Portland Trail Blazers,IMG Academy (Florida),United States,75.0,193.0,5.0,2023,Illness/Thumb,21.0,6373162.0,16.6,.557,.460,.253,1.5,11.0,5.9,26.0,0.8,0.3,10.1,29.3,0.7,0.2,0.9,.070,2.6,-2.4,0.2,0.3,.506,113,121,SG,24,0.418,16.8,0.02,0.08,0.231,Portland Trail Blazers,27.0,W,NW,11.0,29.0,0.275,-9.5,108.94,118.52,-9.57,-9.43,108.46,117.99,-9.52,24107143,2018,1,24,40,19
3,Anthony Davis,Los Angeles Lakers,Kentucky,United States,82.0,253.0,11.0,2020,Thigh/Calf/Achilles/Quad,36.0,17043760.0,22.1,.556,.163,.349,6.0,21.5,13.8,16.4,1.9,4.5,9.5,29.2,1.3,2.4,3.7,.152,2.6,2.2,4.8,2.0,.512,110,104,PF,27,0.491,11.7,0.098,0.16,0.625,Los Angeles Lakers,8.0,W,P,42.0,30.0,0.583,2.79,110.52,107.84,2.68,2.76,110.28,107.6,2.67,32742000,2012,1,1,72,36
3,Anthony Davis,Los Angeles Lakers,Kentucky,United States,82.0,253.0,11.0,2021,Ankle/Knee/Illness,42.0,17070984.0,23.9,.578,.101,.351,8.1,22.0,15.1,14.7,1.7,5.7,9.3,27.1,2.6,2.0,4.5,.155,2.6,1.2,3.8,2.0,.542,115,109,C,28,0.532,9.6,0.177,0.1,0.429,Los Angeles Lakers,22.0,W,P,33.0,49.0,0.402,-3.05,111.15,114.17,-3.02,-3.08,111.22,114.3,-3.07,35361360,2012,1,1,82,40
3,Anthony Davis,Los Angeles Lakers,Kentucky,United States,82.0,253.0,11.0,2022,Foot/Illness/Back,26.0,10695720.0,27.8,.627,.077,.462,11.3,27.6,19.7,13.0,1.5,5.1,9.5,28.4,5.5,3.4,9.0,.226,4.6,1.7,6.3,4.0,.573,124,108,C,29,0.563,8.2,0.156,0.149,0.364,Los Angeles Lakers,16.0,W,P,43.0,39.0,0.524,0.57,115.31,114.76,0.55,0.43,115.07,114.67,0.4,37980720,2012,1,1,82,56
3,Anthony Davis,Los Angeles Lakers,Kentucky,United States,82.0,253.0,11.0,2023,Adductor/Hip,2.0,1166670.0,25.5,.620,.063,.413,9.9,26.6,18.6,16.6,1.6,6.2,10.1,27.0,3.5,2.7,6.2,.205,3.3,2.0,5.4,2.7,.565,123,108,C,30,0.555,7.5,0.153,0.07,0,Los Angeles Lakers,19.0,W,P,21.0,21.0,0.5,-1.0,113.66,114.82,-1.16,-0.45,114.38,114.99,-0.61,40600080,2012,1,1,42,40
13,Bam Adebayo,Miami Heat,Kentucky,United States,81.0,255.0,6.0,2020,"Knee, Rest",6.0,490532.0,22.7,.626,.010,.443,7.7,22.6,15.3,26.9,1.7,3.2,15.0,23.7,5.6,3.2,8.8,.197,2.9,2.0,4.9,3.7,.571,122,108,C,23,0.57,7.6,0.188,0.125,0,Miami Heat,16.0,E,SE,40.0,32.0,0.556,0.03,112.12,111.98,0.13,-0.06,112.09,112.06,0.03,5115492,2017,1,14,72,66
13,Bam Adebayo,Miami Heat,Kentucky,United States,81.0,255.0,6.0,2021,Thumb/Knee,25.0,8560242.0,21.8,.608,.008,.466,8.7,26.1,17.5,17.5,2.2,2.6,14.4,25.0,3.6,3.5,7.2,.188,1.7,2.1,3.8,2.7,.557,117,104,C,24,0.557,7,0.181,0,0,Miami Heat,6.0,E,SE,53.0,29.0,0.646,4.45,114.83,110.21,4.62,4.23,114.61,110.21,4.4,28103500,2017,1,14,82,57
13,Bam Adebayo,Miami Heat,Kentucky,United States,81.0,255.0,6.0,2022,Quad/Hip/Wrist/Illness/Knee,7.0,2616540.0,20.1,.592,.011,.361,8.0,23.6,15.5,15.9,1.7,2.4,12.7,25.2,3.6,3.8,7.4,.137,0.8,0.8,1.5,2.3,.541,115,111,C,25,0.54,7.3,0.136,0,0,Miami Heat,21.0,E,SE,44.0,38.0,0.537,-0.32,113.99,114.4,-0.41,-0.13,114.1,114.32,-0.22,30351780,2017,1,14,82,75
13,Bam Adebayo,Miami Heat,Kentucky,United States,81.0,255.0,6.0,2023,Hip,10.0,4309211.0,20.1,.570,.018,.462,7.0,27.6,17.2,19.9,1.5,2.6,11.7,27.1,1.2,1.8,3.0,.133,0.7,1.3,2.0,1.1,.506,114,110,C,26,0.505,8.8,0.144,0,0,Miami Heat,18.0,E,SE,24.0,17.0,0.585,0.66,115.32,114.63,0.69,-0.3,114.9,115.22,-0.31,32600060,2017,1,14,41,31
10,Ben Simmons,Brooklyn Nets,LSU,Australia,82.0,240.0,7.0,2020,Back/Illness/Knee/Calf,12.0,4814130.0,18.3,.584,.017,.492,5.6,18.7,12.2,31.3,2.4,1.7,19.6,20.2,2.7,3.3,6.0,.153,0.7,2.2,2.9,2.3,.560,114,106,PG,24,0.557,4.3,0.153,0.3,0.333,Philadelphia 76ers,5.0,E,A,49.0,23.0,0.681,5.58,114.13,108.51,5.62,5.28,113.96,108.66,5.3,30559200,2016,1,1,72,60
10,Ben Simmons,Brooklyn Nets,LSU,Australia,82.0,240.0,7.0,2022,Back/Knee/Calf,40.0,15483328.0,13.4,.559,.009,.243,4.2,22.2,13.4,31.3,2.4,1.9,27.2,14.3,0.5,1.7,2.2,.097,-2.2,2.6,0.4,0.7,.566,110,110,PG,26,0.566,4.8,0.157,0,0,Brooklyn Nets,14.0,E,A,45.0,37.0,0.549,0.85,116.07,115.07,1.0,1.03,116.19,115.01,1.18,35448672,2016,1,1,82,42
10,Ben Simmons,Brooklyn Nets,LSU,Australia,82.0,240.0,7.0,2023,Back/Hip,34.0,16333350.0,12.8,.516,.000,.111,8.7,28.0,18.1,27.4,0.8,2.4,28.4,11.7,0.1,0.2,0.3,.074,-2.2,1.8,-0.3,0.1,.528,112,115,PG,27,0.528,3,0.167,0,0,Brooklyn Nets,23.0,E,A,16.0,24.0,0.4,-1.83,116.38,118.29,-1.91,-2.31,116.11,118.5,-2.39,37893408,2016,1,1,40,6
9,Bobby Portis,Milwaukee Bucks,Arkansas,United States,82.0,250.0,8.0,2020,Illness,1.0,49630.0,19.9,.598,.263,.122,9.9,25.3,17.9,7.4,1.8,1.7,8.2,20.9,2.8,2.0,4.8,.167,1.8,-0.4,1.5,1.2,.585,121,109,C,25,0.523,12.4,0.062,0.382,0.467,Milwaukee Bucks,4.0,E,C,46.0,26.0,0.639,5.89,117.68,112.03,5.65,5.57,117.67,112.34,5.33,3623000,2015,1,22,72,71
9,Bobby Portis,Milwaukee Bucks,Arkansas,United States,82.0,250.0,8.0,2021,Shoulder/Hamstring,6.0,249860.0,17.7,.571,.388,.130,9.6,24.4,17.2,6.4,1.3,2.4,8.9,21.3,2.9,2.6,5.5,.131,1.2,-1.0,0.2,1.1,.555,115,110,C,26,0.479,14.5,0.037,0.382,0.403,Milwaukee Bucks,8.0,E,C,51.0,31.0,0.622,3.35,115.86,112.56,3.31,3.22,115.86,112.67,3.18,4347600,2015,1,22,82,76
9,Bobby Portis,Milwaukee Bucks,Arkansas,United States,82.0,250.0,8.0,2022,Knee,11.0,1495632.0,17.8,.575,.320,.156,9.2,28.6,19.3,8.7,0.8,0.7,8.6,21.7,2.5,2.8,5.3,.139,1.2,-0.6,0.7,1.2,.555,117,110,PF,27,0.496,13.3,0.025,0.35,0.278,Milwaukee Bucks,5.0,E,C,58.0,24.0,0.707,3.63,116.13,112.64,3.49,3.61,116.12,112.64,3.48,10843350,2015,1,22,82,71
11,Bol Bol,Phoenix Suns,Oregon,United States,87.0,220.0,4.0,2021,Foot,33.0,894240.0,13.5,.565,.148,.185,5.7,21.4,13.8,9.1,0.6,2.2,12.0,18.0,0.0,0.1,0.1,.065,-0.5,-0.4,-1.0,0.0,.574,107,112,PF,22,0.556,10.6,0.222,0.25,0,Denver Nuggets,12.0,W,NW,48.0,34.0,0.585,2.3,115.21,112.88,2.33,2.16,115.25,113.08,2.17,2161152,2019,2,14,82,49
11,Bol Bol,Phoenix Suns,Oregon,United States,87.0,220.0,4.0,2023,Foot/Ankle,4.0,124430.0,22.4,.813,.217,.217,12.6,23.2,18.1,10.6,1.7,6.2,19.2,15.7,0.2,0.1,0.4,.210,2.9,2.0,4.9,0.2,.804,138,111,PF,24,0.739,10.4,0.043,0.6,0.667,Phoenix Suns,16.0,W,P,22.0,18.0,0.55,1.5,118.93,117.37,1.56,-0.05,118.9,118.92,-0.01,2165000,2019,2,14,40,36
3,Bradley Beal,Phoenix Suns,Florida,United States,76.0,207.0,11.0,2020,"Hamstring/Hip/Knee, Rest",10.0,3544740.0,22.7,.593,.270,.332,3.6,10.4,7.0,21.3,1.5,0.9,10.6,34.1,4.2,1.7,5.9,.132,4.8,-1.4,3.4,2.9,.532,114,115,SG,27,0.485,13.3,0.021,0.169,0.381,Washington Wizards,22.0,E,SE,34.0,38.0,0.472,-1.83,111.75,113.63,-1.88,-1.84,111.79,113.69,-1.91,28751774,2012,1,3,72,62
3,Bradley Beal,Phoenix Suns,Florida,United States,76.0,207.0,11.0,2021,"Wrist/Hip, Personal",36.0,14536275.0,17.5,.539,.272,.263,3.0,11.4,7.3,30.8,1.2,0.9,13.6,30.8,0.6,0.7,1.4,.046,2.0,-1.2,0.8,1.0,.492,106,117,SG,28,0.451,13.1,0.017,0.238,0.38,Washington Wizards,24.0,E,SE,35.0,47.0,0.427,-3.38,111.72,115.33,-3.61,-3.23,111.79,115.23,-3.43,33724200,2012,1,3,82,46
3,Bradley Beal,Phoenix Suns,Florida,United States,76.0,207.0,11.0,2022,Knee/Foot/Hamstring/Quad,27.0,13431474.0,19.7,.593,.249,.260,2.8,9.9,6.5,26.6,1.3,1.7,12.9,29.2,2.2,1.2,3.4,.099,2.9,-1.2,1.8,1.6,.551,114,117,SG,29,0.506,12.9,0.016,0.201,0.364,Washington Wizards,23.0,E,SE,35.0,47.0,0.427,-1.21,115.21,116.49,-1.28,-1.06,115.39,116.5,-1.12,43279250,2012,1,3,82,55
3,Bradley Beal,Phoenix Suns,Florida,United States,76.0,207.0,11.0,2023,Ankle/Back,24.0,14506020.0,15.1,.591,.288,.237,2.8,11.1,7.2,19.5,1.4,1.1,13.3,23.8,0.4,0.4,0.8,.076,-0.3,-1.5,-1.8,0.0,.564,113,119,SG,30,0.507,13.3,0.041,0.302,0.421,Phoenix Suns,16.0,W,P,22.0,18.0,0.55,1.5,118.93,117.37,1.56,-0.05,118.9,118.92,-0.01,46741590,2012,1,3,40,16
15,Brandon Clarke,Memphis Grizzlies,Gonzaga,Canada,80.0,215.0,4.0,2020,"Thigh/Hip/Calf, Personal",11.0,356560.0,17.3,.560,.156,.228,7.2,17.5,12.3,9.5,2.0,3.2,5.7,17.2,2.2,2.0,4.2,.142,0.4,1.2,1.5,1.3,.537,119,109,PF,24,0.517,8,0.145,0.597,0.261,Memphis Grizzlies,15.0,W,SW,38.0,34.0,0.528,1.03,112.77,111.77,1.0,1.07,112.69,111.63,1.06,2602920,2019,1,21,72,61
15,Brandon Clarke,Memphis Grizzlies,Gonzaga,Canada,80.0,215.0,4.0,2021,Thigh/Hip/Back/Knee,15.0,470160.0,23.7,.660,.049,.291,11.1,17.8,14.4,10.3,1.5,4.9,6.3,17.7,4.4,1.9,6.3,.241,3.1,1.1,4.2,2.0,.650,138,108,PF,25,0.644,5.4,0.181,0.682,0.2,Memphis Grizzlies,5.0,W,SW,56.0,26.0,0.683,5.68,115.5,109.94,5.56,5.37,115.38,110.14,5.24,2726880,2019,1,21,82,67
15,Brandon Clarke,Memphis Grizzlies,Gonzaga,Canada,80.0,215.0,4.0,2022,Achilles/Hip,26.0,1223285.0,20.0,.682,.017,.393,9.0,21.2,15.1,9.5,1.5,3.1,11.8,17.7,2.7,1.8,4.5,.199,0.8,1.8,2.5,1.3,.658,131,109,PF,26,0.656,5.1,0.158,1,0.167,Memphis Grizzlies,4.0,W,SW,51.0,31.0,0.622,3.94,116.01,112.07,3.93,3.6,115.68,112.09,3.59,4343919,2019,1,21,82,56
14,Brandon Ingram,New Orleans Pelicans,Duke,United States,80.0,190.0,7.0,2020,Ankle/Foot,11.0,3363912.0,19.2,.584,.341,.291,1.8,13.7,7.8,22.4,1.0,1.6,11.0,28.0,3.9,1.3,5.3,.120,3.3,-1.1,2.2,2.2,.531,115,116,SF,23,0.466,15.9,0.027,0.165,0.306,New Orleans Pelicans,18.0,W,SW,31.0,41.0,0.431,-0.29,114.47,114.78,-0.32,-0.2,114.52,114.73,-0.21,27285000,2016,1,2,72,61
14,Brandon Ingram,New Orleans Pelicans,Duke,United States,80.0,190.0,7.0,2021,Hamstring/Ankle/Achilles/Hip,27.0,8467750.0,18.7,.554,.230,.328,2.0,17.3,9.5,27.8,0.9,1.3,11.8,29.3,2.5,1.3,3.9,.099,2.6,-0.6,2.0,1.9,.498,111,115,SF,24,0.461,14.6,0.045,0.133,0.4,New Orleans Pelicans,21.0,W,SW,36.0,46.0,0.439,-0.99,112.84,113.82,-0.98,-0.84,112.93,113.77,-0.84,29467800,2016,1,2,82,55
14,Brandon Ingram,New Orleans Pelicans,Duke,United States,80.0,190.0,7.0,2022,Ankle/Toe/Concussion,37.0,13460600.0,19.2,.582,.196,.326,1.7,16.4,9.1,28.1,1.0,1.2,13.4,30.8,1.8,1.7,3.5,.108,2.2,-0.4,1.7,1.5,.522,112,114,SF,25,0.484,13.5,0.03,0.067,0.455,New Orleans Pelicans,11.0,W,SW,42.0,40.0,0.512,1.89,115.26,113.38,1.88,1.63,115.0,113.38,1.61,31650600,2016,1,2,82,45
14,Brandon Ingram,New Orleans Pelicans,Duke,United States,80.0,190.0,7.0,2023,Achilles/Knee,4.0,1361115.0,18.3,.580,.240,.310,2.0,13.8,8.0,25.9,1.3,1.3,11.6,27.3,1.8,1.4,3.2,.122,1.7,-0.5,1.2,1.0,.532,116,115,SF,26,0.489,14.5,0.031,0.134,0.45,New Orleans Pelicans,7.0,W,SW,25.0,17.0,0.595,4.83,119.33,114.33,5.0,4.75,119.52,114.63,4.89,33833400,2016,1,2,42,38
11,Brook Lopez,Milwaukee Bucks,Stanford,United States,85.0,282.0,15.0,2020,Back,1.0,173940.0,15.4,.611,.439,.222,6.0,13.0,9.6,3.5,1.0,4.8,8.3,16.9,3.1,2.2,5.3,.133,0.0,0.0,0.0,0.9,.577,121,111,C,32,0.503,14.2,0.111,0.27,0.408,Milwaukee Bucks,4.0,E,C,46.0,26.0,0.639,5.89,117.68,112.03,5.65,5.57,117.67,112.34,5.33,12697675,2008,1,10,72,71
11,Brook Lopez,Milwaukee Bucks,Stanford,United States,85.0,282.0,15.0,2021,Injury Management/Back,68.0,11085250.0,16.0,.570,.405,.176,6.9,11.9,9.4,3.0,1.3,4.8,7.8,21.9,0.3,0.3,0.7,.108,-0.7,-0.7,-1.3,0.1,.538,112,111,C,33,0.466,13.2,0.122,0.34,0.5,Milwaukee Bucks,8.0,E,C,51.0,31.0,0.622,3.35,115.86,112.56,3.31,3.22,115.86,112.67,3.18,13302325,2008,1,10,82,14
11,Brook Lopez,Milwaukee Bucks,Stanford,United States,85.0,282.0,15.0,2022,"Ankle, Rest",4.0,479550.0,18.4,.630,.405,.211,7.2,15.3,11.4,6.1,0.7,6.7,9.8,19.3,4.1,3.9,8.0,.161,0.8,1.3,2.1,2.5,.606,122,109,C,34,0.531,14,0.087,0.198,0.403,Milwaukee Bucks,5.0,E,C,58.0,24.0,0.707,3.63,116.13,112.64,3.49,3.61,116.12,112.64,3.48,13906976,2008,1,10,82,78
24,Bruno Fernando,Atlanta Hawks,Maryland,Angola,81.0,240.0,4.0,2021,Back,2.0,102450.0,21.2,.671,.036,.436,13.0,26.6,19.8,7.5,0.3,6.5,17.6,22.4,0.2,0.2,0.4,.139,-0.4,0.2,-0.1,0.1,.664,116,110,C,23,0.655,4,0.309,0.5,0,Boston Celtics,1.0,E,A,51.0,31.0,0.622,7.28,115.37,107.71,7.66,7.02,115.05,107.65,7.39,1782621,2019,2,4,82,80
24,Bruno Fernando,Atlanta Hawks,Maryland,Angola,81.0,240.0,4.0,2021,Back,2.0,102450.0,21.2,.671,.036,.436,13.0,26.6,19.8,7.5,0.3,6.5,17.6,22.4,0.2,0.2,0.4,.139,-0.4,0.2,-0.1,0.1,.664,116,110,C,23,0.655,4,0.309,0.5,0,Houston Rockets,29.0,W,SW,20.0,62.0,0.244,-8.48,109.28,117.77,-8.49,-8.26,109.47,117.75,-8.28,1782621,2019,2,4,82,80
24,Bruno Fernando,Atlanta Hawks,Maryland,Angola,81.0,240.0,4.0,2022,Illness/Knee,17.0,609063.0,16.6,.571,.036,.446,14.5,22.8,18.6,10.8,0.7,8.1,15.7,16.3,0.5,0.4,0.9,.109,-2.8,0.7,-2.0,0.0,.527,118,115,C,24,0.527,4.2,0.304,0.5,0,Houston Rockets,28.0,W,SW,22.0,60.0,0.268,-7.85,112.14,120.16,-8.02,-7.62,112.21,119.99,-7.78,2717391,2019,2,4,82,65
24,Bruno Fernando,Atlanta Hawks,Maryland,Angola,81.0,240.0,4.0,2022,Illness/Knee,17.0,609063.0,16.6,.571,.036,.446,14.5,22.8,18.6,10.8,0.7,8.1,15.7,16.3,0.5,0.4,0.9,.109,-2.8,0.7,-2.0,0.0,.527,118,115,C,24,0.527,4.2,0.304,0.5,0,Atlanta Hawks,17.0,E,SE,41.0,41.0,0.5,0.29,117.45,117.16,0.29,0.32,117.66,117.34,0.32,2717391,2019,2,4,82,65
7,Buddy Hield,Indiana Pacers,Oklahoma,Bahamas,76.0,220.0,7.0,2020,Illness,1.0,331532.0,12.8,.567,.727,.105,1.3,14.1,7.6,14.7,1.2,1.0,11.1,20.7,1.5,0.7,2.2,.044,1.0,-1.6,-0.6,0.9,.548,109,119,SG,28,0.406,21.2,0.009,0.136,0.469,Sacramento Kings,24.0,W,P,31.0,41.0,0.431,-3.68,114.4,118.0,-3.6,-3.45,114.59,117.94,-3.36,24931817,2016,1,6,72,71
7,Buddy Hield,Indiana Pacers,Oklahoma,Bahamas,76.0,220.0,7.0,2022,Illness,2.0,471788.0,15.4,.614,.652,.124,3.0,14.9,8.9,13.3,1.8,0.9,11.3,20.8,2.7,1.6,4.4,.085,2.5,-0.6,1.9,2.4,.596,115,118,SF,30,0.458,19.2,0.012,0.167,0.478,Indiana Pacers,25.0,E,C,35.0,47.0,0.427,-3.18,115.65,118.81,-3.16,-2.91,115.96,118.83,-2.87,21177750,2016,1,6,82,80
16,Caleb Martin,Miami Heat,Nevada,United States,77.0,205.0,4.0,2021,Calf/Knee/Achilles,11.0,36384.0,14.8,.611,.378,.227,5.9,13.0,9.5,7.0,2.1,2.3,10.3,16.3,1.9,2.1,4.0,.139,0.1,0.9,1.1,1.1,.585,119,108,SF,26,0.507,12.6,0.107,0.452,0.4,Miami Heat,6.0,E,SE,53.0,29.0,0.646,4.45,114.83,110.21,4.62,4.23,114.61,110.21,4.4,844011,2019,0,0,82,71
16,Caleb Martin,Miami Heat,Nevada,United States,77.0,205.0,4.0,2022,Knee/Quad/Ankle,10.0,781956.0,11.4,.571,.431,.206,4.8,15.0,9.7,8.2,1.7,1.5,11.5,14.4,1.2,2.5,3.7,.086,-1.8,0.5,-1.2,0.4,.540,113,113,SF,27,0.464,14.9,0.051,0.407,0.302,Miami Heat,21.0,E,SE,44.0,38.0,0.537,-0.32,113.99,114.4,-0.41,-0.13,114.1,114.32,-0.22,6479000,2019,0,0,82,72
16,Caleb Martin,Miami Heat,Nevada,United States,77.0,205.0,4.0,2023,Ankle/Knee,17.0,1368395.0,11.4,.534,.343,.208,4.8,15.7,10.2,12.7,1.5,0.9,11.3,18.4,0.1,0.8,0.8,.063,-2.3,-0.2,-2.5,-0.1,.507,107,114,SF,28,0.444,13.3,0.046,0.311,0.391,Miami Heat,18.0,E,SE,24.0,17.0,0.585,0.66,115.32,114.63,0.69,-0.3,114.9,115.22,-0.31,6802950,2019,0,0,41,24
5,Cam Reddish,Los Angeles Lakers,Duke,United States,79.0,217.0,4.0,2020,Achilles/Knee,46.0,2717526.0,9.3,.488,.479,.312,3.3,11.7,7.6,6.5,2.2,1.1,10.2,19.3,-0.3,0.7,0.4,.026,-3.3,0.1,-3.2,-0.2,.428,100,113,SF,21,0.365,15.1,0.053,0.27,0.324,Atlanta Hawks,11.0,E,SE,41.0,31.0,0.569,2.32,116.28,113.89,2.38,2.14,116.33,114.14,2.19,4458000,2019,1,10,72,26
5,Cam Reddish,Los Angeles Lakers,Duke,United States,79.0,217.0,4.0,2021,Shoulder/Ankle/Wrist,27.0,1422520.0,12.8,.543,.451,.275,2.7,8.6,5.7,7.0,2.3,1.4,11.1,22.2,0.2,0.8,1.0,.046,-1.0,-0.3,-1.3,0.2,.485,105,114,SF,22,0.404,15.7,0.042,0.283,0.442,Atlanta Hawks,14.0,E,SE,43.0,39.0,0.524,1.56,117.29,115.71,1.58,1.55,117.42,115.84,1.58,4670160,2019,1,10,82,55
5,Cam Reddish,Los Angeles Lakers,Duke,United States,79.0,217.0,4.0,2021,Shoulder/Ankle/Wrist,27.0,1422520.0,12.8,.543,.451,.275,2.7,8.6,5.7,7.0,2.3,1.4,11.1,22.2,0.2,0.8,1.0,.046,-1.0,-0.3,-1.3,0.2,.485,105,114,SF,22,0.404,15.7,0.042,0.283,0.442,New York Knicks,17.0,E,A,37.0,45.0,0.451,-0.12,111.47,111.55,-0.08,-0.01,111.35,111.31,0.04,4670160,2019,1,10,82,55
5,Cam Reddish,Los Angeles Lakers,Duke,United States,79.0,217.0,4.0,2022,Back/Groin,9.0,581757.0,10.6,.561,.462,.240,2.0,8.1,5.0,8.1,1.9,1.3,12.0,17.1,0.3,0.7,0.9,.046,-2.6,-0.8,-3.4,-0.4,.518,109,118,SF,23,0.446,13.5,0.038,0.333,0.354,New York Knicks,6.0,E,A,47.0,35.0,0.573,2.93,118.86,115.83,3.03,2.99,118.98,115.88,3.1,5954454,2019,1,10,82,73
5,Cam Reddish,Los Angeles Lakers,Duke,United States,79.0,217.0,4.0,2022,Back/Groin,9.0,581757.0,10.6,.561,.462,.240,2.0,8.1,5.0,8.1,1.9,1.3,12.0,17.1,0.3,0.7,0.9,.046,-2.6,-0.8,-3.4,-0.4,.518,109,118,SF,23,0.446,13.5,0.038,0.333,0.354,Portland Trail Blazers,26.0,W,NW,33.0,49.0,0.402,-4.01,115.72,119.83,-4.11,-3.96,115.72,119.79,-4.07,5954454,2019,1,10,82,73
5,Cam Reddish,Los Angeles Lakers,Duke,United States,79.0,217.0,4.0,2023,Knee/Groin,9.0,273746.0,8.0,.511,.464,.219,2.8,8.3,5.7,7.4,2.5,0.9,12.1,13.3,-0.3,0.9,0.6,.035,-4.3,1.0,-3.3,-0.3,.469,101,115,SF,24,0.391,13.8,0.057,0.539,0.375,Los Angeles Lakers,19.0,W,P,21.0,21.0,0.5,-1.0,113.66,114.82,-1.16,-0.45,114.38,114.99,-0.61,2165000,2019,1,10,42,33
2,Cameron Johnson,Brooklyn Nets,North Carolina,United States,80.0,210.0,4.0,2020,Wrist,6.0,290080.0,11.8,.563,.694,.122,2.6,12.9,7.9,8.0,1.3,1.0,7.3,17.0,1.2,1.4,2.6,.086,0.0,-0.2,-0.2,0.7,.541,112,113,PF,24,0.42,19.5,0.046,0.379,0.425,Phoenix Suns,3.0,W,P,51.0,21.0,0.708,5.82,118.01,112.14,5.87,5.67,117.96,112.22,5.74,4235160,2019,1,11,72,66
2,Cameron Johnson,Brooklyn Nets,North Carolina,United States,80.0,210.0,4.0,2021,Quad/Ankle,17.0,790500.0,15.2,.625,.644,.188,2.7,14.0,8.5,7.7,1.6,0.8,6.7,17.5,3.2,2.4,5.6,.156,2.0,0.7,2.7,2.1,.596,123,109,PF,25,0.46,18.6,0.035,0.368,0.465,Phoenix Suns,2.0,W,P,64.0,18.0,0.78,7.5,115.65,108.17,7.48,6.94,115.41,108.5,6.91,4437000,2019,1,11,82,65
2,Cameron Johnson,Brooklyn Nets,North Carolina,United States,80.0,210.0,4.0,2022,Knee/Injury Management,40.0,2605603.0,17.1,.617,.538,.253,3.2,14.0,8.6,9.6,2.0,1.0,6.6,20.6,2.1,1.4,3.5,.142,2.0,0.6,2.6,1.4,.579,122,114,PF,26,0.47,17,0.049,0.361,0.424,Phoenix Suns,9.0,W,P,45.0,37.0,0.549,2.07,116.05,113.94,2.12,2.08,115.97,113.86,2.11,5887899,2019,1,11,82,42
2,Cameron Johnson,Brooklyn Nets,North Carolina,United States,80.0,210.0,4.0,2022,Knee/Injury Management,40.0,2605603.0,17.1,.617,.538,.253,3.2,14.0,8.6,9.6,2.0,1.0,6.6,20.6,2.1,1.4,3.5,.142,2.0,0.6,2.6,1.4,.579,122,114,PF,26,0.47,17,0.049,0.361,0.424,Brooklyn Nets,14.0,E,A,45.0,37.0,0.549,0.85,116.07,115.07,1.0,1.03,116.19,115.01,1.18,5887899,2019,1,11,82,42
2,Cameron Johnson,Brooklyn Nets,North Carolina,United States,80.0,210.0,4.0,2023,Injury Management/Calf,8.0,2248880.0,14.5,.579,.546,.144,4.1,13.4,8.6,12.5,1.3,0.6,7.1,19.5,1.2,0.6,1.8,.095,1.0,-0.8,0.2,0.5,.564,119,119,PF,27,0.457,17.1,0.024,0.353,0.465,Brooklyn Nets,23.0,E,A,16.0,24.0,0.4,-1.83,116.38,118.29,-1.91,-2.31,116.11,118.5,-2.39,25679348,2019,1,11,40,32
15,Cameron Payne,Milwaukee Bucks,Murray State,United States,75.0,183.0,8.0,2020,Knee/Ankle,12.0,501017.0,17.4,.602,.420,.142,1.7,13.2,7.6,28.1,1.6,1.3,12.5,19.8,2.4,1.2,3.6,.158,2.1,1.0,3.1,1.4,.576,122,112,PG,26,0.484,15.1,0,0.133,0.455,Phoenix Suns,3.0,W,P,51.0,21.0,0.708,5.82,118.01,112.14,5.87,5.67,117.96,112.22,5.74,1977011,2015,1,14,72,60
15,Cameron Payne,Milwaukee Bucks,Murray State,United States,75.0,183.0,8.0,2021,Knee/Illness/Wrist/Hamstring,24.0,2129292.0,13.8,.500,.359,.152,2.1,12.3,7.3,30.7,1.5,1.2,14.1,24.6,0.2,1.8,1.9,.073,-0.4,0.4,0.0,0.7,.469,104,109,PG,27,0.409,13.8,0.002,0.085,0.222,Phoenix Suns,2.0,W,P,64.0,18.0,0.78,7.5,115.65,108.17,7.48,6.94,115.41,108.5,6.91,6500000,2015,1,14,82,58
15,Cameron Payne,Milwaukee Bucks,Murray State,United States,75.0,183.0,8.0,2022,Back/Foot,33.0,2241395.0,13.2,.512,.408,.141,1.3,11.0,6.1,32.6,1.7,0.7,14.4,24.8,0.0,1.0,1.1,.053,-0.5,-0.7,-1.2,0.2,.490,106,115,PG,28,0.415,15.8,0,0.097,0.333,Phoenix Suns,9.0,W,P,45.0,37.0,0.549,2.07,116.05,113.94,2.12,2.08,115.97,113.86,2.11,6000000,2015,1,14,82,49
15,Cameron Payne,Milwaukee Bucks,Murray State,United States,75.0,183.0,8.0,2023,Concussion,1.0,49854.0,12.5,.626,.597,.204,0.6,7.4,4.1,19.8,1.2,0.3,12.1,16.4,1.0,0.3,1.3,.105,-0.8,-1.0,-1.9,0.0,.591,125,121,PG,29,0.473,18.6,0,0.18,0.3,Milwaukee Bucks,10.0,E,C,28.0,13.0,0.683,3.93,121.93,118.08,3.85,3.11,121.31,118.27,3.04,9391467,2015,1,14,41,40
3,Caris LeVert,Cleveland Cavaliers,Michigan,United States,78.0,205.0,7.0,2020,Knee/Kidney,25.0,6215104.0,17.8,.531,.317,.221,2.5,13.1,7.8,25.4,2.1,1.7,10.2,28.7,0.9,1.5,2.4,.077,0.9,-0.5,0.4,0.9,.493,107,113,SG,26,0.441,13.4,0.021,0.143,0.297,Brooklyn Nets,7.0,E,A,48.0,24.0,0.667,4.5,118.91,114.4,4.52,4.24,119.0,114.76,4.24,16203704,2016,1,20,72,47
3,Caris LeVert,Cleveland Cavaliers,Michigan,United States,78.0,205.0,7.0,2020,Knee/Kidney,25.0,6215104.0,17.8,.531,.317,.221,2.5,13.1,7.8,25.4,2.1,1.7,10.2,28.7,0.9,1.5,2.4,.077,0.9,-0.5,0.4,0.9,.493,107,113,SG,26,0.441,13.4,0.021,0.143,0.297,Indiana Pacers,17.0,E,C,34.0,38.0,0.472,-0.04,112.98,112.96,0.02,-0.12,112.99,113.07,-0.08,16203704,2016,1,20,72,47
3,Caris LeVert,Cleveland Cavaliers,Michigan,United States,78.0,205.0,7.0,2021,Foot/Calf/Back,19.0,3419550.0,15.1,.525,.300,.226,2.7,10.7,6.7,22.0,1.4,1.1,10.3,25.4,1.2,1.0,2.2,.059,0.0,-1.2,-1.2,0.4,.492,108,116,SG,27,0.444,12.8,0.023,0.129,0.303,Indiana Pacers,23.0,E,C,25.0,57.0,0.305,-3.48,113.6,117.11,-3.51,-3.26,113.74,117.03,-3.28,17500000,2016,1,20,82,63
3,Caris LeVert,Cleveland Cavaliers,Michigan,United States,78.0,205.0,7.0,2021,Foot/Calf/Back,19.0,3419550.0,15.1,.525,.300,.226,2.7,10.7,6.7,22.0,1.4,1.1,10.3,25.4,1.2,1.0,2.2,.059,0.0,-1.2,-1.2,0.4,.492,108,116,SG,27,0.444,12.8,0.023,0.129,0.303,Cleveland Cavaliers,13.0,E,C,44.0,38.0,0.537,2.12,112.92,110.79,2.13,2.04,112.66,110.62,2.05,17500000,2016,1,20,82,63
3,Caris LeVert,Cleveland Cavaliers,Michigan,United States,78.0,205.0,7.0,2022,Knee/Hamstring/Ankle,8.0,1620375.0,12.4,.546,.437,.243,2.8,12.1,7.4,18.0,1.6,1.0,12.4,18.7,1.4,3.1,4.4,.095,-1.0,0.8,-0.2,1.0,.517,111,112,SG,28,0.431,14.5,0.042,0.228,0.405,Cleveland Cavaliers,2.0,E,C,51.0,31.0,0.622,5.38,117.31,111.69,5.62,5.23,117.31,111.84,5.47,18796296,2016,1,20,82,74
3,Caris LeVert,Cleveland Cavaliers,Michigan,United States,78.0,205.0,7.0,2023,Knee/Hamstring,8.0,1591506.0,14.8,.530,.418,.249,1.9,11.6,6.8,21.1,1.7,1.2,9.3,24.8,0.5,1.2,1.7,.092,-0.3,0.2,-0.1,0.4,.495,111,113,SG,29,0.423,14.2,0.033,0.176,0.323,Cleveland Cavaliers,9.0,E,C,24.0,15.0,0.615,3.31,115.84,112.55,3.29,3.07,115.36,112.31,3.06,15384616,2016,1,20,39,31
16,Cedi Osman,San Antonio Spurs,Anadolu Efes (Turkey),North Macedonia Turkey,79.0,230.0,6.0,2020,Ankle/Back,4.0,423868.0,10.3,.488,.553,.162,2.8,12.4,7.5,17.7,1.7,0.5,11.3,20.4,-0.5,1.0,0.5,.014,-2.3,-0.9,-3.2,-0.5,.458,100,116,SF,25,0.374,16.3,0.012,0.191,0.323,Cleveland Cavaliers,28.0,E,C,22.0,50.0,0.306,-8.44,106.85,115.65,-8.8,-8.19,106.96,115.51,-8.55,8840580,2015,2,1,72,68
16,Cedi Osman,San Antonio Spurs,Anadolu Efes (Turkey),North Macedonia Turkey,79.0,230.0,6.0,2021,Back,5.0,560916.0,13.3,.563,.628,.229,1.9,9.0,5.5,14.1,1.8,0.6,9.6,21.1,1.3,1.6,2.9,.094,-0.3,0.5,0.2,0.8,.544,111,112,SF,26,0.432,17.9,0.014,0.181,0.415,Cleveland Cavaliers,13.0,E,C,44.0,38.0,0.537,2.12,112.92,110.79,2.13,2.04,112.66,110.62,2.05,8133334,2015,2,1,82,77
16,Cedi Osman,San Antonio Spurs,Anadolu Efes (Turkey),North Macedonia Turkey,79.0,230.0,6.0,2022,Neck/Back,2.0,426790.0,12.0,.579,.589,.204,1.9,11.5,6.7,10.6,1.1,0.7,8.3,18.2,1.4,1.9,3.3,.103,-0.8,0.2,-0.7,0.5,.560,115,113,SF,27,0.451,16.7,0.013,0.253,0.43,Cleveland Cavaliers,2.0,E,C,51.0,31.0,0.622,5.38,117.31,111.69,5.62,5.23,117.31,111.84,5.47,7426088,2015,2,1,82,80
4,Chimezie Metu,Phoenix Suns,USC,United States Nigeria,82.0,225.0,5.0,2020,Back/Wrist,19.0,23975.0,14.5,.571,.207,.240,7.0,18.7,12.7,8.2,1.4,3.1,12.8,20.0,0.3,0.3,0.6,.061,-2.2,-1.3,-3.6,-0.2,.545,109,116,C,23,0.508,11,0.19,0.081,0.667,Sacramento Kings,24.0,W,P,31.0,41.0,0.431,-3.68,114.4,118.0,-3.6,-3.45,114.59,117.94,-3.36,910895,2018,2,19,72,53
4,Chimezie Metu,Phoenix Suns,USC,United States Nigeria,82.0,225.0,5.0,2021,Ankle,2.0,40524.0,13.4,.546,.414,.203,2.9,25.9,14.3,6.9,1.9,2.2,11.1,18.5,0.1,1.4,1.5,.056,-1.6,0.1,-1.5,0.2,.516,104,111,C,24,0.452,14,0.167,0.301,0.304,Sacramento Kings,25.0,W,P,30.0,52.0,0.366,-5.46,110.69,116.28,-5.59,-5.26,110.92,116.31,-5.38,1762796,2018,2,19,82,80
4,Chimezie Metu,Phoenix Suns,USC,United States Nigeria,82.0,225.0,5.0,2022,Ankle,1.0,21964.0,17.3,.639,.174,.333,7.8,24.9,16.4,8.1,1.5,2.7,11.3,17.6,1.2,0.8,2.1,.143,-0.3,0.2,-0.1,0.3,.610,124,113,PF,25,0.589,7.5,0.32,0.079,0,Sacramento Kings,8.0,W,P,48.0,34.0,0.585,2.65,119.97,117.48,2.49,2.3,119.86,117.72,2.14,1910860,2018,2,19,82,81
25,Chris Boucher,Toronto Raptors,Oregon,Saint Lucia Canada,81.0,200.0,6.0,2020,Knee,9.0,756857.0,21.9,.634,.420,.345,8.5,22.5,15.3,6.9,1.2,7.6,6.7,20.5,4.0,2.1,6.1,.201,2.7,0.6,3.3,2.0,.595,127,109,C,28,0.514,12.8,0.096,0.14,0.333,Toronto Raptors,19.0,E,A,27.0,45.0,0.375,-0.47,112.96,113.44,-0.48,-0.54,113.0,113.55,-0.56,6500000,2017,0,0,72,63
25,Chris Boucher,Toronto Raptors,Oregon,Saint Lucia Canada,81.0,200.0,6.0,2021,Back,1.0,121035.0,17.9,.570,.397,.334,10.9,21.3,15.8,2.2,1.4,4.3,6.0,17.8,3.5,2.4,6.0,.169,0.5,-0.4,0.1,0.9,.523,124,108,SF,29,0.464,12.1,0.128,0.275,0.429,Toronto Raptors,10.0,E,A,48.0,34.0,0.585,2.29,113.93,111.55,2.38,2.37,113.86,111.4,2.46,7020000,2017,0,0,82,81
25,Chris Boucher,Toronto Raptors,Oregon,Saint Lucia Canada,81.0,200.0,6.0,2022,Illness/Hamstring,4.0,656379.0,18.0,.590,.357,.318,10.9,21.2,15.7,2.7,1.5,4.1,6.4,18.0,3.0,2.0,5.0,.156,0.7,-0.8,-0.1,0.7,.552,125,112,PF,30,0.493,11.1,0.146,0.487,0.359,Toronto Raptors,10.0,E,A,41.0,41.0,0.5,1.48,116.37,114.86,1.51,1.59,116.55,114.91,1.63,12690000,2017,0,0,82,78
3,Chris Paul,Golden State Warriors,Wake Forest,United States,72.0,175.0,18.0,2020,"Hamstring, Rest",2.0,849840.0,21.4,.599,.294,.206,1.3,14.5,8.0,40.9,2.2,0.8,14.0,22.6,6.5,2.7,9.2,.201,3.5,1.1,4.6,3.6,.557,124,111,PG,35,0.499,16.9,0,0.097,0.4,Phoenix Suns,3.0,W,P,51.0,21.0,0.708,5.82,118.01,112.14,5.87,5.67,117.96,112.22,5.74,41358814,2005,1,4,72,70
3,Chris Paul,Golden State Warriors,Wake Forest,United States,72.0,175.0,18.0,2021,"Injury Management/Thumb, Rest",17.0,5133319.0,20.8,.581,.270,.274,1.1,12.8,7.1,44.5,2.7,0.8,15.6,19.7,5.8,3.6,9.4,.210,3.1,2.3,5.4,4.0,.536,124,107,PG,36,0.493,16.4,0,0.08,0.313,Phoenix Suns,2.0,W,P,64.0,18.0,0.78,7.5,115.65,108.17,7.48,6.94,115.41,108.5,6.91,30800000,2005,1,4,82,65
3,Chris Paul,Golden State Warriors,Wake Forest,United States,72.0,175.0,18.0,2022,"Hip/Heel, Rest",23.0,7181592.0,17.7,.555,.391,.240,1.6,13.4,7.4,38.7,2.4,1.0,13.4,19.2,3.7,2.5,6.2,.156,2.0,1.2,3.2,2.5,.513,122,112,PG,37,0.44,18,0,0.073,0.421,Phoenix Suns,9.0,W,P,45.0,37.0,0.549,2.07,116.05,113.94,2.12,2.08,115.97,113.86,2.11,28400000,2005,1,4,82,59
3,Chris Paul,Golden State Warriors,Wake Forest,United States,72.0,175.0,18.0,2023,Hand/Illness/Leg,8.0,4071253.0,14.4,.543,.486,.171,1.2,13.8,7.5,34.6,2.0,0.3,12.6,14.3,1.7,0.7,2.4,.129,0.0,0.8,0.8,0.6,.512,127,118,PG,38,0.424,19.6,0,0.16,0.316,Golden State Warriors,17.0,W,P,18.0,22.0,0.45,-1.0,118.28,119.24,-0.97,-0.13,118.91,119.0,-0.09,30800000,2005,1,4,40,32
35,Christian Wood,Los Angeles Lakers,UNLV,United States,80.0,214.0,7.0,2020,Ankle/Illness/Knee,31.0,5705600.0,20.0,.591,.322,.309,5.9,26.8,15.9,9.4,1.2,3.2,9.9,25.9,1.4,1.4,2.8,.100,1.7,-0.3,1.4,1.1,.574,111,112,C,25,0.514,12.3,0.158,0.155,0.406,Houston Rockets,27.0,W,SW,17.0,55.0,0.236,-7.9,107.85,115.69,-7.84,-7.5,107.93,115.35,-7.42,13015874,2015,0,0,72,41
35,Christian Wood,Los Angeles Lakers,UNLV,United States,80.0,214.0,7.0,2021,Hamstring/Illness/Knee,13.0,1885056.0,19.1,.595,.383,.378,5.7,30.4,18.0,12.2,1.2,2.8,11.0,23.3,2.9,2.0,4.9,.112,2.1,-0.4,1.6,1.9,.576,114,113,C,26,0.501,13,0.147,0.116,0.462,Houston Rockets,29.0,W,SW,20.0,62.0,0.244,-8.48,109.28,117.77,-8.49,-8.26,109.47,117.75,-8.28,13666667,2015,0,0,82,69
35,Christian Wood,Los Angeles Lakers,UNLV,United States,80.0,214.0,7.0,2022,"Foot/Thumb/Ankle/Illness/Knee, Rest",14.0,2139384.0,20.6,.624,.363,.365,5.8,27.4,16.4,11.7,0.9,3.7,11.9,26.4,2.7,2.1,4.8,.132,1.9,-0.3,1.7,1.6,.583,116,113,C,27,0.515,12.8,0.124,0.165,0.326,Dallas Mavericks,19.0,W,SW,38.0,44.0,0.463,0.07,117.63,117.56,0.06,-0.14,117.54,117.7,-0.16,14317459,2015,0,0,82,68
35,Christian Wood,Los Angeles Lakers,UNLV,United States,80.0,214.0,7.0,2023,Migraine/Illness,2.0,46722.0,12.0,.583,.453,.353,5.4,26.5,16.4,6.9,0.6,3.4,15.6,17.3,0.0,1.0,0.9,.063,-2.7,-0.3,-3.0,-0.2,.552,106,113,PF,28,0.478,14.3,0.1,0.253,0.391,Los Angeles Lakers,19.0,W,P,21.0,21.0,0.5,-1.0,113.66,114.82,-1.16,-0.45,114.38,114.99,-0.61,2709849,2015,0,0,42,40
15,Clint Capela,Atlanta Hawks,Chalon-Sur-Saone (France),Switzerland,82.0,256.0,9.0,2020,Achilles/Foot/Hand,8.0,2301369.0,24.3,.601,.000,.327,17.5,34.3,26.1,4.1,1.1,6.0,8.4,19.9,4.9,3.3,8.2,.207,2.7,0.0,2.7,2.2,.594,125,106,C,26,0.594,2.4,0.259,0,0,Atlanta Hawks,11.0,E,SE,41.0,31.0,0.569,2.32,116.28,113.89,2.38,2.14,116.33,114.14,2.19,18000000,2014,1,25,72,64
15,Clint Capela,Atlanta Hawks,Chalon-Sur-Saone (France),Switzerland,82.0,256.0,9.0,2021,Ankle,7.0,1179552.0,21.4,.604,.002,.280,15.0,31.9,23.5,6.6,1.3,4.1,6.1,15.5,5.6,2.7,8.3,.195,2.1,-0.1,2.0,2.1,.613,132,109,C,27,0.613,2.2,0.295,0,0,Atlanta Hawks,14.0,E,SE,43.0,39.0,0.524,1.56,117.29,115.71,1.58,1.55,117.42,115.84,1.58,17603448,2014,1,25,82,75
15,Clint Capela,Atlanta Hawks,Chalon-Sur-Saone (France),Switzerland,82.0,256.0,9.0,2022,Calf/Achilles/Mouth,16.0,3243747.0,22.1,.656,.002,.244,16.1,29.4,22.7,4.7,1.2,3.9,8.3,15.7,4.9,2.4,7.2,.201,2.3,-0.1,2.2,1.8,.653,136,112,C,28,0.653,2.1,0.287,0,0,Atlanta Hawks,17.0,E,SE,41.0,41.0,0.5,0.29,117.45,117.16,0.29,0.32,117.66,117.34,0.32,18206896,2014,1,25,82,66
15,Clint Capela,Atlanta Hawks,Chalon-Sur-Saone (France),Switzerland,82.0,256.0,9.0,2023,Achilles/Knee,2.0,473932.0,20.7,.604,.000,.326,19.0,24.0,21.5,5.5,1.2,5.5,8.7,16.1,2.5,1.0,3.5,.167,1.0,-0.9,0.1,0.5,.585,132,116,C,29,0.585,2.1,0.278,0,0,Atlanta Hawks,22.0,E,SE,17.0,23.0,0.425,-2.03,119.18,121.17,-1.99,-2.19,119.31,121.44,-2.13,20616000,2014,1,25,40,38
0,Coby White,Chicago Bulls,North Carolina,United States,77.0,195.0,4.0,2020,Neck,2.0,152676.0,12.0,.540,.503,.157,1.5,13.0,7.3,21.8,0.9,0.6,13.9,22.5,0.7,1.7,2.4,.052,-1.2,-1.2,-2.4,-0.2,.506,106,115,PG,20,0.416,16.6,0.008,0.163,0.473,Chicago Bulls,20.0,E,C,31.0,41.0,0.431,-0.89,111.9,112.81,-0.91,-0.94,111.9,112.87,-0.97,5572680,2019,1,7,72,70
0,Coby White,Chicago Bulls,North Carolina,United States,77.0,195.0,4.0,2021,Toe/Adductor/Ankle,16.0,1006500.0,12.6,.564,.548,.141,1.1,11.0,6.1,15.0,0.8,0.6,9.3,19.8,1.6,0.8,2.4,.067,-0.4,-1.7,-2.1,0.0,.539,111,117,PG,21,0.433,17.4,0.008,0.198,0.471,Chicago Bulls,20.0,E,C,46.0,36.0,0.561,-0.39,114.07,114.55,-0.48,-0.37,114.13,114.58,-0.45,5837760,2019,1,7,82,66
0,Coby White,Chicago Bulls,North Carolina,United States,77.0,195.0,4.0,2022,Quad,8.0,724353.0,12.5,.572,.579,.118,1.1,12.6,6.9,16.3,1.5,0.3,10.6,17.9,1.2,1.9,3.1,.087,-1.0,0.2,-0.8,0.5,.551,113,114,SG,22,0.443,17.8,0.008,0.148,0.412,Chicago Bulls,13.0,E,C,40.0,42.0,0.488,1.29,114.52,113.16,1.36,1.37,114.55,113.1,1.44,7413955,2019,1,7,82,74
11,Cody Martin,Charlotte Hornets,Nevada,United States,78.0,205.0,4.0,2020,Ankle,8.0,135161.0,10.6,.500,.309,.229,6.5,14.1,10.3,13.9,2.1,1.4,16.2,12.5,0.2,0.9,1.1,.061,-2.7,0.7,-2.0,0.0,.484,107,113,SF,25,0.441,11.2,0.085,0.586,0.265,Charlotte Hornets,23.0,E,SE,33.0,39.0,0.458,-1.93,111.62,113.69,-2.07,-1.94,111.66,113.75,-2.08,1517981,2019,2,6,72,64
11,Cody Martin,Charlotte Hornets,Nevada,United States,78.0,205.0,4.0,2021,Ankle/Illness,8.0,245880.0,12.7,.579,.376,.253,4.6,11.7,8.1,12.4,2.3,1.6,11.5,12.1,2.4,1.5,3.9,.101,-1.2,0.7,-0.5,0.7,.554,120,114,SF,26,0.482,12.1,0.092,0.597,0.379,Charlotte Hornets,16.0,E,SE,43.0,39.0,0.524,0.44,114.94,114.44,0.5,0.53,115.02,114.42,0.6,1782621,2019,2,6,82,74
11,Cody Martin,Charlotte Hornets,Nevada,United States,78.0,205.0,4.0,2022,Knee/Quad,75.0,6356340.0,8.7,.448,.389,.194,6.2,13.0,9.5,11.0,1.4,0.6,4.9,12.9,0.0,0.1,0.1,.045,-3.8,-0.8,-4.6,-0.1,.431,108,117,SF,27,0.389,13.3,0.083,0.429,0.5,Charlotte Hornets,27.0,E,SE,27.0,55.0,0.329,-6.24,109.86,116.14,-6.28,-5.89,110.04,115.96,-5.92,7000000,2019,2,6,82,7
11,Cody Martin,Charlotte Hornets,Nevada,United States,78.0,205.0,4.0,2023,Groin/Knee,29.0,2824120.0,9.5,.444,.449,.174,5.0,7.6,6.2,12.3,2.9,2.3,10.8,15.5,-0.2,0.1,0.0,-0.008,-4.2,0.6,-3.5,-0.1,.435,98,120,SF,28,0.362,15.1,0.029,0.516,0.375,Charlotte Hornets,30.0,E,SE,8.0,30.0,0.211,-11.97,110.66,122.96,-12.3,-11.82,110.57,122.69,-12.12,7560000,2019,2,6,38,9
40,Cody Zeller,New Orleans Pelicans,Indiana,United States,83.0,240.0,10.0,2020,Shoulder/Hip/Hand,19.0,5068176.0,18.2,.599,.086,.367,12.6,22.9,17.7,13.2,1.3,1.7,11.9,18.3,2.1,1.1,3.3,.156,-0.2,-0.2,-0.5,0.4,.565,123,112,C,28,0.559,4.9,0.173,0.179,0,Charlotte Hornets,23.0,E,SE,33.0,39.0,0.458,-1.93,111.62,113.69,-2.07,-1.94,111.66,113.75,-2.08,15415730,2013,1,4,72,53
40,Cody Zeller,New Orleans Pelicans,Indiana,United States,83.0,240.0,10.0,2021,Knee/Quad,21.0,631764.0,17.2,.627,.044,.544,14.9,24.1,19.3,9.4,1.1,1.7,14.6,15.9,0.9,0.2,1.1,.143,-1.2,-1.0,-2.1,0.0,.567,127,116,C,29,0.567,3.7,0.211,0.25,0,Portland Trail Blazers,30.0,W,NW,27.0,55.0,0.329,-8.88,108.8,117.93,-9.13,-8.55,109.03,117.84,-8.81,2389641,2013,1,4,82,61
40,Cody Zeller,New Orleans Pelicans,Indiana,United States,83.0,240.0,10.0,2022,Nose,6.0,64125.0,16.4,.659,.034,.593,13.0,21.8,17.3,7.2,0.7,1.9,15.8,18.1,0.4,0.3,0.7,.147,-2.0,-0.7,-2.8,0.0,.627,124,114,C,30,0.627,4.4,0.153,0.5,0,Miami Heat,21.0,E,SE,44.0,38.0,0.537,-0.32,113.99,114.4,-0.41,-0.13,114.1,114.32,-0.22,743922,2013,1,4,82,76
40,Cody Zeller,New Orleans Pelicans,Indiana,United States,83.0,240.0,10.0,2023,Ankle,2.0,551100.0,10.9,.464,.061,.673,14.9,19.8,17.4,15.0,0.8,1.2,14.8,12.6,0.3,0.3,0.5,.103,-3.2,-0.2,-3.4,-0.1,.398,118,115,C,31,0.388,4.3,0.122,0,0,New Orleans Pelicans,7.0,W,SW,25.0,17.0,0.595,4.83,119.33,114.33,5.0,4.75,119.52,114.63,4.89,3196448,2013,1,4,42,40
2,Collin Sexton,Utah Jazz,Alabama,United States,75.0,190.0,5.0,2020,Concussion/Groin/Hamstring/Ankle,10.0,786393.0,18.0,.573,.239,.347,3.0,7.0,4.9,22.6,1.4,0.4,11.6,29.7,2.6,0.9,3.5,.080,1.8,-1.9,-0.2,1.0,.519,111,118,SG,22,0.475,11.7,0.01,0.102,0.407,Cleveland Cavaliers,28.0,E,C,22.0,50.0,0.306,-8.44,106.85,115.65,-8.8,-8.19,106.96,115.51,-8.55,4991880,2018,1,8,72,62
2,Collin Sexton,Utah Jazz,Alabama,United States,75.0,190.0,5.0,2021,Knee,71.0,5510292.0,11.2,.523,.298,.258,4.6,7.9,6.3,11.9,1.6,0.0,15.6,27.9,-0.4,0.3,-0.1,-0.009,-3.5,-0.7,-4.1,-0.2,.487,96,113,SG,23,0.45,11.8,0.026,0.156,0.286,Cleveland Cavaliers,13.0,E,C,44.0,38.0,0.537,2.12,112.92,110.79,2.13,2.04,112.66,110.62,2.05,6349671,2018,1,8,82,11
2,Collin Sexton,Utah Jazz,Alabama,United States,75.0,190.0,5.0,2022,Hamstring/Injury Management/Leg,34.0,6353476.0,15.9,.616,.261,.425,3.5,6.3,5.0,17.9,1.1,0.4,13.3,23.4,2.0,0.5,2.5,.105,0.1,-1.5,-1.3,0.2,.558,119,120,PG,24,0.506,11.1,0.021,0.205,0.44,Utah Jazz,22.0,W,NW,37.0,45.0,0.451,-0.94,116.41,117.44,-1.02,-1.03,116.32,117.43,-1.11,16700000,2018,1,8,82,48
1,Cory Joseph,Golden State Warriors,Texas,Canada,74.0,200.0,12.0,2020,"Ankle/Illness, Rest",10.0,1553418.0,12.5,.556,.310,.207,2.7,9.7,6.1,21.4,2.0,1.1,14.5,16.3,1.3,0.8,2.1,.069,-1.8,0.0,-1.8,0.1,.522,112,116,PG,29,0.469,13,0,0.303,0.4,Sacramento Kings,24.0,W,P,31.0,41.0,0.431,-3.68,114.4,118.0,-3.6,-3.45,114.59,117.94,-3.36,12600000,2011,1,29,72,62
1,Cory Joseph,Golden State Warriors,Texas,Canada,74.0,200.0,12.0,2020,"Ankle/Illness, Rest",10.0,1553418.0,12.5,.556,.310,.207,2.7,9.7,6.1,21.4,2.0,1.1,14.5,16.3,1.3,0.8,2.1,.069,-1.8,0.0,-1.8,0.1,.522,112,116,PG,29,0.469,13,0,0.303,0.4,Detroit Pistons,25.0,E,C,20.0,52.0,0.278,-4.47,108.9,113.53,-4.63,-4.38,108.93,113.48,-4.55,12600000,2011,1,29,72,62
1,Cory Joseph,Golden State Warriors,Texas,Canada,74.0,200.0,12.0,2021,"Back/Knee, Rest",8.0,451488.0,11.4,.579,.393,.283,1.9,10.3,5.9,21.8,1.3,1.0,15.9,14.3,1.7,0.8,2.5,.075,-2.0,-0.1,-2.1,0.0,.526,115,116,PG,30,0.445,14.7,0.003,0.248,0.487,Detroit Pistons,26.0,E,C,23.0,59.0,0.28,-7.72,106.96,114.67,-7.71,-7.35,107.02,114.36,-7.34,7310000,2011,1,29,82,74
1,Cory Joseph,Golden State Warriors,Texas,Canada,74.0,200.0,12.0,2022,"Illness/Back/Knee/Hip, Personal",9.0,770342.0,12.1,.558,.513,.205,1.8,7.9,4.8,25.4,1.3,0.6,12.8,15.2,1.5,0.3,1.8,.070,-0.7,-0.8,-1.5,0.2,.527,119,122,PG,31,0.427,16.8,0,0.172,0.387,Detroit Pistons,29.0,E,C,17.0,65.0,0.207,-8.22,111.35,119.68,-8.33,-7.73,111.69,119.52,-7.83,5155500,2011,1,29,82,73
1,D'Angelo Russell,Los Angeles Lakers,Ohio State,United States,75.0,193.0,8.0,2020,"Leg/Quad, Rest",30.0,11773680.0,17.6,.555,.475,.229,1.4,8.9,5.0,33.6,1.8,1.3,13.5,29.1,1.0,0.6,1.6,.063,3.3,-1.7,1.6,1.1,.523,108,117,PG,24,0.431,17.9,0.002,0.084,0.538,Minnesota Timberwolves,26.0,W,NW,23.0,49.0,0.319,-5.56,110.18,115.55,-5.36,-5.25,110.26,115.31,-5.05,28649250,2015,1,2,72,42
1,D'Angelo Russell,Los Angeles Lakers,Ohio State,United States,75.0,193.0,8.0,2021,Hamstring/Shin/Ankle,12.0,4484766.0,16.3,.544,.531,.246,1.3,10.1,5.6,33.1,1.4,1.0,13.2,25.1,2.9,1.5,4.4,.101,2.2,-1.5,0.8,1.4,.502,112,115,PG,25,0.411,18.2,0.008,0.083,0.395,Minnesota Timberwolves,11.0,W,NW,46.0,36.0,0.561,2.63,115.15,112.6,2.54,2.53,115.23,112.79,2.44,30013500,2015,1,2,82,70
1,D'Angelo Russell,Los Angeles Lakers,Ohio State,United States,75.0,193.0,8.0,2022,Foot/Hip/Ankle/Illness/Knee,12.0,4327968.0,16.3,.605,.517,.228,1.7,8.5,5.2,27.4,1.4,1.1,15.1,22.7,3.1,1.9,5.1,.106,2.1,-0.7,1.5,2.0,.572,116,116,PG,26,0.469,17.6,0,0.102,0.4,Minnesota Timberwolves,20.0,W,NW,42.0,40.0,0.512,-0.04,114.52,114.5,0.02,-0.22,114.26,114.43,-0.18,31377750,2015,1,2,82,70
1,D'Angelo Russell,Los Angeles Lakers,Ohio State,United States,75.0,193.0,8.0,2022,Foot/Hip/Ankle/Illness/Knee,12.0,4327968.0,16.3,.605,.517,.228,1.7,8.5,5.2,27.4,1.4,1.1,15.1,22.7,3.1,1.9,5.1,.106,2.1,-0.7,1.5,2.0,.572,116,116,PG,26,0.469,17.6,0,0.102,0.4,Los Angeles Lakers,16.0,W,P,43.0,39.0,0.524,0.57,115.31,114.76,0.55,0.43,115.07,114.67,0.4,31377750,2015,1,2,82,70
1,D'Angelo Russell,Los Angeles Lakers,Ohio State,United States,75.0,193.0,8.0,2023,Tailbone/Migraine,4.0,994700.0,15.9,.583,.444,.165,1.2,8.8,5.2,30.4,1.3,1.5,12.6,22.7,1.2,1.0,2.2,.094,1.4,-0.5,0.9,0.8,.562,115,117,PG,27,0.473,16.3,0.002,0.127,0.481,Los Angeles Lakers,19.0,W,P,21.0,21.0,0.5,-1.0,113.66,114.82,-1.16,-0.45,114.38,114.99,-0.61,17307693,2015,1,2,42,38
30,Damian Jones,Cleveland Cavaliers,Vanderbilt,United States,82.0,245.0,7.0,2022,Toe,2.0,39627.0,12.9,.719,.198,.337,9.7,17.7,13.8,4.1,0.8,3.7,18.9,10.7,0.7,0.5,1.2,.119,-2.0,0.3,-1.7,0.0,.698,128,115,C,27,0.64,7.2,0.302,0.765,0.692,Los Angeles Lakers,16.0,W,P,43.0,39.0,0.524,0.57,115.31,114.76,0.55,0.43,115.07,114.67,0.4,2298385,2016,1,30,82,80
30,Damian Jones,Cleveland Cavaliers,Vanderbilt,United States,82.0,245.0,7.0,2022,Toe,2.0,39627.0,12.9,.719,.198,.337,9.7,17.7,13.8,4.1,0.8,3.7,18.9,10.7,0.7,0.5,1.2,.119,-2.0,0.3,-1.7,0.0,.698,128,115,C,27,0.64,7.2,0.302,0.765,0.692,Utah Jazz,22.0,W,NW,37.0,45.0,0.451,-0.94,116.41,117.44,-1.02,-1.03,116.32,117.43,-1.11,2298385,2016,1,30,82,80
0,Damian Lillard,Milwaukee Bucks,Weber State,United States,74.0,195.0,11.0,2020,"Hamstring/Abdominal, Rest",4.0,1299738.0,25.6,.623,.528,.363,1.4,11.5,6.3,34.6,1.3,0.6,11.6,31.4,9.6,0.8,10.4,.209,7.5,-1.3,6.3,5.0,.554,125,118,PG,30,0.451,17.9,0.015,0.038,0.185,Portland Trail Blazers,12.0,W,NW,42.0,30.0,0.583,1.79,118.28,116.58,1.7,1.8,118.42,116.68,1.73,31626953,2012,1,6,72,68
0,Damian Lillard,Milwaukee Bucks,Weber State,United States,74.0,195.0,11.0,2021,Abdominal,53.0,24873200.0,18.5,.550,.514,.328,1.3,11.6,6.2,34.0,0.8,1.0,11.6,29.3,1.7,0.1,1.7,.079,4.0,-2.7,1.3,0.9,.486,112,120,PG,31,0.402,17.9,0.005,0.056,0.375,Portland Trail Blazers,30.0,W,NW,27.0,55.0,0.329,-8.88,108.8,117.93,-9.13,-8.55,109.03,117.84,-8.81,39344900,2012,1,6,82,29
0,Damian Lillard,Milwaukee Bucks,Weber State,United States,74.0,195.0,11.0,2022,"Calf/Injury Management, Rest",24.0,10745240.0,26.7,.645,.547,.464,2.4,12.8,7.6,35.0,1.2,0.8,11.7,33.8,8.2,0.8,9.0,.205,8.3,-1.2,7.1,4.9,.564,126,121,PG,32,0.463,17.5,0.012,0.058,0.395,Portland Trail Blazers,26.0,W,NW,33.0,49.0,0.402,-4.01,115.72,119.83,-4.11,-3.96,115.72,119.79,-4.07,42492492,2012,1,6,82,58
0,Damian Lillard,Milwaukee Bucks,Weber State,United States,74.0,195.0,11.0,2023,"Calf, Personal",3.0,1836093.0,20.5,.602,.492,.451,1.8,11.2,6.7,26.9,1.4,0.4,10.6,28.0,3.6,0.8,4.4,.159,3.7,-1.5,2.2,1.4,.514,124,119,PG,33,0.427,16.7,0.012,0.071,0.217,Milwaukee Bucks,10.0,E,C,28.0,13.0,0.683,3.93,121.93,118.08,3.85,3.11,121.31,118.27,3.04,45640084,2012,1,6,41,38
10,Damion Lee,Phoenix Suns,Louisville,United States,78.0,210.0,6.0,2020,Toe,1.0,24148.0,11.8,.636,.708,.161,2.2,15.4,8.9,9.1,1.7,0.7,9.3,12.8,1.4,1.3,2.7,.119,-0.7,0.9,0.2,0.6,.608,121,111,SG,28,0.467,20.3,0.007,0.309,0.45,Golden State Warriors,14.0,W,P,39.0,33.0,0.542,1.06,111.74,110.65,1.09,1.1,111.61,110.47,1.14,1762796,2016,0,0,72,71
10,Damion Lee,Phoenix Suns,Louisville,United States,78.0,210.0,6.0,2021,"Hip/Shoulder, Personal",6.0,164730.0,10.9,.561,.488,.196,2.4,14.9,8.8,7.1,1.5,0.5,8.4,15.8,0.9,1.8,2.7,.102,-2.4,0.4,-2.0,0.0,.523,111,109,SG,29,0.441,16.4,0.005,0.396,0.324,Golden State Warriors,4.0,W,P,53.0,29.0,0.646,5.54,113.33,107.68,5.65,5.52,113.24,107.62,5.62,1910860,2016,0,0,82,76
21,Daniel Gafford,Washington Wizards,Arkansas,United States,82.0,234.0,4.0,2020,Ankle,6.0,114367.0,22.2,.697,.000,.480,12.9,18.6,15.8,5.3,1.5,8.1,13.1,16.7,2.1,1.3,3.5,.209,0.6,1.6,2.2,0.8,.684,131,107,C,22,0.684,3.2,0.338,0,0,Chicago Bulls,20.0,E,C,31.0,41.0,0.431,-0.89,111.9,112.81,-0.91,-0.94,111.9,112.87,-0.97,1517981,2019,2,8,72,66
21,Daniel Gafford,Washington Wizards,Arkansas,United States,82.0,234.0,4.0,2020,Ankle,6.0,114367.0,22.2,.697,.000,.480,12.9,18.6,15.8,5.3,1.5,8.1,13.1,16.7,2.1,1.3,3.5,.209,0.6,1.6,2.2,0.8,.684,131,107,C,22,0.684,3.2,0.338,0,0,Washington Wizards,22.0,E,SE,34.0,38.0,0.472,-1.83,111.75,113.63,-1.88,-1.84,111.79,113.69,-1.91,1517981,2019,2,8,72,66
21,Daniel Gafford,Washington Wizards,Arkansas,United States,82.0,234.0,4.0,2021,Neck/Thumb/Quad,4.0,81960.0,21.8,.708,.002,.372,12.1,19.0,15.6,7.3,1.0,5.8,12.0,16.7,4.4,1.6,6.0,.198,1.1,0.5,1.6,1.3,.693,134,111,C,23,0.693,2.9,0.438,0,0,Washington Wizards,24.0,E,SE,35.0,47.0,0.427,-3.38,111.72,115.33,-3.61,-3.23,111.79,115.23,-3.43,1782621,2019,2,8,82,78
21,Daniel Gafford,Washington Wizards,Arkansas,United States,82.0,234.0,4.0,2022,Ankle/Foot/Illness,4.0,110960.0,19.7,.739,.000,.473,11.7,18.0,15.0,7.5,1.0,5.2,15.1,15.2,4.2,1.9,6.1,.184,0.4,0.6,1.0,1.2,.732,135,113,C,24,0.732,3.2,0.362,0,0,Washington Wizards,23.0,E,SE,35.0,47.0,0.427,-1.21,115.21,116.49,-1.28,-1.06,115.39,116.5,-1.12,1930681,2019,2,8,82,78
21,Daniel Gafford,Washington Wizards,Arkansas,United States,82.0,234.0,4.0,2023,Hip/Ankle/Concussion,4.0,570208.0,19.1,.708,.000,.437,10.7,20.6,15.6,8.2,1.6,6.7,12.6,13.6,2.3,0.9,3.2,.164,-0.8,0.9,0.0,0.5,.685,137,116,C,25,0.685,3.1,0.342,0,0,Washington Wizards,28.0,E,SE,7.0,33.0,0.175,-9.65,112.45,121.95,-9.5,-9.86,111.77,121.49,-9.72,12402000,2019,2,8,40,36
10,Daniel Theis,Los Angeles Clippers,Ratiopharm Ulm (Germany),Germany,80.0,245.0,6.0,2020,Hip/Finger,6.0,308223.0,15.0,.609,.326,.236,6.5,18.3,12.4,9.5,1.2,3.3,11.4,15.6,2.4,1.8,4.3,.128,-0.7,0.7,0.0,0.8,.593,120,111,C,28,0.541,12.6,0.165,0.217,0.273,Boston Celtics,13.0,E,A,36.0,36.0,0.5,1.46,114.66,113.29,1.37,1.32,114.69,113.47,1.22,5000000,2013,0,0,72,66
10,Daniel Theis,Los Angeles Clippers,Ratiopharm Ulm (Germany),Germany,80.0,245.0,6.0,2020,Hip/Finger,6.0,308223.0,15.0,.609,.326,.236,6.5,18.3,12.4,9.5,1.2,3.3,11.4,15.6,2.4,1.8,4.3,.128,-0.7,0.7,0.0,0.8,.593,120,111,C,28,0.541,12.6,0.165,0.217,0.273,Chicago Bulls,20.0,E,C,31.0,41.0,0.431,-0.89,111.9,112.81,-0.91,-0.94,111.9,112.87,-0.97,5000000,2013,0,0,72,66
10,Daniel Theis,Los Angeles Clippers,Ratiopharm Ulm (Germany),Germany,80.0,245.0,6.0,2021,"Toe, Personal",3.0,333116.0,13.2,.595,.368,.247,6.6,18.8,12.7,6.3,1.0,2.9,12.5,16.2,0.9,1.0,1.9,.093,-1.9,-0.2,-2.1,0.0,.576,113,112,C,29,0.519,12.4,0.189,0.252,0.37,Houston Rockets,29.0,W,SW,20.0,62.0,0.244,-8.48,109.28,117.77,-8.49,-8.26,109.47,117.75,-8.28,8280351,2013,0,0,82,79
10,Daniel Theis,Los Angeles Clippers,Ratiopharm Ulm (Germany),Germany,80.0,245.0,6.0,2021,"Toe, Personal",3.0,333116.0,13.2,.595,.368,.247,6.6,18.8,12.7,6.3,1.0,2.9,12.5,16.2,0.9,1.0,1.9,.093,-1.9,-0.2,-2.1,0.0,.576,113,112,C,29,0.519,12.4,0.189,0.252,0.37,Boston Celtics,1.0,E,A,51.0,31.0,0.622,7.28,115.37,107.71,7.66,7.02,115.05,107.65,7.39,8280351,2013,0,0,82,79
10,Daniel Theis,Los Angeles Clippers,Ratiopharm Ulm (Germany),Germany,80.0,245.0,6.0,2022,Thumb/Injury Management/Knee,54.0,5396544.0,14.2,.497,.250,.273,7.1,15.2,11.2,12.2,0.9,4.7,5.7,20.1,0.0,0.1,0.1,.046,-0.9,-0.5,-1.4,0.0,.500,108,118,C,30,0.477,10.4,0.136,0.182,0.5,Indiana Pacers,25.0,E,C,35.0,47.0,0.427,-3.18,115.65,118.81,-3.16,-2.91,115.96,118.83,-2.87,8694369,2013,0,0,82,28
10,Daniel Theis,Los Angeles Clippers,Ratiopharm Ulm (Germany),Germany,80.0,245.0,6.0,2023,Personal,1.0,157041.0,14.5,.583,.193,.247,11.2,13.4,12.4,6.7,1.4,4.9,10.7,16.1,0.7,0.6,1.3,.126,-1.8,0.2,-1.6,0.0,.557,121,114,C,31,0.513,8.6,0.133,0.31,0.333,Indiana Pacers,11.0,E,C,24.0,17.0,0.585,2.22,122.99,120.8,2.19,2.01,122.9,120.91,1.99,9108387,2013,0,0,41,40
10,Daniel Theis,Los Angeles Clippers,Ratiopharm Ulm (Germany),Germany,80.0,245.0,6.0,2023,Personal,1.0,157041.0,14.5,.583,.193,.247,11.2,13.4,12.4,6.7,1.4,4.9,10.7,16.1,0.7,0.6,1.3,.126,-1.8,0.2,-1.6,0.0,.557,121,114,C,31,0.513,8.6,0.133,0.31,0.333,Los Angeles Clippers,5.0,W,P,26.0,14.0,0.65,5.63,121.37,115.67,5.7,5.51,121.46,115.87,5.59,9108387,2013,0,0,40,39
12,Danilo Gallinari,Detroit Pistons,AX Armani Exchange Milan (Italy),Italy,82.0,236.0,15.0,2020,Back/Foot/Ankle/Achilles,22.0,5609604.0,16.3,.613,.535,.366,1.6,17.0,9.5,9.2,1.2,0.7,7.2,21.2,2.7,1.0,3.7,.146,1.7,-0.6,1.1,1.0,.542,123,114,PF,32,0.434,19.4,0.017,0.094,0.333,Atlanta Hawks,11.0,E,SE,41.0,31.0,0.569,2.32,116.28,113.89,2.38,2.14,116.33,114.14,2.19,19500000,2008,1,6,72,50
12,Danilo Gallinari,Detroit Pistons,AX Armani Exchange Milan (Italy),Italy,82.0,236.0,15.0,2021,Knee/Elbow/Achilles/Hamstring/Ankle/Shoulder,10.0,2118096.0,14.3,.579,.492,.261,2.3,17.8,10.1,8.5,0.8,0.6,5.4,18.4,2.8,0.8,3.6,.105,1.0,-1.2,-0.2,0.8,.528,120,117,PF,33,0.434,18.4,0.032,0.116,0.471,Atlanta Hawks,14.0,E,SE,43.0,39.0,0.524,1.56,117.29,115.71,1.58,1.55,117.42,115.84,1.58,20475000,2008,1,6,82,72
12,Danilo Gallinari,Detroit Pistons,AX Armani Exchange Milan (Italy),Italy,82.0,236.0,15.0,2023,"Back, Rest",6.0,351873.0,13.4,.581,.489,.427,3.3,18.1,10.6,10.7,0.7,0.6,7.2,18.4,0.5,0.1,0.6,.071,-0.9,-1.9,-2.8,-0.1,.511,119,123,PF,35,0.435,18.3,0.046,0.031,0.5,Washington Wizards,28.0,E,SE,7.0,33.0,0.175,-9.65,112.45,121.95,-9.5,-9.86,111.77,121.49,-9.72,6802950,2008,1,6,40,34
10,Darius Garland,Cleveland Cavaliers,Vanderbilt,United States,73.0,192.0,4.0,2020,Ankle/Groin/Shoulder,18.0,1703184.0,14.2,.547,.332,.165,1.4,6.8,4.0,30.9,1.8,0.3,16.0,24.9,0.3,0.9,1.2,.033,0.0,-2.1,-2.1,-0.1,.517,105,117,PG,21,0.451,13.1,0.001,0.173,0.435,Cleveland Cavaliers,28.0,E,C,22.0,50.0,0.306,-8.44,106.85,115.65,-8.8,-8.19,106.96,115.51,-8.55,6720720,2019,1,5,72,54
10,Darius Garland,Cleveland Cavaliers,Vanderbilt,United States,73.0,192.0,4.0,2021,Back/Ankle,10.0,768835.0,19.0,.576,.387,.205,1.8,8.2,5.1,39.9,1.8,0.3,16.2,27.8,3.8,2.5,6.3,.125,3.4,-0.8,2.6,2.8,.536,112,112,PG,22,0.462,15.5,0.001,0.126,0.368,Cleveland Cavaliers,13.0,E,C,44.0,38.0,0.537,2.12,112.92,110.79,2.13,2.04,112.66,110.62,2.05,7040880,2019,1,5,82,72
10,Darius Garland,Cleveland Cavaliers,Vanderbilt,United States,73.0,192.0,4.0,2022,Hip/Quad/Thumb/Knee/Eye,13.0,1384263.0,18.8,.587,.365,.284,1.3,7.6,4.5,34.1,1.7,0.3,13.5,26.9,4.5,3.0,7.6,.148,3.2,-0.7,2.4,2.7,.537,118,113,PG,23,0.462,14.8,0.004,0.087,0.389,Cleveland Cavaliers,2.0,E,C,51.0,31.0,0.622,5.38,117.31,111.69,5.62,5.23,117.31,111.84,5.47,8920794,2019,1,5,82,69
10,Darius Garland,Cleveland Cavaliers,Vanderbilt,United States,73.0,192.0,4.0,2023,Face Jaw/Neck/Hamstring,19.0,8599008.0,15.7,.573,.324,.283,2.0,6.9,4.5,26.5,2.3,0.5,17.4,27.7,0.1,0.9,1.0,.070,0.5,-0.5,0.0,0.3,.526,108,113,PG,24,0.47,13.8,0,0.163,0.471,Cleveland Cavaliers,9.0,E,C,24.0,15.0,0.615,3.31,115.84,112.55,3.29,3.07,115.36,112.31,3.06,34005250,2019,1,5,39,20
5,De'Aaron Fox,Sacramento Kings,Kentucky,United States,75.0,185.0,6.0,2020,Knee,1.0,110954.0,20.7,.565,.288,.376,1.8,9.4,5.5,32.7,2.1,1.1,11.9,31.0,3.4,0.8,4.2,.098,3.1,-1.3,1.8,2.0,.523,113,118,PG,23,0.477,12.9,0.015,0.094,0.367,Sacramento Kings,24.0,W,P,31.0,41.0,0.431,-3.68,114.4,118.0,-3.6,-3.45,114.59,117.94,-3.36,8099627,2017,1,5,72,71
5,De'Aaron Fox,Sacramento Kings,Kentucky,United States,75.0,185.0,6.0,2021,Hand/Ankle,19.0,6622074.0,17.4,.549,.228,.319,1.3,10.9,6.0,26.8,1.6,1.0,11.9,29.1,1.5,1.0,2.5,.058,0.6,-1.2,-0.6,0.7,.506,107,117,PG,24,0.473,12.4,0.013,0.137,0.235,Sacramento Kings,25.0,W,P,30.0,52.0,0.366,-5.46,110.69,116.28,-5.59,-5.26,110.92,116.31,-5.38,28103500,2017,1,5,82,63
5,De'Aaron Fox,Sacramento Kings,Kentucky,United States,75.0,185.0,6.0,2022,"Ankle/Hamstring/Wrist/Foot/Knee, Personal",9.0,3488720.0,21.8,.599,.276,.331,1.9,12.4,7.2,29.6,1.6,0.8,10.6,30.1,5.5,1.8,7.4,.146,3.4,-0.9,2.5,2.7,.557,119,117,PG,25,0.512,13.5,0.033,0.128,0.255,Sacramento Kings,8.0,W,P,48.0,34.0,0.585,2.65,119.97,117.48,2.49,2.3,119.86,117.72,2.14,30351780,2017,1,5,82,73
5,De'Aaron Fox,Sacramento Kings,Kentucky,United States,75.0,185.0,6.0,2023,Shoulder/Ankle,6.0,2622998.0,20.6,.579,.388,.321,2.8,10.6,6.6,26.2,2.2,0.9,9.6,31.7,2.0,1.2,3.1,.121,3.4,-0.8,2.6,1.5,.545,116,117,PG,26,0.468,15,0.011,0.111,0.469,Sacramento Kings,15.0,W,P,23.0,18.0,0.561,0.27,117.83,117.81,0.02,0.5,117.81,117.54,0.27,32600060,2017,1,5,41,35
12,De'Andre Hunter,Atlanta Hawks,Virginia,United States,80.0,221.0,4.0,2020,Knee,48.0,4829420.0,15.7,.603,.383,.343,2.8,14.7,8.9,9.7,1.4,1.6,9.2,20.2,1.2,0.6,1.7,.123,0.6,0.6,1.2,0.5,.546,119,114,SF,23,0.484,14.8,0.044,0.326,0.29,Atlanta Hawks,11.0,E,SE,41.0,31.0,0.569,2.32,116.28,113.89,2.38,2.14,116.33,114.14,2.19,7422000,2019,1,4,72,24
12,De'Andre Hunter,Atlanta Hawks,Virginia,United States,80.0,221.0,4.0,2021,Knee/Wrist/Illness,29.0,2949276.0,10.6,.547,.339,.289,1.8,10.4,6.1,6.1,1.1,1.2,9.6,19.9,0.4,0.7,1.1,.034,-2.4,-1.5,-3.9,-0.8,.506,106,117,SF,24,0.442,13.9,0.043,0.405,0.405,Atlanta Hawks,14.0,E,SE,43.0,39.0,0.524,1.56,117.29,115.71,1.58,1.55,117.42,115.84,1.58,7775400,2019,1,4,82,53
12,De'Andre Hunter,Atlanta Hawks,Virginia,United States,80.0,221.0,4.0,2022,Knee/Illness/Ankle/Hip,15.0,1695840.0,11.5,.563,.348,.252,2.3,12.4,7.3,6.0,0.8,0.7,8.2,19.7,1.4,1.2,2.5,.057,-1.9,-1.4,-3.3,-0.7,.522,112,119,SF,25,0.461,14.4,0.044,0.406,0.397,Atlanta Hawks,17.0,E,SE,41.0,41.0,0.5,0.29,117.45,117.16,0.29,0.32,117.66,117.34,0.32,9835881,2019,1,4,82,67
12,De'Andre Hunter,Atlanta Hawks,Virginia,United States,80.0,221.0,4.0,2023,Knee/Quad,16.0,3925504.0,12.0,.601,.430,.283,2.2,12.8,7.3,6.2,1.3,1.1,11.0,18.8,0.7,0.3,0.9,.061,-1.5,-1.2,-2.7,-0.1,.547,116,122,SF,26,0.46,15.3,0.034,0.298,0.324,Atlanta Hawks,22.0,E,SE,17.0,23.0,0.425,-2.03,119.18,121.17,-1.99,-2.19,119.31,121.44,-2.13,20089286,2019,1,4,40,24
8,De'Anthony Melton,Philadelphia Sixers,USC,United States,75.0,200.0,5.0,2020,Leg/Shoulder,14.0,1573440.0,15.2,.568,.537,.130,3.0,13.4,8.2,17.5,2.7,2.7,13.7,19.5,0.7,1.5,2.2,.103,0.6,1.7,2.3,1.1,.548,110,109,PG,22,0.438,16.9,0.033,0.213,0.467,Memphis Grizzlies,15.0,W,SW,38.0,34.0,0.528,1.03,112.77,111.77,1.0,1.07,112.69,111.63,1.06,9571712,2018,2,16,72,58
8,De'Anthony Melton,Philadelphia Sixers,USC,United States,75.0,200.0,5.0,2021,Groin,3.0,303654.0,15.2,.529,.535,.173,4.0,17.1,10.4,16.0,3.0,2.1,13.0,21.3,0.9,2.8,3.7,.107,0.3,1.6,1.9,1.6,.504,108,107,SG,23,0.404,17.2,0.037,0.156,0.5,Memphis Grizzlies,5.0,W,SW,56.0,26.0,0.683,5.68,115.5,109.94,5.56,5.37,115.38,110.14,5.24,8805976,2018,2,16,82,79
8,De'Anthony Melton,Philadelphia Sixers,USC,United States,75.0,200.0,5.0,2022,Calf/Back,5.0,426726.0,12.7,.566,.619,.134,3.9,13.1,8.6,12.9,2.9,1.8,12.9,16.4,1.1,3.1,4.2,.095,-0.7,1.6,0.9,1.6,.546,111,111,SG,24,0.425,17.8,0.011,0.241,0.371,Philadelphia 76ers,3.0,E,A,54.0,28.0,0.659,4.32,118.87,114.51,4.35,4.37,118.98,114.56,4.42,8250000,2018,2,16,82,77
8,De'Anthony Melton,Philadelphia Sixers,USC,United States,75.0,200.0,5.0,2023,Back/Thigh,6.0,735632.0,13.1,.540,.588,.229,3.1,11.9,7.6,14.7,2.7,1.4,9.5,17.7,0.7,1.4,2.1,.107,-0.7,1.2,0.6,0.6,.500,114,112,SG,25,0.393,17.4,0.03,0.181,0.343,Philadelphia 76ers,3.0,E,A,26.0,13.0,0.667,8.05,121.15,113.02,8.12,7.47,120.72,113.17,7.55,8000000,2018,2,16,39,33
6,DeAndre Jordan,Denver Nuggets,Texas A&M,United States,83.0,265.0,15.0,2020,Illness,1.0,142132.0,17.1,.736,.004,.369,10.9,26.1,18.9,10.1,0.7,4.6,22.7,13.1,2.4,1.5,3.9,.152,0.1,1.0,1.0,0.9,.763,127,111,C,32,0.763,1.7,0.61,0,0,Brooklyn Nets,7.0,E,A,48.0,24.0,0.667,4.5,118.91,114.4,4.52,4.24,119.0,114.76,4.24,10375678,2008,2,5,72,71
11,DeMar DeRozan,Chicago Bulls,USC,United States,78.0,220.0,14.0,2020,"Quad, Rest, Personal",12.0,3420000.0,22.0,.591,.080,.478,2.0,11.6,6.7,32.0,1.3,0.6,9.7,26.1,5.9,1.5,7.4,.172,3.2,-0.1,3.1,2.6,.505,122,115,PF,31,0.495,11,0.021,0.324,0.292,San Antonio Spurs,21.0,W,SW,33.0,39.0,0.458,-1.74,111.61,113.35,-1.74,-1.58,111.59,113.17,-1.57,27739975,2009,1,9,72,60
11,DeMar DeRozan,Chicago Bulls,USC,United States,78.0,220.0,14.0,2021,"Adductor, Rest",3.0,597700.0,23.1,.590,.093,.386,2.3,13.7,8.0,23.3,1.2,0.8,9.2,31.8,7.0,1.8,8.8,.154,3.4,-0.9,2.5,3.1,.521,117,115,PF,32,0.504,13,0.026,0.387,0.327,Chicago Bulls,20.0,E,C,46.0,36.0,0.561,-0.39,114.07,114.55,-0.48,-0.37,114.13,114.58,-0.45,26000000,2009,1,9,82,79
11,DeMar DeRozan,Chicago Bulls,USC,United States,78.0,220.0,14.0,2022,"Quad/Thigh/Hip, Rest",8.0,2510352.0,20.6,.592,.109,.401,1.5,12.8,7.2,22.3,1.5,1.3,9.1,27.8,5.4,3.2,8.5,.153,1.7,0.3,2.0,2.6,.522,119,113,SF,33,0.504,13.7,0.023,0.31,0.318,Chicago Bulls,13.0,E,C,40.0,42.0,0.488,1.29,114.52,113.16,1.36,1.37,114.55,113.1,1.44,27300000,2009,1,9,82,74
11,DeMar DeRozan,Chicago Bulls,USC,United States,78.0,220.0,14.0,2023,"Ankle, Personal",2.0,657472.0,18.4,.564,.172,.399,1.6,10.6,6.0,22.4,1.5,1.8,6.9,24.9,2.9,1.3,4.2,.134,1.3,0.0,1.3,1.3,.493,120,117,SF,34,0.464,13.5,0.021,0.35,0.463,Chicago Bulls,24.0,E,C,20.0,23.0,0.465,-2.14,114.14,116.49,-2.35,-2.23,113.85,116.29,-2.44,28600000,2009,1,9,43,41
32,Dean Wade,Cleveland Cavaliers,Kansas State,United States,81.0,228.0,4.0,2021,Knee/Calf/Ankle,22.0,420045.0,10.1,.584,.654,.138,3.6,13.1,8.5,7.3,1.5,0.6,6.5,11.1,1.1,1.1,2.3,.111,-1.9,1.3,-0.6,0.4,.574,122,111,PF,25,0.456,18.3,0.065,0.268,0.211,Cleveland Cavaliers,13.0,E,C,44.0,38.0,0.537,2.12,112.92,110.79,2.13,2.04,112.66,110.62,2.05,1782621,2019,0,0,82,60
32,Dean Wade,Cleveland Cavaliers,Kansas State,United States,81.0,228.0,4.0,2022,Illness/Shoulder/Knee,32.0,721240.0,8.5,.550,.718,.130,2.6,17.2,9.9,5.4,1.6,2.2,8.3,10.2,0.4,1.4,1.8,.097,-2.9,2.1,-0.7,0.3,.540,113,110,PF,26,0.412,19,0.04,0.409,0.404,Cleveland Cavaliers,2.0,E,C,51.0,31.0,0.622,5.38,117.31,111.69,5.62,5.23,117.31,111.84,5.47,1930681,2019,0,0,82,50
32,Dean Wade,Cleveland Cavaliers,Kansas State,United States,81.0,228.0,4.0,2023,Ankle/Illness,7.0,525040.0,9.5,.569,.852,.134,4.8,17.9,11.5,5.4,2.1,1.0,9.6,10.2,0.5,1.1,1.6,.111,-2.7,2.0,-0.6,0.2,.549,118,110,PF,27,0.394,22.4,0.028,0.339,0.463,Cleveland Cavaliers,9.0,E,C,24.0,15.0,0.615,3.31,115.84,112.55,3.29,3.07,115.36,112.31,3.06,5709877,2019,0,0,39,32
2,Deandre Ayton,Portland Trail Blazers,Arizona,Bahamas,84.0,247.0,5.0,2020,Knee,3.0,274472.0,20.3,.653,.029,.252,12.4,26.3,19.5,6.8,1.0,3.4,11.9,18.2,5.3,3.1,8.4,.191,1.1,0.1,1.2,1.7,.629,127,109,C,22,0.626,5.5,0.166,0,0,Phoenix Suns,3.0,W,P,51.0,21.0,0.708,5.82,118.01,112.14,5.87,5.67,117.96,112.22,5.74,10018200,2018,1,1,72,69
2,Deandre Ayton,Portland Trail Blazers,Arizona,Bahamas,84.0,247.0,5.0,2021,"Ankle/Illness/Leg, Rest",18.0,2468502.0,21.9,.656,.027,.204,9.6,27.1,18.6,7.6,1.1,2.1,10.7,21.4,4.1,3.1,7.3,.203,2.2,0.6,2.8,2.1,.639,124,105,C,23,0.634,7,0.145,0,0,Phoenix Suns,2.0,W,P,64.0,18.0,0.78,7.5,115.65,108.17,7.48,6.94,115.41,108.5,6.91,12632950,2018,1,1,82,64
2,Deandre Ayton,Portland Trail Blazers,Arizona,Bahamas,84.0,247.0,5.0,2022,"Hip/Illness/Ankle, Rest",15.0,4796955.0,19.9,.617,.027,.225,9.2,27.5,18.1,9.2,0.9,2.3,11.0,22.9,3.3,3.0,6.2,.147,0.9,0.0,0.9,1.5,.592,119,111,C,24,0.589,7.7,0.131,0,0,Phoenix Suns,9.0,W,P,45.0,37.0,0.549,2.07,116.05,113.94,2.12,2.08,115.97,113.86,2.11,30913750,2018,1,1,82,67
2,Deandre Ayton,Portland Trail Blazers,Arizona,Bahamas,84.0,247.0,5.0,2023,"Knee/Back, Personal",16.0,6529180.0,15.7,.567,.000,.138,11.2,28.1,19.0,8.1,1.8,1.9,15.3,18.1,0.2,0.9,1.2,.074,-2.0,-0.2,-2.2,0.0,.548,110,114,C,25,0.548,8,0.107,0,0,Portland Trail Blazers,27.0,W,NW,11.0,29.0,0.275,-9.5,108.94,118.52,-9.57,-9.43,108.46,117.99,-9.52,32459438,2018,1,1,40,24
5,Dejounte Murray,Atlanta Hawks,Washington,United States,77.0,180.0,7.0,2020,"Back/Knee/Foot, Rest",5.0,587094.0,16.5,.509,.204,.138,2.8,21.1,11.8,25.9,2.3,0.3,10.2,23.4,0.7,2.6,3.3,.074,-0.2,1.0,0.8,1.5,.485,106,111,PG,24,0.453,12.6,0.013,0.206,0.293,San Antonio Spurs,21.0,W,SW,33.0,39.0,0.458,-1.74,111.61,113.35,-1.74,-1.58,111.59,113.17,-1.57,14286000,2016,1,29,72,67
5,Dejounte Murray,Atlanta Hawks,Washington,United States,77.0,180.0,7.0,2021,Illness/Calf/Knee/Wrist,9.0,1418752.0,22.3,.533,.237,.199,3.5,21.6,12.5,40.6,2.8,0.8,11.8,27.3,3.9,3.4,7.3,.149,3.7,1.7,5.4,4.4,.500,113,108,PG,25,0.462,12.7,0.019,0.17,0.28,San Antonio Spurs,19.0,W,SW,34.0,48.0,0.415,0.12,113.04,113.0,0.03,0.02,113.09,113.16,-0.07,15428880,2016,1,29,82,73
5,Dejounte Murray,Atlanta Hawks,Washington,United States,77.0,180.0,7.0,2022,Ankle/Illness,8.0,1428540.0,17.0,.540,.293,.144,2.1,13.8,7.9,24.0,2.0,0.6,10.2,24.4,2.4,2.3,4.7,.084,1.1,0.0,1.0,2.1,.514,112,116,SG,26,0.464,14.3,0.016,0.222,0.442,Atlanta Hawks,17.0,E,SE,41.0,41.0,0.5,0.29,117.45,117.16,0.29,0.32,117.66,117.34,0.32,17071120,2016,1,29,82,74
5,Dejounte Murray,Atlanta Hawks,Washington,United States,77.0,180.0,7.0,2023,Hamstring,1.0,7635375.0,16.7,.566,.349,.174,2.1,13.3,7.5,21.1,1.8,0.7,10.6,24.5,1.7,0.7,2.3,.080,1.3,-0.9,0.4,0.8,.538,115,121,SG,27,0.471,14.3,0.012,0.254,0.361,Atlanta Hawks,22.0,E,SE,17.0,23.0,0.425,-2.03,119.18,121.17,-1.99,-2.19,119.31,121.44,-2.13,18214000,2016,1,29,40,39
55,Delon Wright,Washington Wizards,Utah,United States,77.0,185.0,8.0,2020,Groin,7.0,1109592.0,16.3,.562,.332,.243,4.1,13.1,8.6,23.0,2.8,1.5,12.6,16.3,2.5,1.8,4.3,.117,0.6,1.5,2.2,1.8,.525,118,113,PG,28,0.463,11.5,0.01,0.198,0.353,Detroit Pistons,25.0,E,C,20.0,52.0,0.278,-4.47,108.9,113.53,-4.63,-4.38,108.93,113.48,-4.55,9000000,2015,1,20,72,65
55,Delon Wright,Washington Wizards,Utah,United States,77.0,185.0,8.0,2020,Groin,7.0,1109592.0,16.3,.562,.332,.243,4.1,13.1,8.6,23.0,2.8,1.5,12.6,16.3,2.5,1.8,4.3,.117,0.6,1.5,2.2,1.8,.525,118,113,PG,28,0.463,11.5,0.01,0.198,0.353,Sacramento Kings,24.0,W,P,31.0,41.0,0.431,-3.68,114.4,118.0,-3.6,-3.45,114.59,117.94,-3.36,9000000,2015,1,20,72,65
55,Delon Wright,Washington Wizards,Utah,United States,77.0,185.0,8.0,2022,Knee/Illness/Hamstring,32.0,2691360.0,16.3,.581,.409,.206,5.5,10.7,8.2,20.9,3.7,1.2,12.2,12.9,2.1,1.6,3.7,.146,0.4,3.1,3.4,1.7,.545,127,112,PG,30,0.474,14.4,0.014,0.244,0.345,Washington Wizards,23.0,E,SE,35.0,47.0,0.427,-1.21,115.21,116.49,-1.28,-1.06,115.39,116.5,-1.12,7804878,2015,1,20,82,50
55,Delon Wright,Washington Wizards,Utah,United States,77.0,185.0,8.0,2023,"Knee, Rest",21.0,2119410.0,13.5,.484,.349,.301,2.6,11.2,6.8,23.9,3.8,1.0,9.6,13.7,0.2,0.3,0.5,.074,-2.7,1.9,-0.7,0.1,.428,115,118,PG,31,0.361,13.5,0,0.138,0.25,Washington Wizards,28.0,E,SE,7.0,33.0,0.175,-9.65,112.45,121.95,-9.5,-9.86,111.77,121.49,-9.72,8195122,2015,1,20,40,19
23,Derrick Rose,Memphis Grizzlies,Memphis,United States,75.0,200.0,15.0,2020,Rest,2.0,105246.0,18.3,.550,.211,.208,1.7,9.3,5.5,28.0,1.9,1.4,10.5,25.8,1.6,1.6,3.1,.118,1.6,0.3,1.9,1.3,.511,112,111,PG,32,0.47,12.2,0,0.147,0.316,Detroit Pistons,25.0,E,C,20.0,52.0,0.278,-4.47,108.9,113.53,-4.63,-4.38,108.93,113.48,-4.55,7682926,2008,1,1,72,70
23,Derrick Rose,Memphis Grizzlies,Memphis,United States,75.0,200.0,15.0,2020,Rest,2.0,105246.0,18.3,.550,.211,.208,1.7,9.3,5.5,28.0,1.9,1.4,10.5,25.8,1.6,1.6,3.1,.118,1.6,0.3,1.9,1.3,.511,112,111,PG,32,0.47,12.2,0,0.147,0.316,New York Knicks,10.0,E,A,41.0,31.0,0.569,2.31,111.38,108.97,2.41,2.13,111.23,109.01,2.21,7682926,2008,1,1,72,70
23,Derrick Rose,Memphis Grizzlies,Memphis,United States,75.0,200.0,15.0,2021,Ankle,56.0,9272520.0,16.9,.541,.336,.113,3.5,9.8,6.6,27.5,1.7,1.9,11.9,22.5,0.8,0.7,1.4,.108,2.3,0.0,2.3,0.7,.513,112,112,PG,33,0.445,13.4,0,0.185,0.353,New York Knicks,17.0,E,A,37.0,45.0,0.451,-0.12,111.47,111.55,-0.08,-0.01,111.35,111.31,0.04,13445120,2008,1,1,82,26
23,Derrick Rose,Memphis Grizzlies,Memphis,United States,75.0,200.0,15.0,2022,Illness/Knee/Toe,8.0,1752492.0,10.1,.463,.396,.075,2.6,10.4,6.5,19.9,1.0,1.4,11.8,23.6,-0.3,0.3,0.0,-0.001,-2.2,-1.5,-3.7,-0.1,.443,99,117,PG,34,0.384,14.2,0,0.19,0.333,New York Knicks,6.0,E,A,47.0,35.0,0.573,2.93,118.86,115.83,3.03,2.99,118.98,115.88,3.1,14520730,2008,1,1,82,74
23,Derrick Rose,Memphis Grizzlies,Memphis,United States,75.0,200.0,15.0,2023,Hamstring/Ankle/Knee,24.0,991980.0,12.3,.517,.258,.164,2.4,8.6,5.4,30.0,1.1,0.6,13.8,22.4,0.0,0.3,0.2,.038,-1.8,-1.2,-3.0,-0.1,.480,106,118,PG,35,0.438,11.9,0,0.303,0.3,Memphis Grizzlies,25.0,W,SW,15.0,26.0,0.366,-5.22,109.04,114.29,-5.25,-4.56,109.1,113.68,-4.57,3196448,2008,1,1,41,17
9,Derrick White,Boston Celtics,Colorado,United States,76.0,190.0,6.0,2020,Ankle/Toe,31.0,1372788.0,15.0,.550,.536,.252,1.3,9.6,5.4,17.4,1.2,2.9,8.2,22.4,1.0,0.9,1.9,.085,1.3,0.0,1.3,0.9,.503,111,114,SG,26,0.411,16.9,0.009,0.177,0.488,San Antonio Spurs,21.0,W,SW,33.0,39.0,0.458,-1.74,111.61,113.35,-1.74,-1.58,111.59,113.17,-1.57,3516284,2017,1,29,72,41
9,Derrick White,Boston Celtics,Colorado,United States,76.0,190.0,6.0,2021,Rest,1.0,87233.0,14.8,.549,.461,.294,1.8,10.7,6.3,22.9,1.4,2.3,11.6,19.9,2.8,2.3,5.1,.111,0.4,0.6,0.9,1.6,.493,114,112,SG,27,0.421,15.4,0.009,0.195,0.306,San Antonio Spurs,19.0,W,SW,34.0,48.0,0.415,0.12,113.04,113.0,0.03,0.02,113.09,113.16,-0.07,15678571,2017,1,29,82,81
9,Derrick White,Boston Celtics,Colorado,United States,76.0,190.0,6.0,2021,Rest,1.0,87233.0,14.8,.549,.461,.294,1.8,10.7,6.3,22.9,1.4,2.3,11.6,19.9,2.8,2.3,5.1,.111,0.4,0.6,0.9,1.6,.493,114,112,SG,27,0.421,15.4,0.009,0.195,0.306,Boston Celtics,1.0,E,A,51.0,31.0,0.622,7.28,115.37,107.71,7.66,7.02,115.05,107.65,7.39,15678571,2017,1,29,82,81
9,Derrick White,Boston Celtics,Colorado,United States,76.0,190.0,6.0,2023,"Ankle, Personal",5.0,910710.0,17.6,.629,.565,.245,2.4,10.4,6.6,21.3,1.6,3.2,11.7,19.2,2.7,1.8,4.5,.182,2.7,1.7,4.4,1.9,.587,128,112,SG,29,0.47,17.4,0.019,0.202,0.521,Boston Celtics,1.0,E,A,32.0,9.0,0.78,10.0,122.38,112.22,10.16,10.4,122.6,112.03,10.57,18357143,2017,1,29,41,36
1,Devin Booker,Phoenix Suns,Kentucky,United States,78.0,206.0,8.0,2020,"Hamstring, Rest",5.0,2018340.0,19.2,.587,.288,.305,1.7,12.1,7.0,20.6,1.2,0.6,12.4,32.7,2.9,2.0,4.9,.104,1.7,-1.4,0.3,1.3,.533,110,114,SG,24,0.484,14.5,0.021,0.086,0.5,Phoenix Suns,3.0,W,P,51.0,21.0,0.708,5.82,118.01,112.14,5.87,5.67,117.96,112.22,5.74,29467800,2015,1,13,72,67
1,Devin Booker,Phoenix Suns,Kentucky,United States,78.0,206.0,8.0,2021,"Back/Hamstring, Rest",10.0,3819900.0,21.3,.576,.336,.255,2.1,13.2,7.8,22.4,1.6,1.0,9.3,32.0,4.3,3.3,7.6,.156,3.9,0.2,4.1,3.6,.530,113,109,SG,25,0.466,16.1,0.016,0.123,0.356,Phoenix Suns,2.0,W,P,64.0,18.0,0.78,7.5,115.65,108.17,7.48,6.94,115.41,108.5,6.91,31650600,2015,1,13,82,72
1,Devin Booker,Phoenix Suns,Kentucky,United States,78.0,206.0,8.0,2022,"Injury Management/Groin/Hamstring, Rest",29.0,10694475.0,22.0,.601,.296,.336,2.7,12.0,7.2,27.3,1.4,0.9,10.6,31.8,4.2,1.9,6.0,.157,4.5,-0.3,4.2,2.9,.546,119,115,SG,26,0.494,14.5,0.02,0.149,0.362,Phoenix Suns,9.0,W,P,45.0,37.0,0.549,2.07,116.05,113.94,2.12,2.08,115.97,113.86,2.11,33833400,2015,1,13,82,53
1,Devin Booker,Phoenix Suns,Kentucky,United States,78.0,206.0,8.0,2023,Ankle/Foot,8.0,3932810.0,21.4,.602,.289,.366,2.4,12.7,7.8,36.1,1.1,0.9,11.6,29.7,3.1,0.8,3.8,.165,3.5,-1.5,2.0,1.1,.536,123,119,PG,27,0.483,15,0.017,0.054,0.333,Phoenix Suns,16.0,W,P,22.0,18.0,0.55,1.5,118.93,117.37,1.56,-0.05,118.9,118.92,-0.01,36016200,2015,1,13,40,32
9,Dillon Brooks,Houston Rockets,Oregon,Canada,78.0,225.0,6.0,2020,Knee/Thigh,5.0,858902.0,12.1,.515,.361,.189,2.8,7.7,5.2,11.7,1.9,1.2,9.6,26.1,-0.5,1.8,1.4,.033,-2.6,-1.1,-3.7,-0.9,.481,102,113,SF,25,0.419,15,0.028,0.159,0.559,Memphis Grizzlies,15.0,W,SW,38.0,34.0,0.528,1.03,112.77,111.77,1.0,1.07,112.69,111.63,1.06,11400000,2017,2,15,72,67
9,Dillon Brooks,Houston Rockets,Oregon,Canada,78.0,225.0,6.0,2021,Hip/Injury Management/Ankle/Hamstring/Hand,43.0,6520695.0,15.5,.515,.283,.202,3.4,8.8,6.0,15.4,1.9,0.8,8.0,28.8,0.7,0.9,1.6,.087,-1.0,-0.8,-1.8,0.0,.475,108,112,SF,26,0.432,13.3,0.029,0.161,0.375,Memphis Grizzlies,5.0,W,SW,56.0,26.0,0.683,5.68,115.5,109.94,5.56,5.37,115.38,110.14,5.24,12200000,2017,2,15,82,39
9,Dillon Brooks,Houston Rockets,Oregon,Canada,78.0,225.0,6.0,2022,Groin/Hip/Ankle/Thigh,6.0,589653.0,9.4,.494,.443,.155,2.2,9.5,5.8,11.7,1.4,0.7,8.9,21.8,-0.8,2.4,1.6,.034,-3.4,-0.5,-3.9,-1.1,.468,102,114,SF,27,0.396,15.8,0.012,0.164,0.361,Memphis Grizzlies,4.0,W,SW,51.0,31.0,0.622,3.94,116.01,112.07,3.93,3.6,115.68,112.09,3.59,11400000,2017,2,15,82,76
9,Dillon Brooks,Houston Rockets,Oregon,Canada,78.0,225.0,6.0,2023,Abdominal,9.0,2210748.0,10.3,.593,.429,.202,2.6,9.3,6.0,7.3,1.5,0.2,12.3,18.2,0.3,1.1,1.4,.068,-3.0,0.3,-2.8,-0.2,.561,110,115,SF,28,0.475,14.5,0.018,0.157,0.409,Houston Rockets,13.0,W,SW,19.0,21.0,0.475,0.55,114.17,113.57,0.61,1.1,114.42,113.25,1.17,22627671,2017,2,15,40,31
10,Domantas Sabonis,Sacramento Kings,Gonzaga,United States Lithuania,82.0,240.0,7.0,2020,Quad/Back/Ankle,10.0,2407528.0,20.6,.601,.179,.363,7.3,28.6,18.0,27.5,1.6,1.2,16.9,24.1,4.0,3.0,6.9,.149,2.3,1.6,3.8,3.3,.564,115,110,PF,24,0.535,8.8,0.046,0.049,0.625,Indiana Pacers,17.0,E,C,34.0,38.0,0.472,-0.04,112.98,112.96,0.02,-0.12,112.99,113.07,-0.08,19800000,2016,1,11,72,62
10,Domantas Sabonis,Sacramento Kings,Gonzaga,United States Lithuania,82.0,240.0,7.0,2021,Knee/Ankle/Calf,14.0,3189660.0,21.9,.637,.162,.429,10.3,29.0,19.5,23.6,1.3,1.1,17.5,22.3,5.3,1.8,7.1,.159,3.2,0.9,4.1,3.2,.598,121,113,PF,25,0.573,7.6,0.085,0.136,0.235,Indiana Pacers,23.0,E,C,25.0,57.0,0.305,-3.48,113.6,117.11,-3.51,-3.26,113.74,117.03,-3.28,18500000,2016,1,11,82,68
10,Domantas Sabonis,Sacramento Kings,Gonzaga,United States Lithuania,82.0,240.0,7.0,2021,Knee/Ankle/Calf,14.0,3189660.0,21.9,.637,.162,.429,10.3,29.0,19.5,23.6,1.3,1.1,17.5,22.3,5.3,1.8,7.1,.159,3.2,0.9,4.1,3.2,.598,121,113,PF,25,0.573,7.6,0.085,0.136,0.235,Sacramento Kings,25.0,W,P,30.0,52.0,0.366,-5.46,110.69,116.28,-5.59,-5.26,110.92,116.31,-5.38,18500000,2016,1,11,82,68
10,Domantas Sabonis,Sacramento Kings,Gonzaga,United States Lithuania,82.0,240.0,7.0,2022,Ankle/Illness/Thumb,3.0,531610.0,23.5,.668,.088,.467,10.6,30.0,20.3,30.4,1.1,1.2,16.9,21.3,9.6,3.0,12.6,.221,4.1,1.8,5.8,5.4,.632,132,114,C,26,0.615,6.2,0.092,0.12,0.2,Sacramento Kings,8.0,W,P,48.0,34.0,0.585,2.65,119.97,117.48,2.49,2.3,119.86,117.72,2.14,21100000,2016,1,11,82,79
45,Donovan Mitchell,Cleveland Cavaliers,Louisville,United States,75.0,215.0,6.0,2020,"Ankle/Concussion, Personal",19.0,1281096.0,21.3,.569,.423,.290,3.1,10.6,7.0,26.7,1.4,0.7,10.7,33.5,3.9,2.2,6.2,.167,4.6,-0.2,4.3,2.8,.520,115,110,PG,24,0.438,16,0.022,0.104,0.375,Utah Jazz,1.0,W,NW,52.0,20.0,0.722,9.25,118.42,108.94,9.48,8.96,118.23,109.04,9.2,5195501,2017,1,13,72,53
45,Donovan Mitchell,Cleveland Cavaliers,Louisville,United States,75.0,215.0,6.0,2021,"Illness/Calf/Concussion/Back/Ankle, Rest",15.0,4360878.0,21.6,.572,.475,.227,2.7,10.6,6.8,27.7,2.2,0.5,11.7,32.9,4.7,2.5,7.2,.152,4.6,-0.3,4.3,3.6,.533,114,111,SG,25,0.448,16.7,0.018,0.09,0.356,Utah Jazz,3.0,W,NW,49.0,33.0,0.598,6.04,117.68,111.52,6.16,5.67,117.63,111.84,5.79,28103500,2017,1,13,82,67
45,Donovan Mitchell,Cleveland Cavaliers,Louisville,United States,75.0,215.0,6.0,2022,"Finger/Injury Management/Groin/Leg/Ankle, Rest",15.0,4535336.0,22.9,.614,.453,.262,3.1,10.9,7.0,21.4,2.0,1.0,10.3,32.1,5.4,3.5,8.9,.176,5.6,0.6,6.3,5.0,.572,118,111,SG,26,0.484,16,0.029,0.054,0.382,Cleveland Cavaliers,2.0,E,C,51.0,31.0,0.622,5.38,117.31,111.69,5.62,5.23,117.31,111.84,5.47,30913750,2017,1,13,82,67
45,Donovan Mitchell,Cleveland Cavaliers,Louisville,United States,75.0,215.0,6.0,2023,Illness/Hamstring,9.0,3747140.0,23.3,.593,.428,.295,3.5,13.3,8.4,27.1,2.7,1.1,10.3,32.1,2.3,1.8,4.1,.183,5.4,1.6,7.0,2.4,.540,119,110,SG,27,0.464,15.7,0.021,0.052,0.357,Cleveland Cavaliers,9.0,E,C,24.0,15.0,0.615,3.31,115.84,112.55,3.29,3.07,115.36,112.31,3.06,33162030,2017,1,13,39,30
0,Donte DiVincenzo,New York Knicks,Villanova,United States,76.0,203.0,5.0,2020,Achilles/Toe/Hip/Foot,5.0,208500.0,13.0,.542,.574,.118,4.9,16.7,11.0,14.2,1.9,0.7,12.5,16.7,1.5,2.1,3.6,.095,-0.2,0.4,0.2,1.0,.528,112,112,SG,24,0.42,17.2,0.02,0.176,0.426,Milwaukee Bucks,4.0,E,C,46.0,26.0,0.639,5.89,117.68,112.03,5.65,5.57,117.67,112.34,5.33,3044160,2018,1,17,72,67
0,Donte DiVincenzo,New York Knicks,Villanova,United States,76.0,203.0,5.0,2021,Ankle/Foot,34.0,1773618.0,11.3,.510,.649,.247,4.3,14.0,9.1,16.1,2.3,0.7,16.2,18.9,-0.1,0.9,0.7,.035,-1.8,-0.5,-2.3,-0.1,.461,102,113,SG,25,0.351,18.6,0.009,0.216,0.426,Milwaukee Bucks,8.0,E,C,51.0,31.0,0.622,3.35,115.86,112.56,3.31,3.22,115.86,112.67,3.18,4675830,2018,1,17,82,48
0,Donte DiVincenzo,New York Knicks,Villanova,United States,76.0,203.0,5.0,2021,Ankle/Foot,34.0,1773618.0,11.3,.510,.649,.247,4.3,14.0,9.1,16.1,2.3,0.7,16.2,18.9,-0.1,0.9,0.7,.035,-1.8,-0.5,-2.3,-0.1,.461,102,113,SG,25,0.351,18.6,0.009,0.216,0.426,Sacramento Kings,25.0,W,P,30.0,52.0,0.366,-5.46,110.69,116.28,-5.59,-5.26,110.92,116.31,-5.38,4675830,2018,1,17,82,48
0,Donte DiVincenzo,New York Knicks,Villanova,United States,76.0,203.0,5.0,2022,Illness/Hamstring,10.0,568964.0,12.8,.593,.700,.131,4.7,14.0,9.4,17.3,2.4,0.5,16.4,15.1,1.9,2.3,4.2,.106,-0.6,1.3,0.7,1.3,.574,117,113,SG,26,0.435,19.7,0.017,0.228,0.419,Golden State Warriors,12.0,W,P,44.0,38.0,0.537,1.8,117.1,115.34,1.75,1.66,117.0,115.41,1.6,4500000,2018,1,17,82,72
28,Dorian Finney-Smith,Brooklyn Nets,Florida,United States,79.0,220.0,7.0,2020,"Leg, Personal",3.0,164382.0,12.0,.609,.648,.088,5.7,13.0,9.3,7.2,1.3,1.2,9.0,12.2,2.8,1.6,4.4,.110,0.2,0.0,0.1,1.0,.600,124,114,PF,27,0.472,17.2,0.067,0.44,0.368,Dallas Mavericks,9.0,W,SW,42.0,30.0,0.583,2.26,116.16,113.79,2.37,2.26,116.18,113.8,2.38,4000000,2016,0,0,72,69
28,Dorian Finney-Smith,Brooklyn Nets,Florida,United States,79.0,220.0,7.0,2021,Arm/Illness,2.0,68967.0,12.5,.604,.629,.120,5.1,10.7,7.9,8.2,1.7,1.3,9.9,13.8,3.4,3.2,6.6,.121,0.1,0.7,0.8,1.9,.595,119,110,PF,28,0.471,17,0.082,0.414,0.461,Dallas Mavericks,7.0,W,SW,52.0,30.0,0.634,3.3,113.82,110.27,3.55,3.12,113.76,110.41,3.35,4000000,2016,0,0,82,80
28,Dorian Finney-Smith,Brooklyn Nets,Florida,United States,79.0,220.0,7.0,2022,Injury Management/Wrist/Adductor,16.0,2209556.0,9.2,.523,.675,.118,6.5,11.5,9.0,6.7,1.4,1.6,10.5,13.2,0.6,1.6,2.1,.051,-1.7,-0.3,-2.0,0.0,.505,109,117,PF,29,0.391,17.8,0.084,0.382,0.38,Dallas Mavericks,19.0,W,SW,38.0,44.0,0.463,0.07,117.63,117.56,0.06,-0.14,117.54,117.7,-0.16,12939848,2016,0,0,82,66
28,Dorian Finney-Smith,Brooklyn Nets,Florida,United States,79.0,220.0,7.0,2022,Injury Management/Wrist/Adductor,16.0,2209556.0,9.2,.523,.675,.118,6.5,11.5,9.0,6.7,1.4,1.6,10.5,13.2,0.6,1.6,2.1,.051,-1.7,-0.3,-2.0,0.0,.505,109,117,PF,29,0.391,17.8,0.084,0.382,0.38,Brooklyn Nets,14.0,E,A,45.0,37.0,0.549,0.85,116.07,115.07,1.0,1.03,116.19,115.01,1.18,12939848,2016,0,0,82,66
28,Dorian Finney-Smith,Brooklyn Nets,Florida,United States,79.0,220.0,7.0,2023,Knee/Foot,3.0,615824.0,10.9,.569,.676,.047,6.8,11.3,9.0,6.0,1.3,1.7,8.4,13.4,1.0,0.7,1.6,.075,-1.0,-0.7,-1.7,0.1,.560,119,119,PF,30,0.425,18,0.057,0.351,0.451,Brooklyn Nets,23.0,E,A,16.0,24.0,0.4,-1.83,116.38,118.29,-1.91,-2.31,116.11,118.5,-2.39,13932008,2016,0,0,40,37
17,Doug McDermott,San Antonio Spurs,Creighton,United States,78.0,225.0,9.0,2020,Ankle/Knee,6.0,602736.0,15.6,.635,.430,.147,4.0,10.7,7.4,7.8,0.6,0.3,7.0,20.0,3.1,0.7,3.8,.112,1.4,-2.0,-0.6,0.6,.616,121,118,PF,29,0.532,12.8,0.041,0.231,0.424,Indiana Pacers,17.0,E,C,34.0,38.0,0.472,-0.04,112.98,112.96,0.02,-0.12,112.99,113.07,-0.08,7333333,2014,1,11,72,66
17,Doug McDermott,San Antonio Spurs,Creighton,United States,78.0,225.0,9.0,2021,Ankle/Illness/Teeth/Knee,23.0,3556035.0,11.4,.593,.551,.110,1.5,8.4,4.9,7.3,0.5,0.4,8.1,18.3,1.1,0.5,1.6,.062,-0.4,-2.1,-2.5,-0.1,.578,112,118,PF,30,0.462,16.6,0.011,0.188,0.542,San Antonio Spurs,19.0,W,SW,34.0,48.0,0.415,0.12,113.04,113.0,0.03,0.02,113.09,113.16,-0.07,13750000,2014,1,11,82,59
17,Doug McDermott,San Antonio Spurs,Creighton,United States,78.0,225.0,9.0,2022,Ankle/Injury Management/Adductor/Thumb/Achilles/Back/Knee/Calf,16.0,2528736.0,11.2,.590,.570,.134,1.9,9.9,5.8,9.8,0.5,0.4,9.5,19.2,1.0,0.0,1.0,.035,-0.7,-2.5,-3.2,-0.4,.575,113,124,SF,31,0.457,17.3,0.027,0.198,0.407,San Antonio Spurs,30.0,W,SW,22.0,60.0,0.268,-10.04,111.11,120.96,-9.85,-9.82,111.14,120.79,-9.65,13750000,2014,1,11,82,66
17,Doug McDermott,San Antonio Spurs,Creighton,United States,78.0,225.0,9.0,2023,Ankle/Forearm/Illness,4.0,948276.0,10.1,.643,.804,.092,0.8,6.4,3.5,11.0,0.8,0.3,9.1,14.3,0.5,0.1,0.6,.055,-0.8,-1.6,-2.5,-0.1,.638,119,123,SF,32,0.454,21.5,0.025,0.206,0.407,San Antonio Spurs,26.0,W,SW,7.0,33.0,0.175,-9.38,109.67,118.8,-9.13,-8.68,109.93,118.38,-8.46,13750000,2014,1,11,40,36
23,Draymond Green,Golden State Warriors,Michigan State,United States,78.0,230.0,11.0,2020,Finger/Illness/Ankle/Foot,9.0,3657024.0,13.3,.530,.332,.232,3.0,20.9,12.1,36.4,2.5,2.3,31.0,13.1,1.2,3.4,4.6,.112,-1.6,3.3,1.7,1.9,.492,110,106,PF,30,0.447,12.2,0.076,0.127,0.375,Golden State Warriors,14.0,W,P,39.0,33.0,0.542,1.06,111.74,110.65,1.09,1.1,111.61,110.47,1.14,22246956,2012,2,5,72,63
23,Draymond Green,Golden State Warriors,Michigan State,United States,78.0,230.0,11.0,2021,"Injury Management/Back/Calf/Hip/Thigh, Rest",34.0,9942120.0,14.3,.582,.210,.354,3.8,23.2,13.8,32.5,2.2,3.6,31.9,14.3,0.8,2.8,3.6,.131,-1.4,4.6,3.2,1.8,.556,109,103,PF,31,0.525,9.8,0.093,0.222,0.167,Golden State Warriors,4.0,W,P,53.0,29.0,0.646,5.54,113.33,107.68,5.65,5.52,113.24,107.62,5.62,24026712,2012,2,5,82,48
23,Draymond Green,Golden State Warriors,Michigan State,United States,78.0,230.0,11.0,2022,Knee/Foot/Toe/Quad/Hip/Back/Injury Management,8.0,2669634.0,12.2,.592,.276,.228,3.2,21.6,12.6,27.8,1.5,2.3,28.1,13.2,1.6,3.1,4.7,.098,-1.8,2.6,0.8,1.6,.570,114,112,PF,32,0.527,10.3,0.051,0.298,0.308,Golden State Warriors,12.0,W,P,44.0,38.0,0.537,1.8,117.1,115.34,1.75,1.66,117.0,115.41,1.6,25806468,2012,2,5,82,74
23,Draymond Green,Golden State Warriors,Michigan State,United States,78.0,230.0,11.0,2023,"Ankle, Personal",3.0,1026272.0,14.6,.623,.398,.296,5.9,18.6,12.2,30.7,0.8,2.5,24.2,16.9,0.6,0.3,0.9,.108,1.0,1.9,2.9,0.5,.579,120,118,PF,33,0.491,12.9,0.019,0.326,0.5,Golden State Warriors,17.0,W,P,18.0,22.0,0.45,-1.0,118.28,119.24,-0.97,-0.13,118.91,119.0,-0.09,22321429,2012,2,5,40,37
14,Drew Eubanks,Phoenix Suns,Oregon State,United States,82.0,245.0,5.0,2020,Migraine,1.0,22200.0,17.9,.618,.010,.517,10.2,24.0,17.0,7.9,1.2,5.5,15.2,17.1,1.2,1.1,2.3,.145,-1.0,1.0,0.0,0.4,.571,118,109,C,23,0.566,4.6,0.2,1,1,San Antonio Spurs,21.0,W,SW,33.0,39.0,0.458,-1.74,111.61,113.35,-1.74,-1.58,111.59,113.17,-1.57,1620564,2018,0,0,72,71
14,Drew Eubanks,Phoenix Suns,Oregon State,United States,82.0,245.0,5.0,2021,Wrist/Illness,3.0,40331.0,18.0,.638,.062,.350,11.0,22.2,16.5,10.1,1.2,2.8,15.9,17.5,2.2,1.1,3.4,.130,-0.5,-0.9,-1.4,0.2,.602,120,113,C,24,0.596,6.2,0.237,0.174,0.25,San Antonio Spurs,19.0,W,SW,34.0,48.0,0.415,0.12,113.04,113.0,0.03,0.02,113.09,113.16,-0.07,2239820,2018,0,0,82,79
14,Drew Eubanks,Phoenix Suns,Oregon State,United States,82.0,245.0,5.0,2021,Wrist/Illness,3.0,40331.0,18.0,.638,.062,.350,11.0,22.2,16.5,10.1,1.2,2.8,15.9,17.5,2.2,1.1,3.4,.130,-0.5,-0.9,-1.4,0.2,.602,120,113,C,24,0.596,6.2,0.237,0.174,0.25,Portland Trail Blazers,30.0,W,NW,27.0,55.0,0.329,-8.88,108.8,117.93,-9.13,-8.55,109.03,117.84,-8.81,2239820,2018,0,0,82,79
14,Drew Eubanks,Phoenix Suns,Oregon State,United States,82.0,245.0,5.0,2022,Ankle/Hip/Back,4.0,56555.0,16.2,.666,.054,.374,9.5,20.9,15.2,9.2,1.2,5.7,14.7,12.5,2.9,1.6,4.4,.134,-0.9,0.9,0.1,0.8,.651,130,115,C,25,0.641,5.8,0.263,0.167,0,Portland Trail Blazers,26.0,W,NW,33.0,49.0,0.402,-4.01,115.72,119.83,-4.11,-3.96,115.72,119.79,-4.07,1968175,2018,0,0,82,78
14,Drew Eubanks,Phoenix Suns,Oregon State,United States,82.0,245.0,5.0,2023,Illness/Ankle,2.0,67430.0,14.4,.635,.023,.386,10.9,19.3,15.3,7.9,1.1,5.0,18.9,15.0,0.6,0.7,1.2,.108,-2.5,0.1,-2.4,-0.1,.595,118,114,C,26,0.583,5,0.303,1,1,Phoenix Suns,16.0,W,P,22.0,18.0,0.55,1.5,118.93,117.37,1.56,-0.05,118.9,118.92,-0.01,2346614,2018,0,0,40,38
55,Duncan Robinson,Miami Heat,Michigan,United States,79.0,215.0,5.0,2022,Finger/Ankle/Hand,29.0,5828280.0,7.8,.534,.810,.135,1.3,10.7,5.9,9.7,1.0,0.0,10.0,17.9,-0.1,0.6,0.5,.035,-3.5,-1.5,-5.0,-0.5,.504,105,117,SF,28,0.371,21.9,0,0.188,0.306,Miami Heat,21.0,E,SE,44.0,38.0,0.537,-0.32,113.99,114.4,-0.41,-0.13,114.1,114.32,-0.22,16902000,2018,0,0,82,53
55,Duncan Robinson,Miami Heat,Michigan,United States,79.0,215.0,5.0,2023,Thumb,2.0,417332.0,13.1,.619,.667,.146,1.1,9.5,5.3,16.3,1.0,0.7,10.8,19.2,1.3,1.0,2.3,.098,0.3,-0.8,-0.5,0.4,.596,117,117,SF,29,0.459,18.8,0.002,0.233,0.453,Miami Heat,18.0,E,SE,24.0,17.0,0.585,0.66,115.32,114.63,0.69,-0.3,114.9,115.22,-0.31,18154000,2018,0,0,41,39
7,Dwight Powell,Dallas Mavericks,Stanford,Canada,82.0,240.0,9.0,2020,Illness,1.0,151782.0,16.8,.688,.108,.639,9.2,17.4,13.3,8.9,1.8,2.9,13.9,13.2,2.6,1.2,3.8,.188,-0.7,1.3,0.6,0.6,.631,136,110,C,29,0.619,4.5,0.34,0,0,Dallas Mavericks,9.0,W,SW,42.0,30.0,0.583,2.26,116.16,113.79,2.37,2.26,116.18,113.8,2.38,11080125,2014,2,15,72,71
7,Dwight Powell,Dallas Mavericks,Stanford,Canada,82.0,240.0,9.0,2022,Thigh,2.0,254716.0,15.5,.738,.019,.625,11.8,13.3,12.5,6.9,1.6,1.6,15.9,12.6,3.8,1.3,5.1,.168,-1.2,0.0,-1.2,0.3,.732,140,116,C,31,0.732,2.5,0.316,0.4,0,Dallas Mavericks,19.0,W,SW,38.0,44.0,0.463,0.07,117.63,117.56,0.06,-0.14,117.54,117.7,-0.16,11080125,2014,2,15,82,80
20,Dylan Windler,Los Angeles Lakers,Belmont,United States,79.0,196.0,4.0,2020,Knee/Hand,39.0,1127280.0,10.8,.567,.592,.208,4.3,19.5,11.7,9.4,1.8,2.1,18.4,14.8,0.0,0.5,0.5,.045,-2.0,0.3,-1.7,0.0,.538,103,113,SF,24,0.438,16.2,0.023,0.442,0.324,Cleveland Cavaliers,28.0,E,C,22.0,50.0,0.306,-8.44,106.85,115.65,-8.8,-8.19,106.96,115.51,-8.55,2137440,2019,1,26,72,33
20,Dylan Windler,Los Angeles Lakers,Belmont,United States,79.0,196.0,4.0,2021,Knee/Calf/Hip,5.0,115821.0,8.8,.519,.714,.184,5.2,16.0,10.7,10.0,1.5,0.6,13.1,11.8,0.2,0.6,0.8,.084,-3.0,1.2,-1.7,0.0,.485,110,110,SF,25,0.378,18.7,0.041,0.429,0.333,Cleveland Cavaliers,13.0,E,C,44.0,38.0,0.537,2.12,112.92,110.79,2.13,2.04,112.66,110.62,2.05,2239200,2019,1,26,82,77
20,Dylan Windler,Los Angeles Lakers,Belmont,United States,79.0,196.0,4.0,2022,Foot/Ankle,62.0,2877172.0,19.0,.833,.667,.000,0.0,0.0,0.0,15.2,5.0,0.0,25.0,17.9,0.0,0.0,0.0,.149,3.2,3.5,6.7,0.0,.833,119,108,SF,26,0.667,17.4,0,0.5,1,Cleveland Cavaliers,2.0,E,C,51.0,31.0,0.622,5.38,117.31,111.69,5.62,5.23,117.31,111.84,5.47,4037277,2019,1,26,82,20
23,Eric Gordon,Phoenix Suns,Indiana,United States Bahamas,75.0,215.0,15.0,2020,"Groin/Knee/Leg, Rest",41.0,9243440.0,14.4,.577,.572,.311,1.0,7.1,3.9,14.6,0.8,1.5,10.9,25.2,0.6,0.2,0.8,.048,0.7,-1.7,-1.0,0.2,.527,108,119,SG,32,0.433,17.1,0.005,0.048,0.5,Houston Rockets,27.0,W,SW,17.0,55.0,0.236,-7.9,107.85,115.69,-7.84,-7.5,107.93,115.35,-7.42,16869267,2008,1,7,72,31
23,Eric Gordon,Phoenix Suns,Indiana,United States Bahamas,75.0,215.0,15.0,2021,"Groin/Knee/Hamstring, Rest",24.0,5758830.0,12.1,.614,.534,.239,1.0,6.5,3.7,14.1,0.8,1.0,14.6,18.6,1.5,-0.1,1.4,.040,-0.1,-2.2,-2.3,-0.1,.585,111,121,SG,33,0.475,16.2,0.005,0.066,0.5,Houston Rockets,29.0,W,SW,20.0,62.0,0.244,-8.48,109.28,117.77,-8.49,-8.26,109.47,117.75,-8.28,18218818,2008,1,7,82,58
23,Eric Gordon,Phoenix Suns,Indiana,United States Bahamas,75.0,215.0,15.0,2022,Rest,2.0,224924.0,11.8,.587,.545,.265,0.9,6.7,3.8,13.4,1.1,1.2,12.5,17.8,1.8,0.5,2.3,.056,-0.5,-1.4,-1.9,0.1,.547,115,122,SG,34,0.446,17.2,0.002,0.084,0.467,Houston Rockets,28.0,W,SW,22.0,60.0,0.268,-7.85,112.14,120.16,-8.02,-7.62,112.21,119.99,-7.78,19568360,2008,1,7,82,80
23,Eric Gordon,Phoenix Suns,Indiana,United States Bahamas,75.0,215.0,15.0,2022,Rest,2.0,224924.0,11.8,.587,.545,.265,0.9,6.7,3.8,13.4,1.1,1.2,12.5,17.8,1.8,0.5,2.3,.056,-0.5,-1.4,-1.9,0.1,.547,115,122,SG,34,0.446,17.2,0.002,0.084,0.467,Los Angeles Clippers,18.0,W,P,44.0,38.0,0.537,0.5,115.91,115.4,0.51,0.31,115.67,115.37,0.31,19568360,2008,1,7,82,80
23,Eric Gordon,Phoenix Suns,Indiana,United States Bahamas,75.0,215.0,15.0,2023,Knee/Calf/Shoulder,6.0,238810.0,11.6,.587,.622,.094,1.3,6.5,4.0,11.2,1.5,1.5,10.3,17.4,0.7,0.7,1.3,.062,-0.6,-1.2,-1.8,0.1,.575,114,119,SG,35,0.453,18.1,0,0.161,0.5,Phoenix Suns,16.0,W,P,22.0,18.0,0.55,1.5,118.93,117.37,1.56,-0.05,118.9,118.92,-0.01,3196448,2008,1,7,40,34
13,Evan Fournier,New York Knicks,Poitiers Basket 86 (France),France,78.0,205.0,11.0,2020,Knee/Groin/Back,18.0,4773958.0,16.7,.598,.523,.253,0.8,10.2,5.4,18.6,1.8,1.4,10.8,23.1,1.8,1.0,2.8,.107,1.5,-0.4,1.1,1.0,.565,115,115,SF,28,0.457,17.7,0.006,0.155,0.568,Orlando Magic,29.0,E,SE,21.0,51.0,0.292,-9.31,105.74,115.22,-9.48,-9.02,105.83,115.03,-9.2,17150000,2012,1,20,72,54
13,Evan Fournier,New York Knicks,Poitiers Basket 86 (France),France,78.0,205.0,11.0,2020,Knee/Groin/Back,18.0,4773958.0,16.7,.598,.523,.253,0.8,10.2,5.4,18.6,1.8,1.4,10.8,23.1,1.8,1.0,2.8,.107,1.5,-0.4,1.1,1.0,.565,115,115,SF,28,0.457,17.7,0.006,0.155,0.568,Boston Celtics,13.0,E,A,36.0,36.0,0.5,1.46,114.66,113.29,1.37,1.32,114.69,113.47,1.22,17150000,2012,1,20,72,54
13,Evan Fournier,New York Knicks,Poitiers Basket 86 (France),France,78.0,205.0,11.0,2021,Thigh/Ankle,2.0,394088.0,12.3,.554,.641,.117,1.5,8.2,4.8,11.9,1.7,0.8,9.4,20.8,1.5,2.2,3.7,.075,-0.4,-0.3,-0.7,0.7,.541,109,113,SG,29,0.417,19.6,0.004,0.281,0.437,New York Knicks,17.0,E,A,37.0,45.0,0.451,-0.12,111.47,111.55,-0.08,-0.01,111.35,111.31,0.04,17142857,2012,1,20,82,80
13,Evan Fournier,New York Knicks,Poitiers Basket 86 (France),France,78.0,205.0,11.0,2022,"Illness, Personal",3.0,724136.0,6.9,.471,.687,.127,1.0,10.8,5.9,10.6,1.7,0.6,11.2,18.4,-0.3,0.4,0.1,.010,-4.0,0.0,-4.0,-0.2,.443,98,116,SG,30,0.337,20.4,0,0.237,0.333,New York Knicks,6.0,E,A,47.0,35.0,0.573,2.93,118.86,115.83,3.03,2.99,118.98,115.88,3.1,18000000,2012,1,20,82,79
13,Evan Fournier,New York Knicks,Poitiers Basket 86 (France),France,78.0,205.0,11.0,2023,"Ankle/Illness, Personal",4.0,5960570.0,2.2,.287,.750,.100,0.0,11.3,5.7,10.1,5.1,0.0,4.6,23.7,-0.2,0.1,-0.1,-0.108,-12.2,0.4,-11.8,-0.1,.250,72,108,SG,31,0.2,21.5,0,0.267,0.5,New York Knicks,8.0,E,A,25.0,17.0,0.595,4.07,118.78,114.48,4.3,3.82,118.56,114.52,4.04,18857143,2012,1,20,42,38
44,Frank Ntilikina,Charlotte Hornets,Strasbourg IG (France),Belgium France,76.0,200.0,6.0,2020,Knee,13.0,1015320.0,7.7,.512,.608,.228,2.0,8.3,5.2,8.1,2.8,1.2,11.2,13.6,0.0,0.5,0.5,.070,-4.2,2.5,-1.7,0.0,.513,102,108,PG,22,0.367,20.5,0,0.354,0.706,New York Knicks,10.0,E,A,41.0,31.0,0.569,2.31,111.38,108.97,2.41,2.13,111.23,109.01,2.21,6176578,2017,1,8,72,59
44,Frank Ntilikina,Charlotte Hornets,Strasbourg IG (France),Belgium France,76.0,200.0,6.0,2021,Illness/Ankle/Thigh/Calf,17.0,421603.0,10.4,.513,.498,.112,1.9,10.9,6.4,14.7,2.0,0.9,11.7,17.4,0.1,0.9,0.9,.065,-2.8,0.9,-1.9,0.0,.484,104,110,SG,23,0.399,17.5,0.013,0.315,0.343,Dallas Mavericks,7.0,W,SW,52.0,30.0,0.634,3.3,113.82,110.27,3.55,3.12,113.76,110.41,3.35,1789256,2017,1,8,82,65
44,Frank Ntilikina,Charlotte Hornets,Strasbourg IG (France),Belgium France,76.0,200.0,6.0,2022,Knee/Ankle,11.0,315981.0,5.2,.461,.508,.250,1.3,10.7,5.9,12.8,1.3,1.0,16.5,13.1,-0.5,0.4,-0.1,-0.010,-6.1,-0.7,-6.7,-0.7,.428,94,118,SG,24,0.364,16.9,0,0.343,0.13,Dallas Mavericks,19.0,W,SW,38.0,44.0,0.463,0.07,117.63,117.56,0.06,-0.14,117.54,117.7,-0.16,2036318,2017,1,8,82,71
44,Frank Ntilikina,Charlotte Hornets,Strasbourg IG (France),Belgium France,76.0,200.0,6.0,2023,Leg,37.0,1220520.0,-11.4,.000,1.000,.000,0.0,29.5,13.9,29.6,0.0,0.0,50.0,21.6,0.0,0.0,0.0,-0.500,-19.8,-10.0,-29.8,0.0,.000,28,123,PG,25,0,25,0,0,0,Charlotte Hornets,30.0,E,SE,8.0,30.0,0.211,-11.97,110.66,122.96,-12.3,-11.82,110.57,122.69,-12.12,2528233,2017,1,8,38,1
5,Fred VanVleet,Houston Rockets,Wichita State,United States,72.0,197.0,7.0,2020,"Hip Flexor/Hip, Rest",10.0,2474316.0,16.8,.534,.547,.220,1.8,11.3,6.4,26.7,2.2,2.0,9.1,23.9,2.4,1.8,4.3,.108,2.2,0.2,2.5,2.2,.489,113,113,SG,26,0.389,18.2,0,0.107,0.255,Toronto Raptors,19.0,E,A,27.0,45.0,0.375,-0.47,112.96,113.44,-0.48,-0.54,113.0,113.55,-0.56,21250000,2016,0,0,72,62
5,Fred VanVleet,Houston Rockets,Wichita State,United States,72.0,197.0,7.0,2021,"Injury Management/Knee/Groin, Rest",13.0,3166240.0,17.3,.552,.585,.202,1.8,11.4,6.4,26.7,2.3,1.4,12.5,23.7,3.9,2.8,6.7,.131,3.1,0.5,3.6,3.5,.513,115,111,PG,27,0.403,19.9,0,0.126,0.432,Toronto Raptors,10.0,E,A,48.0,34.0,0.585,2.29,113.93,111.55,2.38,2.37,113.86,111.4,2.46,19675926,2016,0,0,82,69
5,Fred VanVleet,Houston Rockets,Wichita State,United States,72.0,197.0,7.0,2022,"Thumb/Ribs/Back/Illness, Personal",12.0,2564646.0,17.0,.540,.545,.254,1.2,12.0,6.3,28.1,2.4,1.5,10.2,23.2,3.7,2.8,6.5,.123,2.0,0.5,2.5,2.9,.486,117,114,PG,28,0.393,18.4,0,0.119,0.431,Toronto Raptors,10.0,E,A,41.0,41.0,0.5,1.48,116.37,114.86,1.51,1.59,116.55,114.91,1.63,21250000,2016,0,0,82,70
5,Fred VanVleet,Houston Rockets,Wichita State,United States,72.0,197.0,7.0,2023,Thumb,1.0,703557.0,16.5,.562,.566,.236,1.1,9.8,5.5,33.4,1.3,1.9,9.4,19.7,2.8,1.7,4.5,.149,2.9,0.5,3.4,2.0,.518,123,115,PG,29,0.406,19.4,0,0.091,0.5,Houston Rockets,13.0,W,SW,19.0,21.0,0.475,0.55,114.17,113.57,0.61,1.1,114.42,113.25,1.17,40806300,2016,0,0,40,39
30,Furkan Korkmaz,Philadelphia Sixers,Anadolu Efes (Turkey),Turkey,79.0,202.0,6.0,2020,Ankle/Groin,18.0,410516.0,12.8,.544,.634,.193,1.8,9.8,5.9,11.1,2.2,0.8,9.1,20.5,0.6,1.5,2.0,.092,-0.3,0.2,-0.1,0.5,.520,108,109,SG,23,0.401,19.5,0.026,0.249,0.403,Philadelphia 76ers,5.0,E,A,49.0,23.0,0.681,5.58,114.13,108.51,5.62,5.28,113.96,108.66,5.3,1762796,2016,1,26,72,54
30,Furkan Korkmaz,Philadelphia Sixers,Anadolu Efes (Turkey),Turkey,79.0,202.0,6.0,2021,Knee/Illness/Wrist,7.0,425712.0,10.2,.502,.566,.179,1.8,11.9,6.9,13.1,1.2,0.6,8.6,17.6,0.1,1.1,1.2,.041,-2.0,-1.1,-3.1,-0.4,.469,104,114,SG,24,0.387,17.4,0.021,0.199,0.283,Philadelphia 76ers,9.0,E,A,51.0,31.0,0.622,2.61,114.39,111.8,2.59,2.57,114.42,111.86,2.56,4629630,2016,1,26,82,75
30,Furkan Korkmaz,Philadelphia Sixers,Anadolu Efes (Turkey),Turkey,79.0,202.0,6.0,2022,"Shoulder/Illness/Knee, Personal",7.0,545984.0,9.3,.552,.414,.324,2.0,11.8,7.0,8.8,1.4,0.8,15.9,19.1,-0.2,0.3,0.1,.019,-3.3,-1.0,-4.4,-0.2,.514,100,115,SG,25,0.432,14.7,0.027,0.326,0.333,Philadelphia 76ers,3.0,E,A,54.0,28.0,0.659,4.32,118.87,114.51,4.35,4.37,118.98,114.56,4.42,5000000,2016,1,26,82,75
30,Furkan Korkmaz,Philadelphia Sixers,Anadolu Efes (Turkey),Turkey,79.0,202.0,6.0,2023,Illness,3.0,555552.0,7.5,.485,.500,.238,0.7,6.4,3.6,8.4,3.5,0.0,13.1,14.7,-0.1,0.2,0.1,.025,-4.8,1.7,-3.1,0.0,.452,96,113,SG,26,0.381,16.5,0.024,0.143,0.667,Philadelphia 76ers,3.0,E,A,26.0,13.0,0.667,8.05,121.15,113.02,8.12,7.47,120.72,113.17,7.55,5370370,2016,1,26,39,36
7,Gabe Vincent,Los Angeles Lakers,UC Santa Barbara,United States Nigeria,74.0,200.0,4.0,2020,Knee,12.0,0.0,7.6,.498,.639,.099,1.8,7.9,4.9,15.1,1.6,0.3,12.3,19.1,-0.4,0.5,0.2,.011,-4.5,-0.9,-5.4,-0.6,.476,98,114,PG,24,0.378,18.2,0.004,0.275,0.244,Miami Heat,16.0,E,SE,40.0,32.0,0.556,0.03,112.12,111.98,0.13,-0.06,112.09,112.06,0.03,660750,2018,0,0,72,60
7,Gabe Vincent,Los Angeles Lakers,UC Santa Barbara,United States Nigeria,74.0,200.0,4.0,2021,Toe,5.0,86337.0,10.6,.551,.630,.105,1.6,7.3,4.5,19.4,2.0,0.8,15.4,17.8,0.7,1.9,2.5,.076,-1.9,0.5,-1.4,0.2,.533,107,111,PG,25,0.417,19.5,0.002,0.251,0.42,Miami Heat,6.0,E,SE,53.0,29.0,0.646,4.45,114.83,110.21,4.62,4.23,114.61,110.21,4.4,1669178,2018,0,0,82,77
7,Gabe Vincent,Los Angeles Lakers,UC Santa Barbara,United States Nigeria,74.0,200.0,4.0,2022,Knee,14.0,313050.0,9.0,.533,.617,.138,1.7,8.1,4.8,13.9,1.8,0.3,13.3,17.5,-0.3,1.7,1.4,.038,-3.1,-0.3,-3.4,-0.6,.505,104,115,PG,26,0.402,18.7,0.002,0.323,0.381,Miami Heat,21.0,E,SE,44.0,38.0,0.537,-0.32,113.99,114.4,-0.41,-0.13,114.1,114.32,-0.22,1815677,2018,0,0,82,68
7,Gabe Vincent,Los Angeles Lakers,UC Santa Barbara,United States Nigeria,74.0,200.0,4.0,2023,Knee,37.0,4767255.0,6.0,.411,.531,.063,1.8,2.5,2.2,15.0,2.3,0.0,5.7,11.9,-0.1,0.1,0.0,.017,-5.7,1.5,-4.3,-0.1,.406,99,117,PG,27,0.375,18.5,0,0.235,0,Los Angeles Lakers,19.0,W,P,21.0,21.0,0.5,-1.0,113.66,114.82,-1.16,-0.45,114.38,114.99,-0.61,10500000,2018,0,0,42,5
14,Garrett Temple,Toronto Raptors,LSU,United States,77.0,195.0,13.0,2020,Hamstring/Ankle,14.0,783624.0,8.2,.525,.525,.131,2.1,9.4,5.8,10.5,1.4,1.7,12.6,13.1,0.2,1.4,1.6,.050,-3.3,0.3,-3.0,-0.4,.503,105,113,SG,34,0.415,16.1,0.003,0.47,0.362,Chicago Bulls,20.0,E,C,31.0,41.0,0.431,-0.89,111.9,112.81,-0.91,-0.94,111.9,112.87,-0.97,4767000,2009,0,0,72,58
14,Garrett Temple,Toronto Raptors,LSU,United States,77.0,195.0,13.0,2021,Ankle,2.0,112872.0,8.6,.494,.627,.139,2.9,11.8,7.2,9.2,1.9,2.0,11.8,13.9,-0.1,1.0,0.8,.037,-2.8,0.3,-2.5,-0.1,.476,101,113,SG,35,0.376,18.1,0.014,0.459,0.318,New Orleans Pelicans,21.0,W,SW,36.0,46.0,0.439,-0.99,112.84,113.82,-0.98,-0.84,112.93,113.77,-0.84,4910000,2009,0,0,82,80
14,Garrett Temple,Toronto Raptors,LSU,United States,77.0,195.0,13.0,2022,Personal,2.0,118516.0,10.5,.535,.578,.089,3.5,8.4,5.9,10.6,2.7,1.2,7.9,13.4,0.1,0.2,0.3,.094,-2.5,1.6,-1.0,0.0,.522,114,112,SG,36,0.4,17.3,0,0.231,0.333,New Orleans Pelicans,11.0,W,SW,42.0,40.0,0.512,1.89,115.26,113.38,1.88,1.63,115.0,113.38,1.61,5155500,2009,0,0,82,80
14,Garrett Temple,Toronto Raptors,LSU,United States,77.0,195.0,13.0,2023,Ankle,3.0,110220.0,16.2,.735,.400,.200,2.7,13.7,8.1,19.5,2.4,0.0,15.5,13.4,0.1,0.0,0.1,.158,0.2,1.2,1.4,0.0,.700,137,117,SG,37,0.6,12.8,0.1,0.75,0.667,Toronto Raptors,21.0,E,A,16.0,26.0,0.381,-1.31,116.45,117.85,-1.4,-1.26,116.39,117.74,-1.35,3196448,2009,0,0,42,39
25,Garrison Mathews,Atlanta Hawks,Lipscomb,United States,78.0,215.0,4.0,2022,Toe/Illness,5.0,114940.0,9.7,.573,.896,.264,1.7,10.0,5.8,5.1,1.7,0.7,7.8,14.7,0.7,0.3,1.0,.067,-2.0,-0.4,-2.4,-0.1,.520,119,121,SG,26,0.363,23.8,0.01,0.228,0.39,Houston Rockets,28.0,W,SW,22.0,60.0,0.268,-7.85,112.14,120.16,-8.02,-7.62,112.21,119.99,-7.78,2000000,2019,0,0,82,77
25,Garrison Mathews,Atlanta Hawks,Lipscomb,United States,78.0,215.0,4.0,2022,Toe/Illness,5.0,114940.0,9.7,.573,.896,.264,1.7,10.0,5.8,5.1,1.7,0.7,7.8,14.7,0.7,0.3,1.0,.067,-2.0,-0.4,-2.4,-0.1,.520,119,121,SG,26,0.363,23.8,0.01,0.228,0.39,Atlanta Hawks,17.0,E,SE,41.0,41.0,0.5,0.29,117.45,117.16,0.29,0.32,117.66,117.34,0.32,2000000,2019,0,0,82,77
25,Garrison Mathews,Atlanta Hawks,Lipscomb,United States,78.0,215.0,4.0,2023,Ankle,1.0,114940.0,7.0,.677,.951,.066,2.4,8.6,5.4,4.0,1.2,0.8,14.9,9.7,0.2,0.1,0.3,.041,-2.7,-0.9,-3.6,-0.1,.697,119,123,SG,27,0.475,24.5,0,0.328,0.421,Atlanta Hawks,22.0,E,SE,17.0,23.0,0.425,-2.03,119.18,121.17,-1.99,-2.19,119.31,121.44,-2.13,2000000,2019,0,0,40,39
14,Gary Harris,Orlando Magic,Michigan State,United States,76.0,210.0,9.0,2020,Groin/Thigh,29.0,8267994.0,9.1,.511,.409,.226,2.1,5.9,4.0,10.3,1.3,1.0,8.9,16.7,0.2,0.6,0.7,.033,-2.8,-1.3,-4.2,-0.6,.470,105,117,SG,26,0.4,14.3,0.032,0.333,0.426,Denver Nuggets,6.0,W,NW,47.0,25.0,0.653,4.93,118.04,113.01,5.03,4.82,118.02,113.1,4.92,19610714,2014,1,19,72,43
14,Gary Harris,Orlando Magic,Michigan State,United States,76.0,210.0,9.0,2020,Groin/Thigh,29.0,8267994.0,9.1,.511,.409,.226,2.1,5.9,4.0,10.3,1.3,1.0,8.9,16.7,0.2,0.6,0.7,.033,-2.8,-1.3,-4.2,-0.6,.470,105,117,SG,26,0.4,14.3,0.032,0.333,0.426,Orlando Magic,29.0,E,SE,21.0,51.0,0.292,-9.31,105.74,115.22,-9.48,-9.02,105.83,115.03,-9.2,19610714,2014,1,19,72,43
14,Gary Harris,Orlando Magic,Michigan State,United States,76.0,210.0,9.0,2021,"Back/Hamstring/Hand/Ankle, Personal",10.0,2589686.0,10.9,.571,.546,.172,2.2,5.3,3.7,9.5,1.6,0.5,9.3,16.4,1.1,1.0,2.2,.060,-2.0,-0.4,-2.4,-0.2,.539,110,116,SG,27,0.434,17.2,0.014,0.464,0.471,Orlando Magic,27.0,E,SE,22.0,60.0,0.268,-8.0,105.25,113.25,-8.0,-7.67,105.16,112.82,-7.66,20932143,2014,1,19,82,72
14,Gary Harris,Orlando Magic,Michigan State,United States,76.0,210.0,9.0,2022,Adductor/Hamstring/Injury Management/Knee,32.0,4557493.0,10.5,.620,.710,.098,2.0,7.4,4.7,6.9,1.8,1.0,8.0,12.6,1.3,1.1,2.3,.095,-1.4,0.7,-0.7,0.4,.603,122,116,SG,28,0.45,19.4,0.01,0.417,0.462,Orlando Magic,24.0,E,SE,34.0,48.0,0.415,-2.56,112.42,114.99,-2.57,-2.39,112.49,114.88,-2.39,13000000,2014,1,19,82,50
14,Gary Harris,Orlando Magic,Michigan State,United States,76.0,210.0,9.0,2023,Calf/Groin,14.0,2241390.0,9.9,.573,.701,.201,2.3,6.2,4.2,11.1,1.8,0.7,7.7,12.6,0.6,0.7,1.3,.105,-2.3,1.1,-1.2,0.1,.545,121,114,SG,29,0.429,20.2,0.026,0.352,0.316,Orlando Magic,12.0,E,SE,22.0,19.0,0.537,0.88,113.04,112.19,0.85,1.24,112.65,111.44,1.21,13000000,2014,1,19,41,27
0,Gary Payton II,Golden State Warriors,Oregon State,United States,74.0,195.0,7.0,2021,Knee/Back/Hernia,11.0,256358.0,17.8,.679,.349,.169,6.5,14.9,10.8,7.6,3.8,1.7,9.8,14.3,2.5,2.6,5.2,.199,0.3,3.4,3.7,1.8,.679,129,103,SG,29,0.616,10.4,0.18,0.6,0.403,Golden State Warriors,4.0,W,P,53.0,29.0,0.646,5.54,113.33,107.68,5.65,5.52,113.24,107.62,5.62,1669178,2016,0,0,82,71
0,Gary Payton II,Golden State Warriors,Oregon State,United States,74.0,195.0,7.0,2022,Abdominal/Illness/Hip/Ankle,59.0,5962625.0,13.3,.701,.377,.101,7.4,13.9,10.6,11.0,2.9,1.2,18.2,10.3,0.6,0.4,1.0,.125,-1.2,1.5,0.3,0.2,.688,131,115,SG,30,0.594,10.5,0.087,0.769,0.55,Portland Trail Blazers,26.0,W,NW,33.0,49.0,0.402,-4.01,115.72,119.83,-4.11,-3.96,115.72,119.79,-4.07,8300000,2016,0,0,82,23
0,Gary Payton II,Golden State Warriors,Oregon State,United States,74.0,195.0,7.0,2022,Abdominal/Illness/Hip/Ankle,59.0,5962625.0,13.3,.701,.377,.101,7.4,13.9,10.6,11.0,2.9,1.2,18.2,10.3,0.6,0.4,1.0,.125,-1.2,1.5,0.3,0.2,.688,131,115,SG,30,0.594,10.5,0.087,0.769,0.55,Golden State Warriors,12.0,W,P,44.0,38.0,0.537,1.8,117.1,115.34,1.75,1.66,117.0,115.41,1.6,8300000,2016,0,0,82,23
0,Gary Payton II,Golden State Warriors,Oregon State,United States,74.0,195.0,7.0,2023,Hamstring/Calf/Foot/Illness,24.0,2704644.0,11.3,.524,.405,.114,6.6,13.4,10.0,6.8,3.2,1.7,10.8,14.9,0.0,0.3,0.4,.065,-2.8,1.9,-1.0,0.1,.513,109,115,SG,31,0.456,11.6,0.076,0.656,0.238,Golden State Warriors,17.0,W,P,18.0,22.0,0.45,-1.0,118.28,119.24,-0.97,-0.13,118.91,119.0,-0.09,8715000,2016,0,0,40,16
20,Georges Niang,Cleveland Cavaliers,Iowa State,United States,79.0,230.0,7.0,2021,Knee,2.0,37932.0,10.7,.594,.687,.105,1.6,11.3,6.5,8.7,0.9,0.7,9.1,16.8,1.5,1.3,2.8,.077,-0.8,-1.1,-1.9,0.0,.575,113,115,PF,28,0.437,19.1,0.004,0.305,0.39,Philadelphia 76ers,9.0,E,A,51.0,31.0,0.622,2.61,114.39,111.8,2.59,2.57,114.42,111.86,2.56,3300000,2016,2,20,82,80
20,Georges Niang,Cleveland Cavaliers,Iowa State,United States,79.0,230.0,7.0,2022,Knee/Foot,3.0,139398.0,10.9,.610,.765,.090,1.5,12.8,7.2,7.3,1.0,0.9,9.4,17.0,1.1,1.4,2.5,.078,-0.4,-1.0,-1.4,0.2,.596,114,116,PF,29,0.442,20.7,0,0.19,0.534,Philadelphia 76ers,3.0,E,A,54.0,28.0,0.659,4.32,118.87,114.51,4.35,4.37,118.98,114.56,4.42,3465000,2016,2,20,82,79
34,Giannis Antetokounmpo,Milwaukee Bucks,Filathlitikos Div II Greece (Greece),Greece Nigeria,83.0,243.0,10.0,2020,Ankle/Knee/Back,10.0,3770980.0,29.2,.633,.201,.528,5.3,28.9,17.5,28.7,1.7,3.2,13.2,32.5,6.9,3.3,10.2,.244,6.2,2.8,9.0,5.6,.600,122,107,PF,26,0.569,9.5,0.169,0.045,0.3,Milwaukee Bucks,4.0,E,C,46.0,26.0,0.639,5.89,117.68,112.03,5.65,5.57,117.67,112.34,5.33,27528088,2013,1,15,72,62
34,Giannis Antetokounmpo,Milwaukee Bucks,Filathlitikos Div II Greece (Greece),Greece Nigeria,83.0,243.0,10.0,2021,Knee/Ankle/Illness/Calf,10.0,4748520.0,32.1,.633,.194,.615,6.6,30.4,18.7,31.7,1.6,4.0,12.2,34.9,9.2,3.7,12.9,.281,7.6,3.5,11.2,7.4,.582,124,106,PF,27,0.553,10,0.152,0.025,0.167,Milwaukee Bucks,8.0,E,C,51.0,31.0,0.622,3.35,115.86,112.56,3.31,3.22,115.86,112.67,3.18,39344900,2013,1,15,82,72
34,Giannis Antetokounmpo,Milwaukee Bucks,Filathlitikos Div II Greece (Greece),Greece Nigeria,83.0,243.0,10.0,2022,Knee/Illness/Quad,19.0,9524190.0,29.0,.605,.134,.604,7.3,30.0,19.1,33.2,1.2,2.1,13.2,38.8,4.9,3.7,8.6,.204,5.8,2.7,8.5,5.4,.572,117,108,PF,28,0.553,8.1,0.166,0.023,0.25,Milwaukee Bucks,5.0,E,C,58.0,24.0,0.707,3.63,116.13,112.64,3.49,3.61,116.12,112.64,3.48,42492492,2013,1,15,82,63
34,Giannis Antetokounmpo,Milwaukee Bucks,Filathlitikos Div II Greece (Greece),Greece Nigeria,83.0,243.0,10.0,2023,Calf/Shoulder,2.0,1311495.0,29.6,.650,.092,.588,8.7,26.2,17.8,28.4,1.8,2.5,13.2,33.3,4.9,1.8,6.7,.234,6.1,1.7,7.9,3.4,.619,125,113,PF,29,0.608,6.8,0.186,0,0,Milwaukee Bucks,10.0,E,C,28.0,13.0,0.683,3.93,121.93,118.08,3.85,3.11,121.31,118.27,3.04,45640084,2013,1,15,41,39
35,Goga Bitadze,Orlando Magic,KK Mega Bemax (Serbia),Georgia,82.0,250.0,4.0,2020,Ankle,19.0,790023.0,16.3,.523,.407,.314,11.7,17.3,14.5,8.9,0.8,8.7,7.1,18.1,0.7,0.8,1.5,.129,-2.0,1.0,-1.0,0.1,.479,116,109,C,21,0.428,13,0.098,0.051,0,Indiana Pacers,17.0,E,C,34.0,38.0,0.472,-0.04,112.98,112.96,0.02,-0.12,112.99,113.07,-0.08,2957520,2019,1,18,72,53
35,Goga Bitadze,Orlando Magic,KK Mega Bemax (Serbia),Georgia,82.0,250.0,4.0,2021,Foot/Illness,12.0,552017.0,18.0,.595,.317,.373,11.9,15.3,13.5,11.2,1.4,5.0,13.6,19.9,1.3,0.6,1.9,.122,-0.2,-0.6,-0.8,0.2,.565,118,114,C,22,0.52,10.4,0.119,0.063,0.2,Indiana Pacers,23.0,E,C,25.0,57.0,0.305,-3.48,113.6,117.11,-3.51,-3.26,113.74,117.03,-3.28,3098400,2019,1,18,82,70
35,Goga Bitadze,Orlando Magic,KK Mega Bemax (Serbia),Georgia,82.0,250.0,4.0,2022,Illness,2.0,109548.0,17.1,.582,.208,.336,15.0,18.7,16.8,12.1,1.7,5.3,13.3,15.4,0.8,0.6,1.3,.141,-0.8,1.1,0.3,0.3,.576,123,112,C,23,0.552,7.8,0.152,0.038,0,Indiana Pacers,25.0,E,C,35.0,47.0,0.427,-3.18,115.65,118.81,-3.16,-2.91,115.96,118.83,-2.87,5377520,2019,1,18,82,80
35,Goga Bitadze,Orlando Magic,KK Mega Bemax (Serbia),Georgia,82.0,250.0,4.0,2022,Illness,2.0,109548.0,17.1,.582,.208,.336,15.0,18.7,16.8,12.1,1.7,5.3,13.3,15.4,0.8,0.6,1.3,.141,-0.8,1.1,0.3,0.3,.576,123,112,C,23,0.552,7.8,0.152,0.038,0,Orlando Magic,24.0,E,SE,34.0,48.0,0.415,-2.56,112.42,114.99,-2.57,-2.39,112.49,114.88,-2.39,5377520,2019,1,18,82,80
35,Goga Bitadze,Orlando Magic,KK Mega Bemax (Serbia),Georgia,82.0,250.0,4.0,2023,Illness,1.0,23754.0,18.7,.641,.051,.386,13.5,22.2,17.8,11.6,1.6,7.0,12.7,12.9,1.7,1.6,3.3,.201,0.0,3.0,3.1,1.0,.619,133,107,C,24,0.614,3.4,0.295,0.222,0,Orlando Magic,12.0,E,SE,22.0,19.0,0.537,0.88,113.04,112.19,0.85,1.24,112.65,111.44,1.21,2066585,2019,1,18,41,40
20,Gordon Hayward,Charlotte Hornets,Butler,United States,79.0,225.0,13.0,2020,Foot/Hand/Back/Hip,28.0,10541070.0,17.6,.584,.312,.281,2.6,16.3,9.3,19.5,1.7,0.9,11.0,23.9,2.2,1.4,3.5,.114,1.6,-0.1,1.6,1.4,.537,114,113,SF,30,0.473,13.7,0.033,0.176,0.639,Charlotte Hornets,23.0,E,SE,33.0,39.0,0.458,-1.93,111.62,113.69,-2.07,-1.94,111.66,113.75,-2.08,28500000,2010,1,9,72,44
20,Gordon Hayward,Charlotte Hornets,Butler,United States,79.0,225.0,13.0,2021,Ankle/Foot/Back,29.0,10834929.0,15.1,.570,.357,.241,2.5,12.8,7.6,16.1,1.4,1.3,10.6,20.7,1.9,1.0,2.8,.087,0.1,-0.8,-0.7,0.5,.528,113,116,SF,31,0.459,14.4,0.032,0.205,0.444,Charlotte Hornets,16.0,E,SE,43.0,39.0,0.524,0.44,114.94,114.44,0.5,0.53,115.02,114.42,0.6,29925000,2010,1,9,82,53
20,Gordon Hayward,Charlotte Hornets,Butler,United States,79.0,225.0,13.0,2022,Thumb/Hamstring/Shoulder,32.0,11580615.0,13.5,.563,.275,.274,2.2,12.6,7.3,19.3,1.3,0.7,13.2,20.0,0.8,1.1,2.0,.059,-1.1,-0.3,-1.4,0.2,.520,110,118,SF,32,0.475,14.4,0.028,0.231,0.432,Charlotte Hornets,27.0,E,SE,27.0,55.0,0.329,-6.24,109.86,116.14,-6.28,-5.89,110.04,115.96,-5.92,30075000,2010,1,9,82,50
20,Gordon Hayward,Charlotte Hornets,Butler,United States,79.0,225.0,13.0,2023,Calf/Illness/Hamstring,13.0,5431020.0,14.1,.544,.205,.273,3.3,13.6,8.2,21.7,1.7,1.4,13.3,20.7,0.3,0.3,0.6,.035,-1.4,-0.9,-2.3,-0.1,.505,110,122,SF,33,0.468,12.3,0.051,0.279,0.412,Charlotte Hornets,30.0,E,SE,8.0,30.0,0.211,-11.97,110.66,122.96,-12.3,-11.82,110.57,122.69,-12.12,31500000,2010,1,9,38,25
3,Grant Williams,Dallas Mavericks,Tennessee,United States,78.0,236.0,4.0,2023,Ankle/Knee,4.0,570344.0,8.3,.557,.680,.170,4.0,10.4,7.1,8.3,0.8,2.1,12.0,13.2,0.4,0.7,1.1,.051,-2.5,-0.8,-3.3,-0.3,.539,112,119,PF,25,0.413,18.8,0.015,0.392,0.333,Dallas Mavericks,14.0,W,SW,24.0,18.0,0.571,1.1,118.76,117.91,0.85,0.7,119.65,119.19,0.46,12405000,2019,1,22,42,38
8,Grayson Allen,Phoenix Suns,Duke,United States,76.0,198.0,5.0,2020,"Abdominal/Hand/Concussion/Ankle, Rest",14.0,488152.0,12.8,.586,.662,.220,1.6,12.0,6.7,11.5,1.7,0.6,9.6,16.8,1.5,1.2,2.7,.101,-0.2,0.1,-0.2,0.6,.547,116,113,SG,25,0.418,19.2,0.029,0.172,0.34,Memphis Grizzlies,15.0,W,SW,38.0,34.0,0.528,1.03,112.77,111.77,1.0,1.07,112.69,111.63,1.06,2545320,2018,1,21,72,58
8,Grayson Allen,Phoenix Suns,Duke,United States,76.0,198.0,5.0,2021,Hip/Illness,8.0,512666.0,12.7,.609,.684,.130,1.9,10.9,6.5,7.6,1.2,1.0,6.7,15.2,2.8,1.4,4.2,.110,0.6,-0.2,0.4,1.1,.588,122,114,SG,26,0.448,19.2,0.023,0.26,0.455,Milwaukee Bucks,8.0,E,C,51.0,31.0,0.622,3.35,115.86,112.56,3.31,3.22,115.86,112.67,3.18,4054695,2018,1,21,82,74
8,Grayson Allen,Phoenix Suns,Duke,United States,76.0,198.0,5.0,2022,Ankle/Foot,9.0,830467.0,12.3,.612,.657,.226,3.4,9.0,6.3,10.9,1.5,0.6,10.5,14.6,2.8,2.2,5.1,.123,-0.6,0.7,0.1,1.0,.571,123,114,SG,27,0.44,18.7,0.027,0.213,0.474,Milwaukee Bucks,5.0,E,C,58.0,24.0,0.707,3.63,116.13,112.64,3.49,3.61,116.12,112.64,3.48,8925000,2018,1,21,82,73
8,Grayson Allen,Phoenix Suns,Duke,United States,76.0,198.0,5.0,2023,Groin/Illness,5.0,586212.0,14.0,.685,.623,.210,2.9,11.4,7.3,12.1,1.3,1.8,13.0,15.1,2.1,0.9,3.0,.123,1.2,-0.5,0.7,0.8,.653,128,118,SG,28,0.503,17.5,0.028,0.292,0.559,Phoenix Suns,16.0,W,P,22.0,18.0,0.55,1.5,118.93,117.37,1.56,-0.05,118.9,118.92,-0.01,8925000,2018,1,21,40,35
40,Harrison Barnes,Sacramento Kings,North Carolina,United States,80.0,225.0,11.0,2020,Thigh/Hip/Foot,14.0,3651936.0,15.4,.626,.399,.366,3.3,17.2,10.2,13.0,1.0,0.4,11.1,17.2,4.0,0.5,4.5,.103,1.5,-1.3,0.2,1.1,.575,123,119,PF,28,0.497,12.5,0.059,0.223,0.491,Sacramento Kings,24.0,W,P,31.0,41.0,0.431,-3.68,114.4,118.0,-3.6,-3.45,114.59,117.94,-3.36,22215909,2012,1,7,72,58
40,Harrison Barnes,Sacramento Kings,North Carolina,United States,80.0,225.0,11.0,2021,Foot,5.0,1398900.0,15.7,.623,.432,.495,3.4,14.9,9.1,10.5,1.0,0.5,10.4,18.8,5.0,1.0,6.0,.112,1.5,-1.3,0.2,1.4,.554,121,118,PF,29,0.469,13.5,0.034,0.308,0.486,Sacramento Kings,25.0,W,P,30.0,52.0,0.366,-5.46,110.69,116.28,-5.59,-5.26,110.92,116.31,-5.38,20284091,2012,1,7,82,77
40,Ivica Zubac,Los Angeles Clippers,KK Mega Bemax (Serbia),Bosnia and Herzegovina Croatia,84.0,240.0,7.0,2021,Calf,2.0,259260.0,19.2,.660,.000,.459,12.8,23.7,18.4,9.8,1.0,3.5,16.1,16.8,4.3,2.9,7.2,.187,-0.1,0.8,0.7,1.3,.626,126,107,C,24,0.626,3.4,0.248,0,0,Los Angeles Clippers,18.0,W,P,42.0,40.0,0.512,0.02,110.86,110.92,-0.06,0.09,110.85,110.85,0.0,7518518,2016,2,2,82,80
40,Ivica Zubac,Los Angeles Clippers,KK Mega Bemax (Serbia),Bosnia and Herzegovina Croatia,84.0,240.0,7.0,2022,Foot/Calf/Knee,6.0,756353.0,16.7,.661,.004,.463,12.3,26.5,19.5,5.1,0.7,4.0,15.9,14.8,3.8,2.9,6.7,.149,-1.1,0.2,-0.9,0.6,.634,125,112,C,25,0.634,3.3,0.286,0,0,Los Angeles Clippers,18.0,W,P,44.0,38.0,0.537,0.5,115.91,115.4,0.51,0.31,115.67,115.37,0.31,10123457,2016,2,2,82,76
40,Ivica Zubac,Los Angeles Clippers,KK Mega Bemax (Serbia),Bosnia and Herzegovina Croatia,84.0,240.0,7.0,2023,Calf,2.0,377010.0,19.7,.665,.000,.342,14.1,26.5,20.5,6.7,0.4,4.6,10.9,16.8,2.7,1.4,4.1,.191,0.7,-0.2,0.6,0.7,.655,133,113,C,26,0.655,3.3,0.254,0,0,Los Angeles Clippers,5.0,W,P,26.0,14.0,0.65,5.63,121.37,115.67,5.7,5.51,121.46,115.87,5.59,10933333,2016,2,2,40,38
12,Ja Morant,Memphis Grizzlies,Murray State,United States,74.0,174.0,4.0,2020,Back/Ankle,9.0,1192934.0,16.7,.537,.252,.389,3.0,10.1,6.5,33.5,1.3,0.6,15.3,27.2,1.6,1.6,3.2,.074,1.3,-1.6,-0.4,0.8,.487,108,115,PG,21,0.449,10.7,0.06,0.104,0.24,Memphis Grizzlies,15.0,W,SW,38.0,34.0,0.528,1.03,112.77,111.77,1.0,1.07,112.69,111.63,1.06,9166800,2019,1,2,72,63
12,Ja Morant,Memphis Grizzlies,Murray State,United States,74.0,174.0,4.0,2021,Knee/Back/Ankle/Thigh,25.0,2649216.0,24.4,.575,.218,.353,4.2,14.1,9.0,34.1,1.7,1.0,12.6,33.7,4.6,2.1,6.7,.171,6.2,-0.1,6.1,3.9,.530,116,111,PG,22,0.493,10.3,0.057,0.09,0.391,Memphis Grizzlies,5.0,W,SW,56.0,26.0,0.683,5.68,115.5,109.94,5.56,5.37,115.38,110.14,5.24,9603360,2019,1,2,82,57
12,Ja Morant,Memphis Grizzlies,Murray State,United States,74.0,174.0,4.0,2022,"Hand/Hip/Thigh/Wrist/Ankle/Illness, Personal",20.0,2507472.0,23.3,.557,.247,.409,3.3,16.1,9.7,41.1,1.6,0.7,12.6,34.9,3.4,2.6,6.0,.148,5.2,0.5,5.7,3.8,.504,114,112,PG,23,0.466,11.1,0.058,0.1,0.433,Memphis Grizzlies,4.0,W,SW,51.0,31.0,0.622,3.94,116.01,112.07,3.93,3.6,115.68,112.09,3.59,12119440,2019,1,2,82,62
12,Ja Morant,Memphis Grizzlies,Murray State,United States,74.0,174.0,4.0,2023,Shoulder/Illness,6.0,2736048.0,20.5,.570,.300,.376,2.0,15.7,8.6,41.1,1.1,1.5,12.0,30.2,0.5,0.3,0.8,.126,2.7,0.4,3.1,0.4,.512,115,115,PG,24,0.471,11.9,0.047,0.098,0.2,Memphis Grizzlies,25.0,W,SW,15.0,26.0,0.366,-5.22,109.04,114.29,-5.25,-4.56,109.1,113.68,-4.57,34005250,2019,1,2,41,35
0,JaVale McGee,Sacramento Kings,Nevada,United States,84.0,270.0,15.0,2020,Knee,1.0,57534.0,17.0,.541,.085,.238,12.6,27.3,19.8,9.7,1.4,7.3,16.2,23.9,-0.1,1.1,1.0,.068,-3.3,0.8,-2.5,-0.1,.520,102,107,C,33,0.511,6.6,0.167,0.167,0.25,Cleveland Cavaliers,28.0,E,C,22.0,50.0,0.306,-8.44,106.85,115.65,-8.8,-8.19,106.96,115.51,-8.55,4200000,2008,1,18,72,71
0,JaVale McGee,Sacramento Kings,Nevada,United States,84.0,270.0,15.0,2020,Knee,1.0,57534.0,17.0,.541,.085,.238,12.6,27.3,19.8,9.7,1.4,7.3,16.2,23.9,-0.1,1.1,1.0,.068,-3.3,0.8,-2.5,-0.1,.520,102,107,C,33,0.511,6.6,0.167,0.167,0.25,Denver Nuggets,6.0,W,NW,47.0,25.0,0.653,4.93,118.04,113.01,5.03,4.82,118.02,113.1,4.92,4200000,2008,1,18,72,71
0,JaVale McGee,Sacramento Kings,Nevada,United States,84.0,270.0,15.0,2021,Illness/Knee,4.0,258624.0,22.6,.651,.020,.319,15.3,29.7,22.7,5.4,0.9,6.1,15.8,22.8,2.4,2.6,4.9,.201,-0.1,0.9,0.8,0.8,.631,118,102,C,34,0.629,4.3,0.229,0,0,Phoenix Suns,2.0,W,P,64.0,18.0,0.78,7.5,115.65,108.17,7.48,6.94,115.41,108.5,6.91,5000000,2008,1,18,82,78
0,JaVale McGee,Sacramento Kings,Nevada,United States,84.0,270.0,15.0,2022,Ankle/Illness/Neck,7.0,439404.0,17.2,.650,.040,.328,9.7,25.5,17.5,5.2,0.6,6.5,20.1,22.8,0.1,0.5,0.6,.076,-3.6,-0.1,-3.7,-0.1,.648,108,112,C,35,0.64,4,0.296,0,0,Dallas Mavericks,19.0,W,SW,38.0,44.0,0.463,0.07,117.63,117.56,0.06,-0.14,117.54,117.7,-0.16,5461219,2008,1,18,82,75
99,Jae Crowder,Milwaukee Bucks,Marquette,United States,78.0,235.0,11.0,2020,Ankle/Foot,12.0,1331631.0,11.8,.574,.772,.152,2.2,16.9,9.7,10.0,1.4,1.5,9.5,15.7,1.4,1.9,3.3,.097,0.3,0.8,1.1,1.3,.555,113,111,PF,30,0.404,21.9,0.006,0.255,0.402,Phoenix Suns,3.0,W,P,51.0,21.0,0.708,5.82,118.01,112.14,5.87,5.67,117.96,112.22,5.74,9258000,2012,2,4,72,60
99,Jae Crowder,Milwaukee Bucks,Marquette,United States,78.0,235.0,11.0,2021,"Ankle/Groin/Wrist, Rest",9.0,893872.0,11.3,.541,.671,.165,1.8,18.0,10.1,8.3,2.4,1.4,8.6,14.6,0.9,3.4,4.3,.110,-1.3,2.4,1.1,1.5,.516,109,105,PF,31,0.399,20.8,0.004,0.214,0.423,Phoenix Suns,2.0,W,P,64.0,18.0,0.78,7.5,115.65,108.17,7.48,6.94,115.41,108.5,6.91,9720900,2012,2,4,82,73
99,Jae Crowder,Milwaukee Bucks,Marquette,United States,78.0,235.0,11.0,2022,Calf,6.0,702336.0,14.6,.624,.585,.128,5.4,15.3,10.6,10.6,1.7,1.4,6.6,13.2,0.7,0.5,1.2,.165,0.1,1.1,1.2,0.3,.606,133,111,PF,32,0.479,18.8,0.011,0.273,0.467,Milwaukee Bucks,5.0,E,C,58.0,24.0,0.707,3.63,116.13,112.64,3.49,3.61,116.12,112.64,3.48,10183800,2012,2,4,82,76
99,Jae Crowder,Milwaukee Bucks,Marquette,United States,78.0,235.0,11.0,2023,Groin/Adductor,31.0,1194050.0,12.0,.665,.683,.233,1.8,13.0,7.6,7.1,1.5,0.9,5.7,11.5,0.4,0.2,0.6,.113,1.0,0.2,1.1,0.2,.667,133,118,PF,33,0.5,20.3,0,0.341,0.429,Milwaukee Bucks,10.0,E,C,28.0,13.0,0.683,3.93,121.93,118.08,3.85,3.11,121.31,118.27,3.04,3196448,2012,2,4,41,10
19,Jakob Poeltl,Toronto Raptors,Utah,Austria,84.0,260.0,7.0,2020,Rest,3.0,166476.0,17.5,.612,.000,.288,12.4,19.3,15.8,10.1,1.2,5.7,14.6,13.4,3.2,2.5,5.7,.148,-0.5,1.2,0.8,1.3,.616,123,109,C,25,0.616,3.7,0.1,0,0,San Antonio Spurs,21.0,W,SW,33.0,39.0,0.458,-1.74,111.61,113.35,-1.74,-1.58,111.59,113.17,-1.57,8101852,2016,1,9,72,69
19,Jakob Poeltl,Toronto Raptors,Utah,Austria,84.0,260.0,7.0,2021,Back/Concussion,7.0,603444.0,20.8,.613,.002,.287,13.9,20.0,16.9,14.0,1.1,5.0,12.7,18.3,4.4,2.5,6.9,.168,0.9,0.7,1.6,1.7,.619,123,110,C,26,0.618,4.7,0.072,0,0,San Antonio Spurs,19.0,W,SW,34.0,48.0,0.415,0.12,113.04,113.0,0.03,0.02,113.09,113.16,-0.07,8750000,2016,1,9,82,75
19,Jakob Poeltl,Toronto Raptors,Utah,Austria,84.0,260.0,7.0,2022,Undisclosed/Knee,9.0,1188264.0,21.0,.635,.002,.325,13.0,25.5,19.0,15.2,1.7,4.0,15.0,18.2,3.7,2.2,6.0,.150,1.1,0.8,1.9,1.9,.629,123,114,C,27,0.629,4.6,0.045,0,0,San Antonio Spurs,30.0,W,SW,22.0,60.0,0.268,-10.04,111.11,120.96,-9.85,-9.82,111.14,120.79,-9.65,9398148,2016,1,9,82,73
19,Jakob Poeltl,Toronto Raptors,Utah,Austria,84.0,260.0,7.0,2022,Undisclosed/Knee,9.0,1188264.0,21.0,.635,.002,.325,13.0,25.5,19.0,15.2,1.7,4.0,15.0,18.2,3.7,2.2,6.0,.150,1.1,0.8,1.9,1.9,.629,123,114,C,27,0.629,4.6,0.045,0,0,Toronto Raptors,10.0,E,A,41.0,41.0,0.5,1.48,116.37,114.86,1.51,1.59,116.55,114.91,1.63,9398148,2016,1,9,82,73
19,Jakob Poeltl,Toronto Raptors,Utah,Austria,84.0,260.0,7.0,2023,Ankle,6.0,1232759.0,18.1,.675,.000,.319,11.3,23.6,17.3,13.0,1.2,4.6,16.8,15.2,1.7,1.2,2.9,.146,-0.5,1.3,0.7,0.7,.685,126,114,C,28,0.685,3.7,0.093,0,0,Toronto Raptors,21.0,E,A,16.0,26.0,0.381,-1.31,116.45,117.85,-1.4,-1.26,116.39,117.74,-1.35,19500000,2016,1,9,42,36
11,Jalen Brunson,New York Knicks,Villanova,United States,74.0,190.0,5.0,2021,Foot,3.0,51785.0,17.1,.583,.250,.211,1.9,11.7,6.8,24.3,1.3,0.1,10.1,21.9,4.9,2.7,7.5,.143,0.9,0.0,0.9,1.9,.549,118,112,SG,25,0.502,13.1,0.005,0.298,0.507,Dallas Mavericks,7.0,W,SW,52.0,30.0,0.634,3.3,113.82,110.27,3.55,3.12,113.76,110.41,3.35,1802057,2018,2,3,82,79
11,Jalen Brunson,New York Knicks,Villanova,United States,74.0,190.0,5.0,2022,Injury Management/Hand/Foot/Illness/Hip,14.0,4303449.0,21.2,.597,.269,.328,1.8,9.3,5.6,28.7,1.3,0.6,9.4,27.2,6.9,1.8,8.7,.175,4.4,-0.5,3.9,3.5,.547,125,117,PG,26,0.491,12.9,0.002,0.205,0.424,New York Knicks,6.0,E,A,47.0,35.0,0.573,2.93,118.86,115.83,3.03,2.99,118.98,115.88,3.1,27733332,2018,2,3,82,68
11,Jalen Brunson,New York Knicks,Villanova,United States,74.0,190.0,5.0,2023,Calf,2.0,605672.0,20.9,.591,.336,.309,1.9,10.1,6.0,29.9,1.3,0.5,9.8,29.1,3.8,1.4,5.2,.173,4.6,-0.4,4.2,2.2,.543,123,117,PG,27,0.472,15.1,0,0.129,0.529,New York Knicks,8.0,E,A,25.0,17.0,0.595,4.07,118.78,114.48,4.3,3.82,118.56,114.52,4.04,26346666,2018,2,3,42,40
2,Jalen McDaniels,Toronto Raptors,San Diego State,United States,81.0,190.0,4.0,2021,Ankle,19.0,461025.0,12.7,.595,.425,.283,4.3,16.0,10.1,8.7,1.4,2.3,11.2,15.3,1.0,0.7,1.7,.093,-1.9,-0.4,-2.3,-0.1,.565,116,114,SF,24,0.484,13.4,0.075,0.38,0.341,Charlotte Hornets,16.0,E,SE,43.0,39.0,0.524,0.44,114.94,114.44,0.5,0.53,115.02,114.42,0.6,1782621,2019,2,22,82,63
2,Jalen McDaniels,Toronto Raptors,San Diego State,United States,81.0,190.0,4.0,2022,Hip,4.0,66576.0,11.8,.557,.376,.224,3.6,16.3,9.9,9.6,2.1,1.6,12.1,17.2,0.5,2.2,2.7,.068,-2.7,0.6,-2.1,-0.1,.518,108,114,SF,25,0.455,12.3,0.073,0.384,0.337,Charlotte Hornets,27.0,E,SE,27.0,55.0,0.329,-6.24,109.86,116.14,-6.28,-5.89,110.04,115.96,-5.92,1930681,2019,2,22,82,78
2,Jalen McDaniels,Toronto Raptors,San Diego State,United States,81.0,190.0,4.0,2022,Hip,4.0,66576.0,11.8,.557,.376,.224,3.6,16.3,9.9,9.6,2.1,1.6,12.1,17.2,0.5,2.2,2.7,.068,-2.7,0.6,-2.1,-0.1,.518,108,114,SF,25,0.455,12.3,0.073,0.384,0.337,Philadelphia 76ers,3.0,E,A,54.0,28.0,0.659,4.32,118.87,114.51,4.35,4.37,118.98,114.56,4.42,1930681,2019,2,22,82,78
27,Jamal Murray,Denver Nuggets,Kentucky,Canada,76.0,215.0,7.0,2020,Knee ACL/Knee,23.0,7849128.0,18.3,.592,.399,.193,2.5,10.4,6.5,20.3,1.9,0.7,11.2,24.8,3.1,1.5,4.6,.129,2.7,-0.7,2.0,1.7,.559,116,114,PG,23,0.477,16.9,0.027,0.136,0.488,Denver Nuggets,6.0,W,NW,47.0,25.0,0.653,4.93,118.04,113.01,5.03,4.82,118.02,113.1,4.92,27285000,2016,1,7,72,49
27,Jamal Murray,Denver Nuggets,Kentucky,Canada,76.0,215.0,7.0,2022,Thumb/Injury Management/Knee/Ankle,14.0,4911300.0,18.0,.571,.415,.207,2.7,11.0,6.9,27.5,1.5,0.7,11.3,26.1,3.3,1.9,5.1,.116,2.6,-1.3,1.3,1.8,.537,116,116,PG,25,0.454,16.2,0.018,0.12,0.5,Denver Nuggets,7.0,W,NW,53.0,29.0,0.646,3.33,118.38,115.05,3.34,3.04,118.22,115.18,3.04,31650600,2016,1,7,82,68
27,Jamal Murray,Denver Nuggets,Kentucky,Canada,76.0,215.0,7.0,2023,Ankle/Hamstring,14.0,5833350.0,20.6,.584,.346,.202,2.1,11.0,6.7,31.5,1.4,2.0,10.1,27.6,1.8,0.9,2.7,.151,4.3,-0.5,3.8,1.3,.548,120,116,PG,26,0.477,15.3,0.02,0.109,0.176,Denver Nuggets,6.0,W,NW,28.0,14.0,0.667,4.95,120.46,115.32,5.14,5.09,120.56,115.3,5.26,33833400,2016,1,7,42,28
1,James Harden,Los Angeles Clippers,Arizona State,United States,77.0,220.0,14.0,2020,Hamstring/Neck/Thigh/Ankle,24.0,12998128.0,24.5,.618,.455,.440,2.5,20.6,11.9,44.4,1.6,1.8,16.8,28.4,5.3,1.7,7.0,.208,6.2,1.0,7.2,3.7,.548,122,112,PG,31,0.466,14.5,0.007,0.045,0.333,Houston Rockets,27.0,W,SW,17.0,55.0,0.236,-7.9,107.85,115.69,-7.84,-7.5,107.93,115.35,-7.42,41254920,2009,1,3,72,48
1,James Harden,Los Angeles Clippers,Arizona State,United States,77.0,220.0,14.0,2020,Hamstring/Neck/Thigh/Ankle,24.0,12998128.0,24.5,.618,.455,.440,2.5,20.6,11.9,44.4,1.6,1.8,16.8,28.4,5.3,1.7,7.0,.208,6.2,1.0,7.2,3.7,.548,122,112,PG,31,0.466,14.5,0.007,0.045,0.333,Brooklyn Nets,7.0,E,A,48.0,24.0,0.667,4.5,118.91,114.4,4.52,4.24,119.0,114.76,4.24,41254920,2009,1,3,72,48
1,James Harden,Los Angeles Clippers,Arizona State,United States,77.0,220.0,14.0,2021,Rest,1.0,254660.0,20.9,.583,.452,.540,2.6,19.7,11.3,40.3,1.7,1.3,18.8,27.2,4.9,2.7,7.6,.152,3.7,0.3,4.0,3.7,.485,115,111,PG,32,0.41,14.6,0.006,0.049,0.273,Brooklyn Nets,15.0,E,A,44.0,38.0,0.537,0.78,114.69,113.93,0.76,0.82,114.84,114.03,0.81,44310840,2009,1,3,82,81
1,James Harden,Los Angeles Clippers,Arizona State,United States,77.0,220.0,14.0,2021,Rest,1.0,254660.0,20.9,.583,.452,.540,2.6,19.7,11.3,40.3,1.7,1.3,18.8,27.2,4.9,2.7,7.6,.152,3.7,0.3,4.0,3.7,.485,115,111,PG,32,0.41,14.6,0.006,0.049,0.273,Philadelphia 76ers,9.0,E,A,51.0,31.0,0.622,2.61,114.39,111.8,2.59,2.57,114.42,111.86,2.56,44310840,2009,1,3,82,81
1,James Harden,Los Angeles Clippers,Arizona State,United States,77.0,220.0,14.0,2022,Injury Management/Achilles/Foot,24.0,8724130.0,21.6,.607,.496,.429,2.3,17.1,9.8,43.3,1.6,1.4,16.3,25.0,5.8,2.6,8.4,.188,5.1,0.3,5.4,4.0,.536,123,113,PG,33,0.441,16.4,0.001,0.05,0.429,Philadelphia 76ers,3.0,E,A,54.0,28.0,0.659,4.32,118.87,114.51,4.35,4.37,118.98,114.56,4.42,33000000,2009,1,3,82,58
1,James Harden,Los Angeles Clippers,Arizona State,United States,77.0,220.0,14.0,2023,Personal,3.0,1433796.0,19.3,.641,.584,.429,1.1,13.9,7.7,33.3,1.8,2.3,16.7,20.3,3.2,1.4,4.6,.184,4.1,0.7,4.8,2.0,.575,128,115,PG,34,0.452,18.2,0.003,0.079,0.444,Los Angeles Clippers,5.0,W,P,26.0,14.0,0.65,5.63,121.37,115.67,5.7,5.51,121.46,115.87,5.59,35640000,2009,1,3,40,37
2,Jarred Vanderbilt,Los Angeles Lakers,Kentucky,United States,80.0,214.0,5.0,2021,Quad/Illness,4.0,160923.0,15.3,.612,.039,.363,12.0,23.9,17.8,6.7,2.5,2.4,14.8,10.9,3.1,2.9,6.0,.153,-0.8,1.0,0.2,1.1,.590,127,108,PF,22,0.587,3.1,0.343,0.643,0.222,Minnesota Timberwolves,11.0,W,NW,46.0,36.0,0.561,2.63,115.15,112.6,2.54,2.53,115.23,112.79,2.44,4050000,2018,2,11,82,78
2,Jarred Vanderbilt,Los Angeles Lakers,Kentucky,United States,80.0,214.0,5.0,2022,Back/Adductor,2.0,124140.0,15.1,.604,.200,.308,10.0,23.2,16.7,13.1,2.1,0.9,15.9,13.6,2.7,2.5,5.2,.132,-0.6,1.6,1.1,1.5,.580,123,112,PF,23,0.548,7.7,0.213,0.878,0.354,Utah Jazz,22.0,W,NW,37.0,45.0,0.451,-0.94,116.41,117.44,-1.02,-1.03,116.32,117.43,-1.11,4374000,2018,2,11,82,80
2,Jarred Vanderbilt,Los Angeles Lakers,Kentucky,United States,80.0,214.0,5.0,2022,Back/Adductor,2.0,124140.0,15.1,.604,.200,.308,10.0,23.2,16.7,13.1,2.1,0.9,15.9,13.6,2.7,2.5,5.2,.132,-0.6,1.6,1.1,1.5,.580,123,112,PF,23,0.548,7.7,0.213,0.878,0.354,Los Angeles Lakers,16.0,W,P,43.0,39.0,0.524,0.57,115.31,114.76,0.55,0.43,115.07,114.67,0.4,4374000,2018,2,11,82,80
2,Jarred Vanderbilt,Los Angeles Lakers,Kentucky,United States,80.0,214.0,5.0,2023,Back/Heel,21.0,1066680.0,7.7,.456,.313,.297,7.8,18.1,13.1,6.8,2.2,0.7,16.2,9.3,-0.1,0.5,0.4,.052,-4.9,0.9,-4.0,-0.2,.430,102,113,PF,24,0.406,9.6,0.172,0.8,0.188,Los Angeles Lakers,19.0,W,P,21.0,21.0,0.5,-1.0,113.66,114.82,-1.16,-0.45,114.38,114.99,-0.61,4698000,2018,2,11,42,21
31,Jarrett Allen,Cleveland Cavaliers,Texas,United States,81.0,243.0,6.0,2020,Concussion,8.0,482040.0,20.1,.661,.039,.602,11.6,26.3,18.9,8.7,0.8,4.3,14.1,16.6,4.3,2.1,6.4,.166,1.3,-0.2,1.1,1.4,.624,127,112,C,22,0.618,4.5,0.288,0.368,0.286,Brooklyn Nets,7.0,E,A,48.0,24.0,0.667,4.5,118.91,114.4,4.52,4.24,119.0,114.76,4.24,3909902,2017,1,22,72,64
31,Jarrett Allen,Cleveland Cavaliers,Texas,United States,81.0,243.0,6.0,2020,Concussion,8.0,482040.0,20.1,.661,.039,.602,11.6,26.3,18.9,8.7,0.8,4.3,14.1,16.6,4.3,2.1,6.4,.166,1.3,-0.2,1.1,1.4,.624,127,112,C,22,0.618,4.5,0.288,0.368,0.286,Cleveland Cavaliers,28.0,E,C,22.0,50.0,0.306,-8.44,106.85,115.65,-8.8,-8.19,106.96,115.51,-8.55,3909902,2017,1,22,72,64
31,Jarrett Allen,Cleveland Cavaliers,Texas,United States,81.0,243.0,6.0,2021,Finger/Illness,22.0,4827606.0,23.0,.698,.018,.428,12.0,24.5,18.4,8.2,1.2,3.7,12.7,18.1,5.4,3.0,8.5,.224,2.7,1.2,3.9,2.7,.678,132,106,C,23,0.677,3.8,0.343,0.6,0,Cleveland Cavaliers,13.0,E,C,44.0,38.0,0.537,2.12,112.92,110.79,2.13,2.04,112.66,110.62,2.05,20000000,2017,1,22,82,60
31,Jarrett Allen,Cleveland Cavaliers,Texas,United States,81.0,243.0,6.0,2022,Groin/Eye/Back/Ankle,14.0,3448290.0,19.9,.670,.016,.353,11.7,23.6,17.7,7.5,1.2,3.5,11.4,16.4,5.5,4.0,9.5,.205,1.3,1.0,2.4,2.4,.645,132,108,C,24,0.644,4.4,0.316,0.6,0,Cleveland Cavaliers,2.0,E,C,51.0,31.0,0.622,5.38,117.31,111.69,5.62,5.23,117.31,111.84,5.47,20000000,2017,1,22,82,68
31,Jarrett Allen,Cleveland Cavaliers,Texas,United States,81.0,243.0,6.0,2023,Ankle,5.0,1034487.0,22.2,.693,.003,.387,13.0,24.2,18.7,14.5,1.4,3.1,13.8,17.6,3.1,1.9,4.9,.230,2.1,1.8,3.8,1.5,.665,135,109,C,25,0.665,4,0.245,0,0,Cleveland Cavaliers,9.0,E,C,24.0,15.0,0.615,3.31,115.84,112.55,3.29,3.07,115.36,112.31,3.06,20000000,2017,1,22,39,34
11,Jaxson Hayes,Los Angeles Lakers,Texas,United States,84.0,220.0,4.0,2020,Wrist,1.0,69934.0,19.1,.675,.050,.429,10.4,18.6,14.5,5.2,1.2,3.7,10.5,16.2,2.6,1.0,3.5,.176,0.6,0.0,0.6,0.6,.636,132,112,C,20,0.625,4.5,0.268,0.357,0.4,New Orleans Pelicans,18.0,W,SW,31.0,41.0,0.431,-0.29,114.47,114.78,-0.32,-0.2,114.52,114.73,-0.21,5105160,2019,1,8,72,71
11,Jaxson Hayes,Los Angeles Lakers,Texas,United States,84.0,220.0,4.0,2022,Elbow,2.0,156392.0,13.7,.605,.186,.532,7.3,17.3,12.3,7.7,1.6,3.0,13.9,15.7,0.6,0.9,1.5,.118,-2.2,1.0,-1.2,0.1,.561,117,111,C,22,0.551,7.4,0.308,0.414,0.167,New Orleans Pelicans,11.0,W,SW,42.0,40.0,0.512,1.89,115.26,113.38,1.88,1.63,115.0,113.38,1.61,6803012,2019,1,8,82,80
11,Jaxson Hayes,Los Angeles Lakers,Texas,United States,84.0,220.0,4.0,2023,Elbow/Ankle,3.0,74658.0,8.6,.653,.065,.452,5.5,13.7,9.8,4.8,1.0,3.2,19.5,12.0,0.1,0.4,0.5,.069,-6.1,0.7,-5.4,-0.3,.661,111,115,C,23,0.661,4.3,0.403,0.25,0,Los Angeles Lakers,19.0,W,P,21.0,21.0,0.5,-1.0,113.66,114.82,-1.16,-0.45,114.38,114.99,-0.61,2165000,2019,1,8,42,39
7,Jaylen Brown,Boston Celtics,California,United States,78.0,223.0,7.0,2020,Wrist/Ankle/Shoulder/Illness/Hip/Knee,14.0,3936825.0,19.9,.586,.370,.225,3.9,15.5,9.7,16.5,1.8,1.5,11.5,29.7,2.8,2.0,4.8,.115,3.2,-0.7,2.5,2.3,.558,112,113,SG,24,0.484,14.3,0.024,0.158,0.4,Boston Celtics,13.0,E,A,36.0,36.0,0.5,1.46,114.66,113.29,1.37,1.32,114.69,113.47,1.22,25035118,2016,1,3,72,58
7,Jaylen Brown,Boston Celtics,California,United States,78.0,223.0,7.0,2021,Knee/Ankle/Hamstring,16.0,4566496.0,18.9,.574,.381,.261,2.6,16.7,9.8,17.9,1.6,0.7,11.6,30.5,2.3,3.4,5.8,.124,1.9,0.1,2.1,2.2,.541,109,108,SF,25,0.473,14.5,0.034,0.185,0.337,Boston Celtics,1.0,E,A,51.0,31.0,0.622,7.28,115.37,107.71,7.66,7.02,115.05,107.65,7.39,26758928,2016,1,3,82,66
7,Jaylen Brown,Boston Celtics,California,United States,78.0,223.0,7.0,2022,"Finger/Back/Face/Illness/Adductor/Knee, Personal",14.0,3831850.0,19.1,.581,.352,.249,3.6,17.0,10.4,16.5,1.5,0.9,11.4,31.4,1.6,3.4,5.0,.100,1.5,-0.2,1.3,2.0,.550,110,111,SF,26,0.491,13.6,0.052,0.125,0.279,Boston Celtics,1.0,E,A,57.0,25.0,0.695,6.52,118.98,112.28,6.7,6.38,119.04,112.48,6.56,29776785,2016,1,3,82,68
7,Jaylen Brown,Boston Celtics,California,United States,78.0,223.0,7.0,2023,Knee/Back/Illness,3.0,819220.0,18.2,.585,.332,.246,3.2,13.0,8.3,16.9,1.5,1.7,11.6,28.8,1.3,1.8,3.1,.117,0.9,0.1,1.0,1.0,.558,113,112,SF,27,0.496,13.5,0.091,0.145,0.394,Boston Celtics,1.0,E,A,32.0,9.0,0.78,10.0,122.38,112.22,10.16,10.4,122.6,112.03,10.57,31830357,2016,1,3,41,38
0,Jayson Tatum,Boston Celtics,Duke,United States,80.0,210.0,6.0,2020,Ankle/Illness/Covid 19,8.0,1287972.0,21.3,.576,.368,.258,2.4,20.7,11.5,20.3,1.6,1.3,10.4,30.8,4.1,2.5,6.5,.137,4.2,-0.3,3.9,3.4,.530,114,112,SF,22,0.459,14.6,0.045,0.136,0.364,Boston Celtics,13.0,E,A,36.0,36.0,0.5,1.46,114.66,113.29,1.37,1.32,114.69,113.47,1.22,9897120,2017,1,3,72,64
0,Jayson Tatum,Boston Celtics,Duke,United States,80.0,210.0,6.0,2021,Knee,2.0,807570.0,21.8,.578,.416,.300,3.5,20.2,12.1,21.1,1.4,1.6,10.9,32.1,5.0,4.6,9.6,.169,4.3,0.6,5.0,4.8,.526,113,106,SF,23,0.453,15.2,0.052,0.121,0.38,Boston Celtics,1.0,E,A,51.0,31.0,0.622,7.28,115.37,107.71,7.66,7.02,115.05,107.65,7.39,28103500,2017,1,3,82,80
0,Jayson Tatum,Boston Celtics,Duke,United States,80.0,210.0,6.0,2022,"Hip/Knee/Illness/Wrist/Ankle, Personal",8.0,2442104.0,23.7,.607,.440,.399,3.2,22.5,13.0,20.9,1.4,1.6,10.4,32.7,6.2,4.3,10.5,.185,4.8,0.7,5.5,5.1,.543,118,110,SF,24,0.466,14.8,0.065,0.08,0.455,Boston Celtics,1.0,E,A,57.0,25.0,0.695,6.52,118.98,112.28,6.7,6.38,119.04,112.48,6.56,30351780,2017,1,3,82,74
0,Jayson Tatum,Boston Celtics,Duke,United States,80.0,210.0,6.0,2023,Injury Management/Ankle,3.0,1124142.0,21.7,.606,.436,.359,2.7,21.4,12.5,19.6,1.3,1.2,10.7,30.0,2.8,2.2,5.1,.178,4.1,0.8,5.0,2.3,.557,119,110,PF,25,0.475,15.6,0.067,0.066,0.429,Boston Celtics,1.0,E,A,32.0,9.0,0.78,10.0,122.38,112.22,10.16,10.4,122.6,112.03,10.57,32600060,2017,1,3,41,38
32,Jeff Green,Houston Rockets,Georgetown,United States,80.0,235.0,15.0,2020,Shoulder,4.0,245938.0,13.0,.624,.472,.304,2.2,13.1,7.9,7.8,0.9,1.3,8.2,15.6,2.9,1.2,4.1,.107,0.0,-0.9,-0.8,0.5,.590,122,116,PF,34,0.492,14.4,0.077,0.42,0.438,Brooklyn Nets,7.0,E,A,48.0,24.0,0.667,4.5,118.91,114.4,4.52,4.24,119.0,114.76,4.24,2564753,2007,1,5,72,68
32,Jeff Green,Houston Rockets,Georgetown,United States,80.0,235.0,15.0,2021,"Quad, Personal",4.0,181034.0,12.5,.627,.318,.374,2.6,11.1,7.0,7.3,0.7,1.3,10.3,16.3,2.7,1.2,3.9,.101,-1.2,-1.3,-2.5,-0.2,.574,119,115,PF,35,0.524,11.3,0.153,0.548,0.315,Denver Nuggets,12.0,W,NW,48.0,34.0,0.585,2.3,115.21,112.88,2.33,2.16,115.25,113.08,2.17,4500000,2007,1,5,82,78
32,Jeff Green,Houston Rockets,Georgetown,United States,80.0,235.0,15.0,2022,Face/Hand/Knee,22.0,1060342.0,11.0,.576,.317,.357,4.1,10.9,7.6,8.3,0.8,1.4,10.8,17.0,0.8,0.8,1.7,.074,-2.4,-1.0,-3.4,-0.4,.534,114,117,PF,36,0.488,11.5,0.146,0.365,0.421,Denver Nuggets,7.0,W,NW,53.0,29.0,0.646,3.33,118.38,115.05,3.34,3.04,118.22,115.18,3.04,4500000,2007,1,5,82,60
32,Jeff Green,Houston Rockets,Georgetown,United States,80.0,235.0,15.0,2023,Personal,1.0,2068965.0,12.4,.653,.296,.572,4.5,9.1,6.8,6.2,0.4,3.0,11.9,15.3,1.0,0.6,1.6,.121,-1.5,0.0,-1.5,0.1,.582,125,116,PF,37,0.535,11.9,0.075,0.447,0.333,Houston Rockets,13.0,W,SW,19.0,21.0,0.475,0.55,114.17,113.57,0.61,1.1,114.42,113.25,1.17,9600000,2007,1,5,40,39
9,Jerami Grant,Portland Trail Blazers,Syracuse,United States,79.0,210.0,9.0,2020,"Knee/Quad, Rest",19.0,4827723.0,16.9,.556,.353,.368,2.1,13.2,7.6,14.3,0.9,2.8,9.1,28.5,1.6,1.6,3.2,.083,1.9,-0.8,1.1,1.4,.491,109,114,SF,26,0.429,14.6,0.044,0.198,0.369,Detroit Pistons,25.0,E,C,20.0,52.0,0.278,-4.47,108.9,113.53,-4.63,-4.38,108.93,113.48,-4.55,19050000,2014,2,9,72,53
9,Jerami Grant,Portland Trail Blazers,Syracuse,United States,79.0,210.0,9.0,2021,Calf/Knee/Thumb/Elbow,33.0,7932033.0,16.1,.556,.363,.371,1.9,12.4,6.9,12.5,1.4,2.9,9.5,25.7,1.2,1.1,2.3,.075,1.4,-0.2,1.2,1.2,.491,109,114,PF,27,0.426,15.2,0.049,0.358,0.33,Detroit Pistons,26.0,E,C,23.0,59.0,0.28,-7.72,106.96,114.67,-7.71,-7.35,107.02,114.36,-7.34,20002500,2014,2,9,82,49
9,Jerami Grant,Portland Trail Blazers,Syracuse,United States,79.0,210.0,9.0,2022,"Quad/Concussion/Back/Ankle, Rest",18.0,3974223.0,16.0,.606,.393,.375,2.7,11.9,7.2,10.3,1.1,2.1,9.8,22.8,3.1,1.0,4.1,.087,1.2,-1.4,-0.2,1.0,.554,117,120,PF,28,0.475,13.9,0.083,0.357,0.375,Portland Trail Blazers,26.0,W,NW,33.0,49.0,0.402,-4.01,115.72,119.83,-4.11,-3.96,115.72,119.79,-4.07,20955000,2014,2,9,82,64
9,Jerami Grant,Portland Trail Blazers,Syracuse,United States,79.0,210.0,9.0,2023,Undisclosed/Concussion,5.0,2061033.0,15.3,.576,.341,.320,2.1,10.4,5.9,12.2,1.1,1.8,10.2,25.9,0.9,0.7,1.6,.064,0.8,-1.1,-0.3,0.5,.529,112,120,PF,29,0.459,13.3,0.019,0.325,0.46,Portland Trail Blazers,27.0,W,NW,11.0,29.0,0.275,-9.5,108.94,118.52,-9.57,-9.43,108.46,117.99,-9.52,27586207,2014,2,9,40,35
5,Jevon Carter,Chicago Bulls,West Virginia,United States,73.0,200.0,5.0,2022,Knee,1.0,12069.0,10.9,.560,.596,.067,2.1,9.3,5.8,14.5,1.7,1.3,11.8,15.3,1.2,2.3,3.5,.092,-1.9,1.2,-0.6,0.6,.549,113,113,PG,27,0.423,19.9,0.004,0.231,0.436,Milwaukee Bucks,5.0,E,C,58.0,24.0,0.707,3.63,116.13,112.64,3.49,3.61,116.12,112.64,3.48,6025000,2018,2,2,82,81
22,Jimmy Butler,Miami Heat,Marquette,United States,79.0,230.0,12.0,2021,"Toe/Illness, Rest",7.0,2690870.0,23.6,.592,.140,.549,6.1,13.5,9.9,26.4,2.4,1.5,10.5,26.5,6.2,2.9,9.2,.228,4.5,1.9,6.3,4.0,.496,124,108,SF,32,0.48,9.6,0.051,0.466,0.278,Miami Heat,6.0,E,SE,53.0,29.0,0.646,4.45,114.83,110.21,4.62,4.23,114.61,110.21,4.4,36016200,2011,1,30,82,75
22,Jimmy Butler,Miami Heat,Marquette,United States,79.0,230.0,12.0,2022,"Hand/Neck/Back/Ankle/Illness/Injury Management/Knee/Hip, Rest",17.0,7357532.0,27.6,.647,.116,.625,7.5,13.3,10.3,27.1,2.7,1.0,8.2,25.6,9.4,2.9,12.3,.277,6.7,2.0,8.7,5.8,.560,135,112,PF,33,0.539,8.3,0.068,0.534,0.345,Miami Heat,21.0,E,SE,44.0,38.0,0.537,-0.32,113.99,114.4,-0.41,-0.13,114.1,114.32,-0.22,37653300,2011,1,30,82,65
22,Jimmy Butler,Miami Heat,Marquette,United States,79.0,230.0,12.0,2023,"Foot/Calf/Ankle, Rest, Personal",15.0,8050018.0,21.0,.606,.148,.599,6.3,10.8,8.5,20.9,1.6,1.1,9.0,25.1,2.4,1.0,3.4,.187,3.1,-0.3,2.9,1.1,.501,126,115,PF,34,0.474,9.6,0.05,0.453,0.458,Miami Heat,18.0,E,SE,24.0,17.0,0.585,0.66,115.32,114.63,0.69,-0.3,114.9,115.22,-0.31,45183960,2011,1,30,41,26
31,Joe Harris,Detroit Pistons,Virginia,United States,78.0,220.0,9.0,2020,Hip,3.0,550390.0,14.1,.663,.628,.089,2.3,10.1,6.4,8.4,1.0,0.6,7.8,16.2,4.1,1.1,5.2,.117,1.6,-1.2,0.4,1.3,.654,126,117,SF,29,0.505,18.5,0.003,0.209,0.505,Brooklyn Nets,7.0,E,A,48.0,24.0,0.667,4.5,118.91,114.4,4.52,4.24,119.0,114.76,4.24,16071429,2014,2,3,72,69
31,Joe Harris,Detroit Pistons,Virginia,United States,78.0,220.0,9.0,2021,Ankle,68.0,14464330.0,9.6,.624,.710,.048,1.3,12.8,7.2,4.5,0.8,0.4,11.2,14.5,0.3,0.2,0.5,.060,-0.9,-0.5,-1.4,0.1,.617,112,116,SF,30,0.452,19.6,0,0.307,0.63,Brooklyn Nets,15.0,E,A,44.0,38.0,0.537,0.78,114.69,113.93,0.76,0.82,114.84,114.03,0.81,17357143,2014,2,3,82,14
31,Joe Harris,Detroit Pistons,Virginia,United States,78.0,220.0,9.0,2022,Knee/Ankle,7.0,1714288.0,10.6,.621,.757,.064,1.7,10.1,6.0,9.1,1.1,0.7,8.3,14.3,1.5,1.1,2.6,.083,-0.6,-0.6,-1.1,0.3,.618,119,117,SF,31,0.457,20.5,0,0.273,0.462,Brooklyn Nets,14.0,E,A,45.0,37.0,0.549,0.85,116.07,115.07,1.0,1.03,116.19,115.01,1.18,18642857,2014,2,3,82,75
31,Joe Harris,Detroit Pistons,Virginia,United States,78.0,220.0,9.0,2023,Shoulder,14.0,8589900.0,5.0,.502,.806,.056,2.1,7.3,4.6,8.0,0.9,1.0,9.8,10.9,0.0,0.0,0.0,-0.001,-4.4,-1.1,-5.5,-0.1,.500,105,124,SG,32,0.361,20.9,0,0.483,0.5,Detroit Pistons,29.0,E,C,4.0,37.0,0.098,-10.73,111.44,122.04,-10.6,-10.41,111.43,121.71,-10.27,19928571,2014,2,3,41,27
7,Joe Ingles,Orlando Magic,Melbourne South (Australia),Australia,81.0,220.0,9.0,2020,Knee/Achilles,5.0,993776.0,15.9,.672,.722,.160,1.6,11.8,6.9,24.0,1.2,0.5,16.3,16.6,4.7,2.3,7.0,.180,2.6,0.9,3.5,2.6,.652,129,111,SF,33,0.489,19.8,0.002,0.209,0.506,Utah Jazz,1.0,W,NW,52.0,20.0,0.722,9.25,118.42,108.94,9.48,8.96,118.23,109.04,9.2,10363637,2009,0,0,72,67
7,Joe Ingles,Orlando Magic,Melbourne South (Australia),Australia,81.0,220.0,9.0,2021,Knee ACL/Ankle/Back,32.0,5146056.0,10.0,.551,.789,.077,1.2,11.2,6.4,19.0,1.0,0.4,13.5,13.2,1.3,0.9,2.2,.094,-0.7,0.5,-0.3,0.5,.540,117,114,SF,34,0.404,21.3,0,0.187,0.405,Utah Jazz,3.0,W,NW,49.0,33.0,0.598,6.04,117.68,111.52,6.16,5.67,117.63,111.84,5.79,13036364,2009,0,0,82,50
7,Joe Ingles,Orlando Magic,Melbourne South (Australia),Australia,81.0,220.0,9.0,2022,Injury Management/Knee ACL,33.0,2383104.0,10.7,.616,.819,.085,1.4,11.1,6.4,18.4,1.5,0.5,17.6,12.6,1.1,1.2,2.3,.107,-1.6,0.8,-0.7,0.3,.603,120,114,SF,35,0.435,22.2,0,0.261,0.453,Milwaukee Bucks,5.0,E,C,58.0,24.0,0.707,3.63,116.13,112.64,3.49,3.61,116.12,112.64,3.48,6479000,2009,0,0,82,49
7,Joe Ingles,Orlando Magic,Melbourne South (Australia),Australia,81.0,220.0,9.0,2023,Ankle,13.0,1643668.0,11.8,.565,.635,.174,2.5,13.9,8.1,25.5,2.1,0.5,17.4,12.8,0.5,0.7,1.2,.120,-1.5,2.1,0.6,0.3,.535,119,112,SF,36,0.409,18.3,0,0.164,0.5,Orlando Magic,12.0,E,SE,22.0,19.0,0.537,0.88,113.04,112.19,0.85,1.24,112.65,111.44,1.21,11000000,2009,0,0,41,28
21,Joel Embiid,Philadelphia Sixers,Kansas,Cameroon,84.0,280.0,9.0,2020,Knee/Shoulder/Back,20.0,8296063.0,30.3,.636,.171,.610,8.0,29.1,18.7,16.2,1.5,3.9,12.2,35.3,5.6,3.2,8.8,.266,6.3,1.2,7.5,3.8,.545,121,104,C,26,0.513,11.8,0.05,0.045,0.571,Philadelphia 76ers,5.0,E,A,49.0,23.0,0.681,5.58,114.13,108.51,5.62,5.28,113.96,108.66,5.3,29542010,2014,1,3,72,52
21,Joel Embiid,Philadelphia Sixers,Kansas,Cameroon,84.0,280.0,9.0,2021,"Knee/Back/Ribs, Rest",5.0,1270437.0,31.2,.616,.188,.602,7.2,31.1,19.4,23.5,1.7,3.9,11.3,37.2,7.9,4.1,12.0,.252,7.2,2.0,9.2,6.5,.534,119,105,C,27,0.499,11.9,0.06,0.048,0.25,Philadelphia 76ers,9.0,E,A,51.0,31.0,0.622,2.61,114.39,111.8,2.59,2.57,114.42,111.86,2.56,31579390,2014,1,3,82,77
21,Joel Embiid,Philadelphia Sixers,Kansas,Cameroon,84.0,280.0,9.0,2022,Calf/Foot/Injury Management/Illness/Knee,16.0,5216400.0,31.4,.655,.151,.581,5.9,28.3,17.3,22.9,1.4,4.6,11.9,37.0,8.4,3.9,12.3,.259,6.8,2.3,9.2,6.4,.573,124,109,C,28,0.548,11.2,0.065,0.04,0.25,Philadelphia 76ers,3.0,E,A,54.0,28.0,0.659,4.32,118.87,114.51,4.35,4.37,118.98,114.56,4.42,33616770,2014,1,3,82,66
21,Joel Embiid,Philadelphia Sixers,Kansas,Cameroon,84.0,280.0,9.0,2023,Knee/Ankle/Illness/Hip,10.0,7387335.0,34.4,.650,.154,.548,8.5,28.4,18.6,32.9,1.6,4.9,12.4,38.2,4.3,2.0,6.3,.304,8.8,3.6,12.3,3.6,.566,127,107,C,29,0.538,11.8,0.029,0.031,0.333,Philadelphia 76ers,3.0,E,A,26.0,13.0,0.667,8.05,121.15,113.02,8.12,7.47,120.72,113.17,7.55,47607350,2014,1,3,39,29
20,John Collins,Utah Jazz,Wake Forest,United States,81.0,226.0,6.0,2020,Ankle,9.0,538422.0,20.6,.645,.270,.265,7.1,20.3,13.8,6.9,0.9,3.0,8.9,22.2,4.8,1.9,6.7,.174,2.5,-0.2,2.3,2.0,.610,125,112,PF,23,0.556,10.9,0.147,0.255,0.396,Atlanta Hawks,11.0,E,SE,41.0,31.0,0.569,2.32,116.28,113.89,2.38,2.14,116.33,114.14,2.19,4137302,2017,1,19,72,63
20,John Collins,Utah Jazz,Wake Forest,United States,81.0,226.0,6.0,2021,Foot,23.0,6212648.0,18.7,.610,.273,.262,6.2,21.5,13.9,8.9,1.0,3.0,7.7,20.5,3.6,1.4,5.1,.146,1.5,0.0,1.5,1.5,.576,122,114,PF,24,0.526,11,0.146,0.318,0.375,Atlanta Hawks,14.0,E,SE,43.0,39.0,0.524,1.56,117.29,115.71,1.58,1.55,117.42,115.84,1.58,23000000,2017,1,19,82,59
20,John Collins,Utah Jazz,Wake Forest,United States,81.0,226.0,6.0,2022,Back/Concussion/Hip/Ankle,11.0,2971254.0,13.6,.593,.339,.252,3.9,20.0,11.9,5.3,0.9,2.9,9.1,17.1,2.1,2.1,4.2,.095,-1.4,0.2,-1.3,0.4,.557,117,115,PF,25,0.508,12,0.113,0.4,0.302,Atlanta Hawks,17.0,E,SE,41.0,41.0,0.5,0.29,117.45,117.16,0.29,0.32,117.66,117.34,0.32,23500000,2017,1,19,82,71
20,John Collins,Utah Jazz,Wake Forest,United States,81.0,226.0,6.0,2023,Illness,4.0,1019424.0,14.9,.599,.345,.231,8.0,21.9,15.1,5.2,1.0,2.5,11.5,19.6,1.0,1.0,2.1,.092,-0.8,-1.1,-1.8,0.0,.569,116,116,PF,26,0.505,12,0.104,0.542,0.39,Utah Jazz,20.0,W,NW,22.0,21.0,0.512,-1.47,116.93,118.48,-1.55,-1.19,117.31,118.6,-1.29,25340000,2017,1,19,43,39
46,John Konchar,Memphis Grizzlies,Fort Wayne,United States,77.0,210.0,4.0,2020,Ankle,5.0,158224.0,14.8,.608,.406,.217,6.4,17.3,11.8,10.7,2.5,1.4,10.6,12.4,0.9,0.8,1.7,.145,-0.2,1.4,1.2,0.5,.576,125,109,SG,24,0.5,12.4,0.065,0.464,0.346,Memphis Grizzlies,15.0,W,SW,38.0,34.0,0.528,1.03,112.77,111.77,1.0,1.07,112.69,111.63,1.06,2100000,2019,0,0,72,67
46,John Konchar,Memphis Grizzlies,Fort Wayne,United States,77.0,210.0,4.0,2021,Ankle,1.0,37932.0,14.0,.615,.481,.187,6.9,20.1,13.3,10.6,1.7,1.5,9.3,9.9,2.4,1.8,4.2,.155,0.2,1.3,1.5,1.2,.615,133,109,SG,25,0.515,14.3,0.08,0.46,0.448,Memphis Grizzlies,5.0,W,SW,56.0,26.0,0.683,5.68,115.5,109.94,5.56,5.37,115.38,110.14,5.24,2200000,2019,0,0,82,81
46,John Konchar,Memphis Grizzlies,Fort Wayne,United States,77.0,210.0,4.0,2022,Hip/Concussion/Illness/Toe/Shoulder,10.0,264360.0,10.8,.542,.553,.113,4.5,17.4,11.0,8.2,2.4,1.5,9.9,10.4,1.0,2.5,3.5,.111,-1.9,2.4,0.5,0.9,.525,117,109,SF,26,0.431,15.3,0.028,0.525,0.355,Memphis Grizzlies,4.0,W,SW,51.0,31.0,0.622,3.94,116.01,112.07,3.93,3.6,115.68,112.09,3.59,2300000,2019,0,0,82,72
46,John Konchar,Memphis Grizzlies,Fort Wayne,United States,77.0,210.0,4.0,2023,Illness/Hip,3.0,96551.0,10.5,.481,.649,.113,6.2,19.1,12.5,11.0,2.1,3.9,12.1,9.4,0.1,0.9,1.0,.091,-2.8,2.3,-0.5,0.2,.459,111,110,SF,27,0.361,16.7,0.01,0.476,0.233,Memphis Grizzlies,25.0,W,SW,15.0,26.0,0.366,-5.22,109.04,114.29,-5.25,-4.56,109.1,113.68,-4.57,2400000,2019,0,0,41,38
1,Jonathan Isaac,Orlando Magic,Florida State,United States,82.0,230.0,6.0,2022,Adductor/Injury Management/Knee/Hamstring,70.0,13600000.0,20.3,.483,.283,.170,13.7,26.5,20.1,7.3,5.5,3.1,6.6,21.1,0.0,0.3,0.3,.130,1.0,3.0,4.0,0.2,.472,108,102,PF,25,0.415,11.9,0.113,0.267,0.75,Orlando Magic,24.0,E,SE,34.0,48.0,0.415,-2.56,112.42,114.99,-2.57,-2.39,112.49,114.88,-2.39,17400000,2017,1,6,82,12
1,Jonathan Isaac,Orlando Magic,Florida State,United States,82.0,230.0,6.0,2023,"Hamstring/Ankle, Rest",16.0,3200000.0,18.7,.563,.434,.354,9.2,25.1,17.0,4.5,3.0,7.5,8.4,18.7,0.3,0.8,1.1,.169,0.1,3.3,3.3,0.4,.513,117,103,PF,26,0.451,13.1,0.168,0.388,0.421,Orlando Magic,12.0,E,SE,22.0,19.0,0.537,0.88,113.04,112.19,0.85,1.24,112.65,111.44,1.21,17400000,2017,1,6,41,25
0,Jordan Clarkson,Utah Jazz,Missouri,United States Philippines,75.0,194.0,9.0,2020,Ankle,4.0,630136.0,17.1,.549,.557,.134,2.9,12.7,8.0,15.3,1.6,0.4,9.2,29.7,1.7,2.5,4.2,.111,1.8,-0.4,1.4,1.6,.522,109,110,SG,28,0.425,17.2,0.013,0.172,0.301,Utah Jazz,1.0,W,NW,52.0,20.0,0.722,9.25,118.42,108.94,9.48,8.96,118.23,109.04,9.2,11500000,2014,2,16,72,68
0,Jordan Clarkson,Utah Jazz,Missouri,United States Philippines,75.0,194.0,9.0,2021,Knee/Back,3.0,428274.0,14.9,.532,.536,.156,3.5,10.2,7.0,14.5,1.5,0.7,9.8,26.8,1.5,2.0,3.5,.079,0.5,-1.2,-0.6,0.7,.504,108,113,SG,29,0.419,16.9,0.012,0.193,0.348,Utah Jazz,3.0,W,NW,49.0,33.0,0.598,6.04,117.68,111.52,6.16,5.67,117.63,111.84,5.79,12420000,2014,2,16,82,79
0,Jordan Clarkson,Utah Jazz,Missouri,United States Philippines,75.0,194.0,9.0,2022,Hand/Thumb/Illness/Hip,21.0,3220014.0,14.7,.558,.445,.238,4.0,9.3,6.7,20.9,0.8,0.6,14.0,27.8,0.9,0.8,1.7,.042,1.0,-2.4,-1.4,0.3,.519,109,120,SG,30,0.444,15.7,0.016,0.12,0.4,Utah Jazz,22.0,W,NW,37.0,45.0,0.451,-0.94,116.41,117.44,-1.02,-1.03,116.32,117.43,-1.11,13340000,2014,2,16,82,61
0,Jordan Clarkson,Utah Jazz,Missouri,United States Philippines,75.0,194.0,9.0,2023,Thigh/Illness,10.0,2699720.0,13.6,.528,.368,.252,3.9,8.9,6.4,25.9,1.1,0.5,14.5,27.3,0.1,0.4,0.6,.027,-0.6,-2.8,-3.4,-0.3,.475,107,121,SG,31,0.417,14.5,0.014,0.135,0.36,Utah Jazz,20.0,W,NW,22.0,21.0,0.512,-1.47,116.93,118.48,-1.55,-1.19,117.31,118.6,-1.29,23487629,2014,2,16,43,33
6,Jordan McLaughlin,Minnesota Timberwolves,USC,United States,72.0,185.0,4.0,2020,Illness,2.0,0.0,12.0,.502,.380,.124,2.3,10.4,6.2,28.0,2.6,0.6,16.7,13.7,0.6,0.6,1.2,.062,-2.0,0.2,-1.7,0.1,.481,110,115,PG,24,0.413,12.2,0.025,0.25,0.304,Minnesota Timberwolves,26.0,W,NW,23.0,49.0,0.319,-5.56,110.18,115.55,-5.36,-5.25,110.26,115.31,-5.05,503760,2018,0,0,72,70
6,Jordan McLaughlin,Minnesota Timberwolves,USC,United States,72.0,185.0,4.0,2021,Groin,1.0,22988.0,13.4,.535,.425,.200,2.6,8.8,5.6,26.1,3.0,1.1,14.9,11.8,1.3,1.0,2.3,.123,-1.2,1.6,0.4,0.6,.508,122,112,PG,25,0.44,13.3,0.015,0.365,0.516,Minnesota Timberwolves,11.0,W,NW,46.0,36.0,0.561,2.63,115.15,112.6,2.54,2.53,115.23,112.79,2.44,2000000,2018,0,0,82,81
6,Jordan McLaughlin,Minnesota Timberwolves,USC,United States,72.0,185.0,4.0,2022,Illness/Calf/Heel,38.0,931050.0,11.8,.526,.538,.124,2.5,7.6,5.1,27.4,2.2,0.5,17.7,11.7,0.7,0.6,1.3,.094,-1.3,0.6,-0.7,0.2,.503,118,115,PG,26,0.421,16.7,0,0.295,0.391,Minnesota Timberwolves,20.0,W,NW,42.0,40.0,0.512,-0.04,114.52,114.5,0.02,-0.22,114.26,114.43,-0.18,2160000,2018,0,0,82,44
6,Jordan McLaughlin,Minnesota Timberwolves,USC,United States,72.0,185.0,4.0,2023,Knee,14.0,973309.0,14.1,.493,.585,.146,2.9,9.0,6.2,26.2,4.1,2.1,12.1,13.1,0.1,0.4,0.5,.149,0.0,4.8,4.7,0.3,.488,117,105,PG,27,0.39,16.3,0,0.5,0.25,Minnesota Timberwolves,4.0,W,NW,30.0,11.0,0.732,6.05,116.13,109.98,6.16,6.7,116.41,109.6,6.81,2320000,2018,0,0,41,27
13,Jordan Poole,Washington Wizards,Michigan,United States,76.0,194.0,4.0,2020,Ankle,1.0,28264.0,15.1,.581,.582,.251,1.6,8.2,5.0,15.4,1.2,0.8,8.8,25.0,1.1,0.9,1.9,.094,0.7,-1.2,-0.5,0.4,.535,111,114,SG,21,0.432,18.6,0.023,0.109,0.6,Golden State Warriors,14.0,W,P,39.0,33.0,0.542,1.06,111.74,110.65,1.09,1.1,111.61,110.47,1.14,2063280,2019,1,28,72,71
13,Jordan Poole,Washington Wizards,Michigan,United States,76.0,194.0,4.0,2023,Ankle,1.0,315578.0,11.6,.529,.442,.223,1.5,7.3,4.3,17.7,1.6,0.9,12.3,26.6,-0.9,0.2,-0.7,-0.030,-3.1,-2.6,-5.7,-1.1,.484,101,124,SG,24,0.415,16.2,0.014,0.126,0.344,Washington Wizards,28.0,E,SE,7.0,33.0,0.175,-9.65,112.45,121.95,-9.5,-9.86,111.77,121.49,-9.72,27955357,2019,1,28,40,39
3,Josh Hart,New York Knicks,Villanova,United States,76.0,215.0,6.0,2020,Thumb,25.0,1076040.0,12.2,.566,.561,.259,4.3,26.1,15.2,10.6,1.4,0.8,11.3,13.5,1.4,1.3,2.7,.097,-1.1,0.3,-0.8,0.4,.531,117,113,SF,25,0.439,16.1,0.035,0.342,0.303,New Orleans Pelicans,18.0,W,SW,31.0,41.0,0.431,-0.29,114.47,114.78,-0.32,-0.2,114.52,114.73,-0.21,3491159,2017,1,30,72,47
3,Josh Hart,New York Knicks,Villanova,United States,76.0,215.0,6.0,2021,Knee/Ankle/Quad,23.0,3241402.0,16.1,.610,.374,.371,3.7,20.7,12.0,18.9,1.7,0.7,14.7,18.6,2.8,1.5,4.4,.117,0.5,0.5,0.9,1.3,.569,117,113,SG,26,0.504,12.4,0.035,0.169,0.583,New Orleans Pelicans,21.0,W,SW,36.0,46.0,0.439,-0.99,112.84,113.82,-0.98,-0.84,112.93,113.77,-0.84,12000000,2017,1,30,82,59
3,Josh Hart,New York Knicks,Villanova,United States,76.0,215.0,6.0,2021,Knee/Ankle/Quad,23.0,3241402.0,16.1,.610,.374,.371,3.7,20.7,12.0,18.9,1.7,0.7,14.7,18.6,2.8,1.5,4.4,.117,0.5,0.5,0.9,1.3,.569,117,113,SG,26,0.504,12.4,0.035,0.169,0.583,Portland Trail Blazers,30.0,W,NW,27.0,55.0,0.329,-8.88,108.8,117.93,-9.13,-8.55,109.03,117.84,-8.81,12000000,2017,1,30,82,59
3,Josh Hart,New York Knicks,Villanova,United States,76.0,215.0,6.0,2022,Hamstring/Ankle,3.0,446898.0,14.1,.622,.315,.338,6.5,21.0,13.7,16.1,1.8,0.8,16.4,12.6,3.8,2.2,6.0,.118,-0.2,1.1,0.9,1.8,.588,125,116,SF,27,0.529,10.6,0.019,0.415,0.412,Portland Trail Blazers,26.0,W,NW,33.0,49.0,0.402,-4.01,115.72,119.83,-4.11,-3.96,115.72,119.79,-4.07,12960000,2017,1,30,82,79
3,Josh Hart,New York Knicks,Villanova,United States,76.0,215.0,6.0,2022,Hamstring/Ankle,3.0,446898.0,14.1,.622,.315,.338,6.5,21.0,13.7,16.1,1.8,0.8,16.4,12.6,3.8,2.2,6.0,.118,-0.2,1.1,0.9,1.8,.588,125,116,SF,27,0.529,10.6,0.019,0.415,0.412,New York Knicks,6.0,E,A,47.0,35.0,0.573,2.93,118.86,115.83,3.03,2.99,118.98,115.88,3.1,12960000,2017,1,30,82,79
3,Josh Hart,New York Knicks,Villanova,United States,76.0,215.0,6.0,2023,Knee,1.0,74483.0,10.1,.528,.422,.127,5.0,20.1,12.6,12.8,1.3,0.6,14.5,12.1,0.6,1.4,2.0,.083,-2.1,1.2,-0.9,0.3,.507,113,114,SF,28,0.44,13.7,0.019,0.345,0.333,New York Knicks,8.0,E,A,25.0,17.0,0.595,4.07,118.78,114.48,4.3,3.82,118.56,114.52,4.04,12960000,2017,1,30,42,41
2,Josh Okogie,Phoenix Suns,Georgia Tech,Nigeria United States,76.0,213.0,5.0,2020,"Hamstring, Personal",7.0,254212.0,9.1,.524,.425,.425,5.5,8.7,7.1,7.0,2.1,2.0,12.5,12.1,0.5,0.8,1.3,.051,-3.7,0.3,-3.3,-0.4,.459,109,116,SG,22,0.402,12.3,0.087,0.398,0.279,Minnesota Timberwolves,26.0,W,NW,23.0,49.0,0.319,-5.56,110.18,115.55,-5.36,-5.25,110.26,115.31,-5.05,2651040,2018,1,20,72,65
2,Josh Okogie,Phoenix Suns,Georgia Tech,Nigeria United States,76.0,213.0,5.0,2021,Quad/Back,11.0,540362.0,9.0,.526,.452,.490,5.9,8.7,7.3,6.2,2.4,2.2,15.4,12.1,0.1,0.5,0.7,.062,-3.7,0.9,-2.7,-0.1,.471,107,112,SG,23,0.404,12.3,0.115,0.468,0.182,Minnesota Timberwolves,11.0,W,NW,46.0,36.0,0.561,2.63,115.15,112.6,2.54,2.53,115.23,112.79,2.44,4087904,2018,1,20,82,71
2,Josh Okogie,Phoenix Suns,Georgia Tech,Nigeria United States,76.0,213.0,5.0,2022,Nose/Hip,2.0,56555.0,13.3,.531,.476,.464,8.8,11.9,10.3,10.3,2.0,2.3,11.2,17.7,1.1,1.7,2.8,.101,-0.8,0.5,-0.2,0.6,.471,114,113,SG,24,0.391,14.4,0.087,0.462,0.319,Phoenix Suns,9.0,W,P,45.0,37.0,0.549,2.07,116.05,113.94,2.12,2.08,115.97,113.86,2.11,1968175,2018,1,20,82,80
2,Josh Okogie,Phoenix Suns,Georgia Tech,Nigeria United States,76.0,213.0,5.0,2023,Ankle/Hip,6.0,226576.0,11.3,.531,.460,.547,8.2,8.6,8.4,8.7,2.4,2.4,10.9,13.0,0.6,0.7,1.2,.092,-2.1,0.8,-1.4,0.1,.450,118,116,SG,25,0.396,12.7,0.079,0.625,0.225,Phoenix Suns,16.0,W,P,22.0,18.0,0.55,1.5,118.93,117.37,1.56,-0.05,118.9,118.92,-0.01,2815937,2018,1,20,40,34
0,Josh Richardson,Miami Heat,Tennessee,United States,77.0,200.0,8.0,2020,Hamstring/Calf,4.0,520968.0,11.9,.537,.432,.175,3.2,8.8,6.0,12.1,1.7,1.2,10.6,18.4,1.0,1.4,2.4,.066,-1.5,-0.2,-1.7,0.1,.498,109,114,SG,27,0.427,16.2,0.01,0.18,0.292,Dallas Mavericks,9.0,W,SW,42.0,30.0,0.583,2.26,116.16,113.79,2.37,2.26,116.18,113.8,2.38,10865952,2015,2,10,72,68
0,Josh Richardson,Miami Heat,Tennessee,United States,77.0,200.0,8.0,2021,Calf/Shoulder/Illness/Knee/Foot/Migraine,8.0,1001325.0,12.8,.573,.461,.202,2.8,9.4,6.2,10.1,1.7,1.6,10.2,17.6,1.6,2.0,3.5,.106,-0.6,0.7,0.1,0.9,.534,113,110,SG,28,0.438,17.2,0.017,0.183,0.422,Boston Celtics,1.0,E,A,51.0,31.0,0.622,7.28,115.37,107.71,7.66,7.02,115.05,107.65,7.39,11615328,2015,2,10,82,74
0,Josh Richardson,Miami Heat,Tennessee,United States,77.0,200.0,8.0,2021,Calf/Shoulder/Illness/Knee/Foot/Migraine,8.0,1001325.0,12.8,.573,.461,.202,2.8,9.4,6.2,10.1,1.7,1.6,10.2,17.6,1.6,2.0,3.5,.106,-0.6,0.7,0.1,0.9,.534,113,110,SG,28,0.438,17.2,0.017,0.183,0.422,San Antonio Spurs,19.0,W,SW,34.0,48.0,0.415,0.12,113.04,113.0,0.03,0.02,113.09,113.16,-0.07,11615328,2015,2,10,82,74
0,Josh Richardson,Miami Heat,Tennessee,United States,77.0,200.0,8.0,2022,Knee/Ankle/Back,10.0,1682208.0,12.3,.555,.529,.146,2.9,9.9,6.3,15.8,2.2,1.2,12.7,18.4,0.6,1.1,1.8,.055,-1.0,-0.1,-1.2,0.3,.528,110,118,SG,29,0.431,18.8,0.011,0.16,0.447,San Antonio Spurs,30.0,W,SW,22.0,60.0,0.268,-10.04,111.11,120.96,-9.85,-9.82,111.14,120.79,-9.65,12196094,2015,2,10,82,72
0,Josh Richardson,Miami Heat,Tennessee,United States,77.0,200.0,8.0,2022,Knee/Ankle/Back,10.0,1682208.0,12.3,.555,.529,.146,2.9,9.9,6.3,15.8,2.2,1.2,12.7,18.4,0.6,1.1,1.8,.055,-1.0,-0.1,-1.2,0.3,.528,110,118,SG,29,0.431,18.8,0.011,0.16,0.447,New Orleans Pelicans,11.0,W,SW,42.0,40.0,0.512,1.89,115.26,113.38,1.88,1.63,115.0,113.38,1.61,12196094,2015,2,10,82,72
0,Josh Richardson,Miami Heat,Tennessee,United States,77.0,200.0,8.0,2023,Back/Illness/Foot,9.0,282506.0,10.5,.559,.527,.172,1.8,9.6,5.7,14.4,1.1,1.2,10.2,16.1,0.5,0.8,1.3,.073,-2.0,-0.3,-2.4,-0.1,.521,113,116,SG,30,0.431,17.6,0.027,0.232,0.313,Miami Heat,18.0,E,SE,24.0,17.0,0.585,0.66,115.32,114.63,0.69,-0.3,114.9,115.22,-0.31,2891467,2015,2,10,41,32
4,Jrue Holiday,Boston Celtics,UCLA,United States,76.0,205.0,14.0,2020,Knee,2.0,687976.0,20.0,.592,.344,.165,4.2,10.4,7.4,26.3,2.4,1.7,12.6,22.2,4.3,2.2,6.6,.165,2.8,0.6,3.4,2.6,.570,121,111,PG,30,0.503,13.1,0.01,0.177,0.36,Milwaukee Bucks,4.0,E,C,46.0,26.0,0.639,5.89,117.68,112.03,5.65,5.57,117.67,112.34,5.33,27026011,2009,1,17,72,70
4,Jrue Holiday,Boston Celtics,UCLA,United States,76.0,205.0,14.0,2021,Ankle/Heel,13.0,5022220.0,19.8,.593,.336,.189,3.4,10.9,7.2,31.8,2.4,1.3,15.0,23.5,4.5,2.4,6.9,.150,2.9,0.3,3.2,2.9,.570,117,112,PG,31,0.501,13.6,0.004,0.103,0.364,Milwaukee Bucks,8.0,E,C,51.0,31.0,0.622,3.35,115.86,112.56,3.31,3.22,115.86,112.67,3.18,31171333,2009,1,17,82,69
4,Jrue Holiday,Boston Celtics,UCLA,United States,76.0,205.0,14.0,2022,"Neck/Illness/Knee/Ankle, Rest, Personal",14.0,5049918.0,19.2,.586,.402,.173,3.9,12.0,8.1,34.4,1.7,0.9,15.2,25.0,3.9,2.8,6.7,.148,3.0,0.1,3.1,2.8,.556,118,112,PG,32,0.479,15.3,0.007,0.117,0.458,Milwaukee Bucks,5.0,E,C,58.0,24.0,0.707,3.63,116.13,112.64,3.49,3.61,116.12,112.64,3.48,34319520,2009,1,17,82,68
4,Jrue Holiday,Boston Celtics,UCLA,United States,76.0,205.0,14.0,2023,Elbow/Ankle,3.0,1205334.0,13.9,.568,.432,.134,5.0,14.4,9.9,18.6,1.2,2.0,14.1,17.3,1.4,1.8,3.2,.121,0.5,1.0,1.5,1.2,.547,117,112,PG,33,0.456,15.2,0.014,0.21,0.605,Boston Celtics,1.0,E,A,32.0,9.0,0.78,10.0,122.38,112.22,10.16,10.4,122.6,112.03,10.57,36861707,2009,1,17,41,38
30,Julius Randle,New York Knicks,Kentucky,United States,80.0,250.0,9.0,2020,Thigh,1.0,258904.0,19.7,.567,.294,.325,3.5,25.7,14.7,27.2,1.2,0.6,13.8,29.3,3.4,4.3,7.8,.140,2.9,0.9,3.8,3.9,.516,111,107,PF,26,0.456,14.5,0.022,0.219,0.412,New York Knicks,10.0,E,A,41.0,31.0,0.569,2.31,111.38,108.97,2.41,2.13,111.23,109.01,2.21,19845000,2014,1,7,72,71
30,Julius Randle,New York Knicks,Kentucky,United States,80.0,250.0,9.0,2021,Quad,8.0,1593102.0,15.7,.509,.313,.322,5.2,25.5,15.1,25.1,1.0,1.5,14.7,28.7,-0.3,3.4,3.1,.059,0.4,0.2,0.5,1.6,.459,102,109,PF,27,0.411,13.8,0.04,0.115,0.289,New York Knicks,17.0,E,A,37.0,45.0,0.451,-0.12,111.47,111.55,-0.08,-0.01,111.35,111.31,0.04,19800000,2014,1,7,82,74
30,Julius Randle,New York Knicks,Kentucky,United States,80.0,250.0,9.0,2022,Ankle,5.0,1365520.0,20.3,.581,.444,.371,5.6,25.2,15.4,18.5,0.9,0.7,11.5,29.5,5.0,3.1,8.1,.142,3.9,-0.2,3.7,3.9,.536,117,114,PF,28,0.459,15.3,0.051,0.142,0.333,New York Knicks,6.0,E,A,47.0,35.0,0.573,2.93,118.86,115.83,3.03,2.99,118.98,115.88,3.1,23760000,2014,1,7,82,77
9,Justin Holiday,Denver Nuggets,Washington,United States,78.0,180.0,10.0,2021,Illness,1.0,69040.0,9.5,.543,.728,.094,1.5,8.8,5.1,8.6,1.3,1.4,9.2,15.8,0.8,0.6,1.4,.033,-1.4,-0.8,-2.2,-0.1,.528,107,118,SF-SG,32,0.394,20.7,0.021,0.288,0.388,Indiana Pacers,23.0,E,C,25.0,57.0,0.305,-3.48,113.6,117.11,-3.51,-3.26,113.74,117.03,-3.28,6006420,2011,0,0,82,81
9,Justin Holiday,Denver Nuggets,Washington,United States,78.0,180.0,10.0,2021,Illness,1.0,69040.0,9.5,.543,.728,.094,1.5,8.8,5.1,8.6,1.3,1.4,9.2,15.8,0.8,0.6,1.4,.033,-1.4,-0.8,-2.2,-0.1,.528,107,118,SF-SG,32,0.394,20.7,0.021,0.288,0.388,Sacramento Kings,25.0,W,P,30.0,52.0,0.366,-5.46,110.69,116.28,-5.59,-5.26,110.92,116.31,-5.38,6006420,2011,0,0,82,81
32,Karl-Anthony Towns,Minnesota Timberwolves,Kentucky,United States Dominican Republic,84.0,248.0,8.0,2020,"Covid 19/Wrist, Personal",22.0,8880696.0,23.1,.612,.360,.355,8.2,26.4,17.0,22.6,1.1,2.9,13.7,29.1,3.8,1.6,5.4,.153,4.3,0.2,4.5,2.8,.555,117,113,C,25,0.486,12.9,0.061,0.079,0.28,Minnesota Timberwolves,26.0,W,NW,23.0,49.0,0.319,-5.56,110.18,115.55,-5.36,-5.25,110.26,115.31,-5.05,29467800,2015,1,1,72,50
32,Karl-Anthony Towns,Minnesota Timberwolves,Kentucky,United States Dominican Republic,84.0,248.0,8.0,2021,"Tailbone, Rest",2.0,727600.0,24.1,.640,.301,.385,8.2,23.6,15.7,18.0,1.4,3.2,13.7,27.8,7.1,3.2,10.3,.199,4.5,0.5,5.0,4.4,.591,121,110,C,26,0.529,11.5,0.091,0.087,0.344,Minnesota Timberwolves,11.0,W,NW,46.0,36.0,0.561,2.63,115.15,112.6,2.54,2.53,115.23,112.79,2.44,31650600,2015,1,1,82,80
32,Karl-Anthony Towns,Minnesota Timberwolves,Kentucky,United States Dominican Republic,84.0,248.0,8.0,2022,Injury Management/Calf,53.0,21777840.0,18.8,.618,.383,.315,5.7,21.6,13.8,22.0,1.0,1.5,15.0,25.6,1.5,1.1,2.7,.133,2.1,0.9,3.0,1.2,.565,117,114,PF,27,0.495,14,0.044,0.104,0.176,Minnesota Timberwolves,20.0,W,NW,42.0,40.0,0.512,-0.04,114.52,114.5,0.02,-0.22,114.26,114.43,-0.18,33833400,2015,1,1,82,29
32,Karl-Anthony Towns,Minnesota Timberwolves,Kentucky,United States Dominican Republic,84.0,248.0,8.0,2023,Knee,1.0,620970.0,19.0,.631,.312,.302,5.6,23.7,15.3,15.0,1.2,1.4,13.8,26.6,1.9,2.5,4.4,.162,1.6,1.1,2.8,1.6,.580,117,108,PF,28,0.512,12.4,0.04,0.048,0.333,Minnesota Timberwolves,4.0,W,NW,30.0,11.0,0.732,6.05,116.13,109.98,6.16,6.7,116.41,109.6,6.81,36016200,2015,1,1,41,40
2,Kawhi Leonard,Los Angeles Clippers,San Diego State,United States,79.0,225.0,12.0,2020,"Foot/Back/Leg/Face, Rest",18.0,7770609.0,26.0,.622,.280,.325,3.6,17.4,10.7,24.9,2.3,1.1,9.2,28.6,6.4,2.4,8.8,.238,6.0,1.3,7.3,4.2,.568,126,110,SF,29,0.512,13.9,0.069,0.169,0.512,Los Angeles Clippers,2.0,W,P,47.0,25.0,0.653,6.18,118.39,112.13,6.26,6.02,118.34,112.23,6.11,34379100,2011,1,15,72,54
2,Kawhi Leonard,Los Angeles Clippers,San Diego State,United States,79.0,225.0,12.0,2022,"Injury Management/Illness/Ankle, Rest, Personal",30.0,12210500.0,23.9,.623,.287,.320,3.7,17.8,10.8,19.6,2.0,1.4,8.1,27.0,4.9,2.2,7.1,.194,5.1,0.9,6.1,3.5,.572,125,113,SF,31,0.512,14.9,0.049,0.192,0.521,Los Angeles Clippers,18.0,W,P,44.0,38.0,0.537,0.5,115.91,115.4,0.51,0.31,115.67,115.37,0.31,42492492,2011,1,15,82,52
2,Kawhi Leonard,Los Angeles Clippers,San Diego State,United States,79.0,225.0,12.0,2023,Hip,4.0,7868970.0,23.2,.629,.307,.251,3.5,16.2,10.0,16.4,2.4,2.2,7.7,25.9,3.4,1.7,5.1,.198,4.8,1.1,5.9,2.5,.588,127,113,SF,32,0.52,14.3,0.07,0.181,0.471,Los Angeles Clippers,5.0,W,P,26.0,14.0,0.65,5.63,121.37,115.67,5.7,5.51,121.46,115.87,5.59,45640084,2011,1,15,40,36
21,Keita Bates-Diop,Phoenix Suns,Ohio State,United States,80.0,229.0,5.0,2020,Hamstring/Illness,20.0,0.0,12.0,.518,.254,.313,3.8,17.7,10.6,6.6,2.2,1.7,8.4,14.8,0.1,0.3,0.3,.068,-2.3,0.4,-1.9,0.0,.485,106,111,SF,25,0.448,9.7,0.03,0.529,0.222,San Antonio Spurs,21.0,W,SW,33.0,39.0,0.458,-1.74,111.61,113.35,-1.74,-1.58,111.59,113.17,-1.57,449115,2018,2,18,72,52
21,Keita Bates-Diop,Phoenix Suns,Ohio State,United States,80.0,229.0,5.0,2021,Back/Face/Hamstring/Ankle,12.0,258388.0,12.4,.578,.209,.232,6.8,18.7,12.7,5.7,1.4,1.2,13.4,14.8,0.6,1.0,1.6,.080,-2.1,-0.5,-2.6,-0.1,.549,111,112,SF,26,0.517,8.4,0.072,0.455,0.32,San Antonio Spurs,19.0,W,SW,34.0,48.0,0.415,0.12,113.04,113.0,0.03,0.02,113.09,113.16,-0.07,1729217,2018,2,18,82,70
21,Keita Bates-Diop,Phoenix Suns,Ohio State,United States,80.0,229.0,5.0,2022,Achilles/Ankle/Illness/Foot,9.0,183549.0,14.9,.609,.305,.323,4.7,14.3,9.3,9.8,1.5,1.1,9.5,16.7,2.1,0.6,2.7,.089,0.3,-0.9,-0.6,0.5,.568,121,120,PF,27,0.508,10.4,0.039,0.43,0.377,San Antonio Spurs,30.0,W,SW,22.0,60.0,0.268,-10.04,111.11,120.96,-9.85,-9.82,111.14,120.79,-9.65,1878720,2018,2,18,82,73
21,Keita Bates-Diop,Phoenix Suns,Ohio State,United States,80.0,229.0,5.0,2023,Migraine,1.0,431552.0,10.8,.489,.423,.276,5.8,13.3,9.7,7.5,1.9,2.8,4.2,13.1,0.3,0.5,0.8,.078,-2.1,0.0,-2.2,0.0,.447,115,116,SF,28,0.39,12.4,0.098,0.615,0.281,Phoenix Suns,16.0,W,P,22.0,18.0,0.55,1.5,118.93,117.37,1.56,-0.05,118.9,118.92,-0.01,2346614,2018,2,18,40,39
3,Keldon Johnson,San Antonio Spurs,Kentucky,United States,77.0,220.0,4.0,2021,"Knee/Back/Ankle, Rest",4.0,73992.0,15.2,.574,.395,.231,3.5,16.7,10.0,9.5,1.2,0.5,7.6,21.3,2.9,2.0,4.9,.098,0.7,-1.2,-0.5,0.9,.545,114,114,SF,22,0.466,13.4,0.028,0.228,0.484,San Antonio Spurs,19.0,W,SW,34.0,48.0,0.415,0.12,113.04,113.0,0.03,0.02,113.09,113.16,-0.07,2145720,2019,1,29,82,78
3,Keldon Johnson,San Antonio Spurs,Kentucky,United States,77.0,220.0,4.0,2022,Foot/Neck/Ankle/Hamstring/Back/Calf,18.0,645511.0,15.3,.551,.366,.294,2.9,14.4,8.4,13.7,1.1,0.4,9.6,27.9,0.7,0.5,1.3,.030,0.7,-2.5,-1.8,0.1,.512,108,122,SF,23,0.452,12.7,0.022,0.226,0.348,San Antonio Spurs,30.0,W,SW,22.0,60.0,0.268,-10.04,111.11,120.96,-9.85,-9.82,111.14,120.79,-9.65,3873024,2019,1,29,82,64
3,Keldon Johnson,San Antonio Spurs,Kentucky,United States,77.0,220.0,4.0,2023,Back/Knee,2.0,574715.0,14.2,.557,.404,.279,4.2,16.1,10.0,16.9,1.3,0.7,10.1,22.6,0.6,0.8,1.4,.056,-0.5,-1.3,-1.7,0.1,.517,111,119,SF,24,0.446,13.1,0.049,0.295,0.344,San Antonio Spurs,26.0,W,SW,7.0,33.0,0.175,-9.38,109.67,118.8,-9.13,-8.68,109.93,118.38,-8.46,20000000,2019,1,29,40,38
41,Kelly Olynyk,Utah Jazz,Gonzaga,Canada,83.0,240.0,10.0,2020,Ankle,1.0,167100.0,16.4,.610,.528,.251,4.8,22.5,13.6,16.0,1.9,2.1,14.0,19.7,2.5,2.6,5.1,.121,0.3,0.9,1.2,1.6,.574,115,110,C-PF,29,0.484,15.6,0.032,0.158,0.276,Miami Heat,16.0,E,SE,40.0,32.0,0.556,0.03,112.12,111.98,0.13,-0.06,112.09,112.06,0.03,12819650,2013,1,13,72,71
41,Kelly Olynyk,Utah Jazz,Gonzaga,Canada,83.0,240.0,10.0,2020,Ankle,1.0,167100.0,16.4,.610,.528,.251,4.8,22.5,13.6,16.0,1.9,2.1,14.0,19.7,2.5,2.6,5.1,.121,0.3,0.9,1.2,1.6,.574,115,110,C-PF,29,0.484,15.6,0.032,0.158,0.276,Houston Rockets,27.0,W,SW,17.0,55.0,0.236,-7.9,107.85,115.69,-7.84,-7.5,107.93,115.35,-7.42,12819650,2013,1,13,72,71
41,Kelly Olynyk,Utah Jazz,Gonzaga,Canada,83.0,240.0,10.0,2021,"Knee, Rest",35.0,4906090.0,16.7,.561,.416,.311,7.3,18.3,12.5,23.3,2.0,2.2,15.1,21.5,0.8,0.8,1.6,.104,0.5,1.0,1.6,0.7,.517,112,112,C,30,0.448,14.2,0.052,0.017,0.5,Detroit Pistons,26.0,E,C,23.0,59.0,0.28,-7.72,106.96,114.67,-7.71,-7.35,107.02,114.36,-7.34,12195122,2013,1,13,82,47
41,Kelly Olynyk,Utah Jazz,Gonzaga,Canada,83.0,240.0,10.0,2022,"Illness/Ankle, Rest",14.0,2207730.0,14.4,.643,.424,.417,4.6,18.6,11.7,17.6,1.5,1.6,20.3,17.8,2.4,1.9,4.3,.106,-0.4,0.9,0.4,1.2,.583,118,115,C,31,0.499,14.5,0.025,0.203,0.438,Utah Jazz,22.0,W,NW,37.0,45.0,0.451,-0.94,116.41,117.44,-1.02,-1.03,116.32,117.43,-1.11,12804878,2013,1,13,82,68
41,Kelly Olynyk,Utah Jazz,Gonzaga,Canada,83.0,240.0,10.0,2023,Shoulder,2.0,3434263.0,16.7,.662,.333,.333,7.1,19.9,13.6,29.0,2.0,1.3,22.3,15.4,1.8,0.9,2.7,.150,0.8,1.8,2.7,1.0,.616,127,116,C,32,0.546,12.2,0.014,0.208,0.267,Utah Jazz,20.0,W,NW,22.0,21.0,0.512,-1.47,116.93,118.48,-1.55,-1.19,117.31,118.6,-1.29,12195122,2013,1,13,43,41
34,Kenrich Williams,Oklahoma City Thunder,TCU,United States,78.0,210.0,5.0,2021,Knee/Ankle,28.0,689640.0,13.3,.532,.382,.174,7.1,14.1,10.5,15.3,2.0,0.9,11.9,15.6,0.8,1.0,1.8,.081,-1.3,1.1,-0.3,0.5,.525,111,113,SF,27,0.461,13.7,0.085,0.331,0.35,Oklahoma City Thunder,28.0,W,NW,24.0,58.0,0.293,-8.1,105.25,113.42,-8.18,-7.9,105.18,113.16,-7.98,2000000,2018,0,0,82,54
34,Kenrich Williams,Oklahoma City Thunder,TCU,United States,78.0,210.0,5.0,2022,Wrist/Knee,27.0,586194.0,14.4,.585,.387,.113,8.5,14.9,11.6,11.7,1.8,1.1,8.1,13.7,2.0,1.3,3.3,.133,0.1,0.4,0.5,0.8,.590,126,114,PF,28,0.517,13.4,0.066,0.343,0.413,Oklahoma City Thunder,15.0,W,NW,40.0,42.0,0.488,1.09,115.92,114.9,1.03,0.96,115.8,114.91,0.89,2000000,2018,0,0,82,55
34,Kenrich Williams,Oklahoma City Thunder,TCU,United States,78.0,210.0,5.0,2023,Back,10.0,709780.0,11.5,.573,.526,.086,5.6,14.8,10.5,12.4,1.7,0.8,9.1,12.3,0.6,0.6,1.1,.116,-0.6,0.5,-0.1,0.2,.582,123,114,PF,29,0.474,15.3,0.034,0.262,0.25,Oklahoma City Thunder,2.0,W,NW,28.0,13.0,0.683,8.15,122.34,114.21,8.12,8.29,122.59,114.32,8.27,6175000,2018,0,0,41,31
5,Kentavious Caldwell-Pope,Denver Nuggets,Georgia,United States,77.0,204.0,10.0,2020,Ankle,5.0,744228.0,10.7,.588,.579,.221,1.6,8.9,5.3,9.2,1.6,1.2,10.6,14.2,1.6,2.6,4.2,.107,-1.6,1.0,-0.5,0.7,.549,114,109,SG,27,0.431,17.6,0.018,0.396,0.431,Los Angeles Lakers,8.0,W,P,42.0,30.0,0.583,2.79,110.52,107.84,2.68,2.76,110.28,107.6,2.67,12073020,2013,1,8,72,67
5,Kentavious Caldwell-Pope,Denver Nuggets,Georgia,United States,77.0,204.0,10.0,2021,Rest,2.0,149872.0,12.6,.568,.492,.186,2.0,10.3,6.2,9.1,1.8,0.9,9.8,19.0,1.4,1.4,2.8,.058,-0.9,-0.6,-1.5,0.3,.531,109,116,SG,28,0.435,18.1,0.011,0.346,0.468,Washington Wizards,24.0,E,SE,35.0,47.0,0.427,-3.38,111.72,115.33,-3.61,-3.23,111.79,115.23,-3.43,13038862,2013,1,8,82,80
5,Kentavious Caldwell-Pope,Denver Nuggets,Georgia,United States,77.0,204.0,10.0,2022,Illness/Ankle/Wrist,6.0,965844.0,11.5,.598,.505,.198,1.7,8.1,5.0,9.8,2.3,1.3,11.1,14.1,2.0,2.5,4.5,.091,-1.6,0.6,-1.0,0.6,.569,117,115,SG,29,0.462,17.3,0.024,0.411,0.405,Denver Nuggets,7.0,W,NW,53.0,29.0,0.646,3.33,118.38,115.05,3.34,3.04,118.22,115.18,3.04,14004703,2013,1,8,82,76
5,Kentavious Caldwell-Pope,Denver Nuggets,Georgia,United States,77.0,204.0,10.0,2023,Concussion,2.0,338044.0,10.8,.598,.479,.211,1.5,6.2,3.9,9.6,2.3,1.5,10.7,12.9,1.1,1.4,2.5,.092,-2.0,0.8,-1.2,0.3,.558,119,116,SG,30,0.46,16.5,0.01,0.373,0.482,Denver Nuggets,6.0,W,NW,28.0,14.0,0.667,4.95,120.46,115.32,5.14,5.09,120.56,115.3,5.26,14704938,2013,1,8,42,40
35,Kevin Durant,Phoenix Suns,Texas,United States,83.0,240.0,16.0,2020,"Thigh/Hamstring/Achilles, Rest",30.0,15784093.0,26.4,.666,.313,.395,1.3,21.3,11.8,27.5,1.0,3.4,14.5,31.2,3.7,1.2,5.0,.206,6.4,0.8,7.2,2.7,.608,122,112,PF,32,0.537,14.9,0.066,0.074,0.643,Brooklyn Nets,7.0,E,A,48.0,24.0,0.667,4.5,118.91,114.4,4.52,4.24,119.0,114.76,4.24,40108950,2007,1,2,72,42
35,Kevin Durant,Phoenix Suns,Texas,United States,83.0,240.0,16.0,2021,"Knee/Shoulder, Rest",24.0,11758300.0,25.6,.634,.269,.367,1.6,19.6,10.8,29.1,1.1,2.3,12.9,31.2,6.4,2.0,8.4,.198,6.4,0.7,7.2,4.8,.570,121,112,PF,33,0.518,15.1,0.033,0.067,0.55,Brooklyn Nets,15.0,E,A,44.0,38.0,0.537,0.78,114.69,113.93,0.76,0.82,114.84,114.03,0.81,42018900,2007,1,2,82,58
35,Kevin Durant,Phoenix Suns,Texas,United States,83.0,240.0,16.0,2022,Injury Management/Ankle/Knee,33.0,17780616.0,25.9,.677,.267,.387,1.2,19.5,10.5,24.5,1.0,3.4,13.4,30.7,4.7,2.1,6.8,.194,6.0,1.2,7.1,3.9,.614,123,113,PF,34,0.56,15.1,0.044,0.078,0.556,Brooklyn Nets,14.0,E,A,45.0,37.0,0.549,0.85,116.07,115.07,1.0,1.03,116.19,115.01,1.18,44119845,2007,1,2,82,49
35,Kevin Durant,Phoenix Suns,Texas,United States,83.0,240.0,16.0,2022,Injury Management/Ankle/Knee,33.0,17780616.0,25.9,.677,.267,.387,1.2,19.5,10.5,24.5,1.0,3.4,13.4,30.7,4.7,2.1,6.8,.194,6.0,1.2,7.1,3.9,.614,123,113,PF,34,0.56,15.1,0.044,0.078,0.556,Phoenix Suns,9.0,W,P,45.0,37.0,0.549,2.07,116.05,113.94,2.12,2.08,115.97,113.86,2.11,44119845,2007,1,2,82,49
35,Kevin Durant,Phoenix Suns,Texas,United States,83.0,240.0,16.0,2023,Hamstring/Ankle/Foot,7.0,4267344.0,23.5,.642,.241,.387,1.5,17.5,9.8,27.0,1.1,2.7,12.9,30.4,3.2,1.2,4.4,.172,5.8,-0.1,5.7,2.4,.580,122,116,PF,35,0.524,14.2,0.063,0.144,0.591,Phoenix Suns,16.0,W,P,22.0,18.0,0.55,1.5,118.93,117.37,1.56,-0.05,118.9,118.92,-0.01,47649433,2007,1,2,40,33
9,Kevin Huerter,Sacramento Kings,Maryland,United States,79.0,198.0,5.0,2020,Ankle/Shoulder,3.0,75668.0,12.2,.541,.528,.088,2.0,9.7,6.0,16.3,1.9,0.7,9.4,17.2,1.9,1.7,3.6,.080,-0.6,0.4,-0.3,1.0,.528,112,115,SG,22,0.432,17.4,0.012,0.199,0.403,Atlanta Hawks,11.0,E,SE,41.0,31.0,0.569,2.32,116.28,113.89,2.38,2.14,116.33,114.14,2.19,2761920,2018,1,19,72,69
9,Kevin Huerter,Sacramento Kings,Maryland,United States,79.0,198.0,5.0,2021,Shoulder,1.0,48890.0,11.9,.570,.541,.068,1.6,11.0,6.4,13.2,1.2,1.1,10.4,17.5,1.8,1.0,2.8,.062,-0.5,-0.7,-1.2,0.4,.559,112,117,SF,23,0.454,18,0.004,0.26,0.449,Atlanta Hawks,14.0,E,SE,43.0,39.0,0.524,1.56,117.29,115.71,1.58,1.55,117.42,115.84,1.58,4253357,2018,1,19,82,81
9,Kevin Huerter,Sacramento Kings,Maryland,United States,79.0,198.0,5.0,2022,Injury Management/Knee/Hamstring/Illness/Ankle,7.0,1084005.0,15.2,.617,.589,.151,2.2,10.8,6.5,14.1,1.7,1.0,9.5,19.9,3.3,1.7,4.9,.107,1.4,-0.3,1.0,1.7,.603,119,117,SG,24,0.485,17.8,0.014,0.149,0.395,Sacramento Kings,8.0,W,P,48.0,34.0,0.585,2.65,119.97,117.48,2.49,2.3,119.86,117.72,2.14,14508929,2018,1,19,82,75
9,Kevin Huerter,Sacramento Kings,Maryland,United States,79.0,198.0,5.0,2023,Ankle/Finger,2.0,270165.0,13.0,.564,.609,.095,2.2,15.4,8.7,14.6,1.3,1.3,6.0,17.6,1.1,0.8,1.9,.097,-0.2,-0.3,-0.5,0.4,.549,119,117,SG,25,0.44,18.4,0.017,0.17,0.417,Sacramento Kings,15.0,W,P,23.0,18.0,0.561,0.27,117.83,117.81,0.02,0.5,117.81,117.54,0.27,15669643,2018,1,19,41,39
42,Kevin Love,Miami Heat,UCLA,United States,80.0,251.0,15.0,2020,Calf/Heel,47.0,21195702.0,15.1,.556,.619,.202,3.0,31.2,16.7,16.0,1.3,0.3,12.2,21.9,0.3,0.6,0.9,.073,0.9,-0.9,-0.1,0.3,.522,108,113,PF,32,0.409,19.4,0,0.103,0.438,Cleveland Cavaliers,28.0,E,C,22.0,50.0,0.306,-8.44,106.85,115.65,-8.8,-8.19,106.96,115.51,-8.55,31258256,2008,1,5,72,25
42,Kevin Love,Miami Heat,UCLA,United States,80.0,251.0,15.0,2022,Ribs/Knee/Back/Thumb,13.0,3232010.0,13.1,.548,.698,.215,5.5,32.6,18.9,13.2,0.6,0.9,13.1,19.2,0.6,2.0,2.6,.099,0.2,0.4,0.6,0.8,.506,110,110,PF,34,0.389,20.2,0.012,0.149,0.341,Cleveland Cavaliers,2.0,E,C,51.0,31.0,0.622,5.38,117.31,111.69,5.62,5.23,117.31,111.84,5.47,30556968,2008,1,5,82,69
42,Kevin Love,Miami Heat,UCLA,United States,80.0,251.0,15.0,2022,Ribs/Knee/Back/Thumb,13.0,3232010.0,13.1,.548,.698,.215,5.5,32.6,18.9,13.2,0.6,0.9,13.1,19.2,0.6,2.0,2.6,.099,0.2,0.4,0.6,0.8,.506,110,110,PF,34,0.389,20.2,0.012,0.149,0.341,Miami Heat,21.0,E,SE,44.0,38.0,0.537,-0.32,113.99,114.4,-0.41,-0.13,114.1,114.32,-0.22,30556968,2008,1,5,82,69
42,Kevin Love,Miami Heat,UCLA,United States,80.0,251.0,15.0,2023,"Knee/Illness/Shoulder, Personal",7.0,286572.0,19.7,.615,.680,.374,6.7,33.7,20.1,20.5,1.0,0.8,8.3,20.7,1.5,0.9,2.4,.198,3.8,1.0,4.8,1.0,.571,128,111,PF,35,0.452,19.3,0,0.121,0.333,Miami Heat,18.0,E,SE,24.0,17.0,0.585,0.66,115.32,114.63,0.69,-0.3,114.9,115.22,-0.31,3835738,2008,1,5,41,34
5,Kevon Looney,Golden State Warriors,UCLA,United States,81.0,222.0,8.0,2020,Ankle,10.0,627437.0,11.9,.575,.086,.244,10.9,18.6,14.8,13.4,0.8,1.7,14.5,9.4,2.0,1.4,3.4,.139,-1.8,1.0,-0.9,0.3,.558,130,111,C,24,0.548,6.3,0.137,0.353,0.167,Golden State Warriors,14.0,W,P,39.0,33.0,0.542,1.06,111.74,110.65,1.09,1.1,111.61,110.47,1.14,4821429,2015,1,30,72,62
22,Khris Middleton,Milwaukee Bucks,Texas A&M,United States,79.0,222.0,11.0,2020,Ankle/Knee/Hip,4.0,1584674.0,18.2,.588,.340,.220,2.6,15.7,9.4,23.2,1.5,0.4,13.1,25.0,4.1,2.2,6.4,.135,1.7,-0.3,1.3,1.9,.546,116,113,SF,29,0.476,15.7,0.014,0.156,0.439,Milwaukee Bucks,4.0,E,C,46.0,26.0,0.639,5.89,117.68,112.03,5.65,5.57,117.67,112.34,5.33,33051724,2012,2,9,72,68
22,Khris Middleton,Milwaukee Bucks,Texas A&M,United States,79.0,222.0,11.0,2021,"Wrist/Knee, Personal",8.0,3264368.0,18.1,.577,.425,.285,2.1,15.3,8.8,25.5,1.7,0.8,14.2,26.7,3.2,2.2,5.3,.119,1.9,-0.3,1.6,1.9,.522,112,112,SF,30,0.443,17.3,0.008,0.111,0.375,Milwaukee Bucks,8.0,E,C,51.0,31.0,0.622,3.35,115.86,112.56,3.31,3.22,115.86,112.67,3.18,35500000,2012,2,9,82,74
22,Khris Middleton,Milwaukee Bucks,Texas A&M,United States,79.0,222.0,11.0,2022,Knee/Injury Management/Wrist,49.0,20937024.0,17.4,.551,.399,.251,3.8,14.0,9.1,30.7,1.4,0.5,13.6,27.4,1.0,1.0,1.9,.117,1.0,-0.3,0.8,0.6,.499,113,113,SF,31,0.436,16.4,0.002,0.142,0.391,Milwaukee Bucks,5.0,E,C,58.0,24.0,0.707,3.63,116.13,112.64,3.49,3.61,116.12,112.64,3.48,37984276,2012,2,9,82,33
22,Khris Middleton,Milwaukee Bucks,Texas A&M,United States,79.0,222.0,11.0,2023,Knee/Achilles/Injury Management,6.0,1154748.0,16.6,.583,.388,.173,2.7,15.1,9.1,28.2,1.5,0.8,15.0,24.1,1.0,0.7,1.7,.094,0.8,-0.6,0.3,0.5,.556,115,118,SF,32,0.484,16.6,0,0.168,0.423,Milwaukee Bucks,10.0,E,C,28.0,13.0,0.683,3.93,121.93,118.08,3.85,3.11,121.31,118.27,3.04,29320988,2012,2,9,41,35
11,Klay Thompson,Golden State Warriors,Washington State,United States,78.0,220.0,12.0,2021,"Injury Management/Illness/Knee/Achilles, Rest",51.0,21391440.0,16.7,.547,.517,.089,1.8,12.4,7.3,16.1,0.8,1.7,6.7,29.6,0.6,1.2,1.8,.091,2.6,-1.6,1.1,0.7,.529,107,110,SG,31,0.429,18.9,0.009,0.166,0.367,Golden State Warriors,4.0,W,P,53.0,29.0,0.646,5.54,113.33,107.68,5.65,5.52,113.24,107.62,5.62,37980720,2011,1,11,82,31
11,Klay Thompson,Golden State Warriors,Washington State,United States,78.0,220.0,12.0,2022,"Back/Injury Management/Knee/Achilles, Rest",13.0,6066684.0,14.7,.576,.584,.105,1.9,11.7,6.9,11.0,1.0,1.1,8.6,26.4,1.2,1.9,3.1,.066,1.5,-1.7,-0.3,1.0,.556,110,117,SF,32,0.436,19.6,0.011,0.17,0.403,Golden State Warriors,12.0,W,P,44.0,38.0,0.537,1.8,117.1,115.34,1.75,1.66,117.0,115.41,1.6,40600080,2011,1,11,82,69
11,Klay Thompson,Golden State Warriors,Washington State,United States,78.0,220.0,12.0,2023,Knee,1.0,496776.0,12.9,.571,.608,.148,2.0,10.6,6.3,11.5,0.8,1.5,9.9,23.2,0.8,0.5,1.3,.053,0.8,-1.9,-1.1,0.3,.542,112,121,SF,33,0.424,20.5,0.002,0.136,0.37,Golden State Warriors,17.0,W,P,18.0,22.0,0.45,-1.0,118.28,119.24,-0.97,-0.13,118.91,119.0,-0.09,43219440,2011,1,11,40,39
11,Kris Dunn,Utah Jazz,Providence,United States,75.0,205.0,7.0,2020,Ankle,62.0,4048724.0,-5.7,.182,.167,.333,0.0,14.3,7.3,5.4,2.2,3.9,17.9,16.2,-0.2,0.1,-0.2,-0.202,-13.7,-0.1,-13.7,-0.1,.083,41,110,PG,26,0.083,11.4,0,0.5,0,Atlanta Hawks,11.0,E,SE,41.0,31.0,0.569,2.32,116.28,113.89,2.38,2.14,116.33,114.14,2.19,4767000,2016,1,5,72,10
11,Kris Dunn,Utah Jazz,Providence,United States,75.0,205.0,7.0,2021,Ankle,2.0,33438.0,12.5,.482,.108,.176,2.8,13.6,8.0,35.1,3.3,0.9,22.5,18.3,-0.1,0.3,0.2,.024,-4.6,-0.8,-5.4,-0.3,.436,100,114,PG,27,0.431,9.1,0.049,0,0,Portland Trail Blazers,30.0,W,NW,27.0,55.0,0.329,-8.88,108.8,117.93,-9.13,-8.55,109.03,117.84,-8.81,5317430,2016,1,5,82,80
11,Kris Dunn,Utah Jazz,Providence,United States,75.0,205.0,7.0,2023,Personal,3.0,104062.0,13.0,.534,.303,.105,3.9,13.6,8.8,31.9,2.5,2.4,21.7,13.9,0.5,0.6,1.1,.089,-1.4,1.8,0.4,0.4,.523,115,115,PG,29,0.467,11.9,0.053,0.37,0.412,Utah Jazz,20.0,W,NW,22.0,21.0,0.512,-1.47,116.93,118.48,-1.55,-1.19,117.31,118.6,-1.29,2586484,2016,1,5,43,40
1,Kyle Anderson,Minnesota Timberwolves,UCLA,United States China,81.0,230.0,9.0,2020,"Thumb/Illness, Rest",3.0,390618.0,17.2,.578,.397,.280,2.9,19.5,11.1,18.3,2.1,2.7,10.4,18.5,2.9,2.7,5.6,.143,1.4,1.9,3.3,2.5,.540,118,109,PF,27,0.468,14.8,0.012,0.425,0.369,Memphis Grizzlies,15.0,W,SW,38.0,34.0,0.528,1.03,112.77,111.77,1.0,1.07,112.69,111.63,1.06,9505100,2014,1,30,72,69
1,Kyle Anderson,Minnesota Timberwolves,UCLA,United States China,81.0,230.0,9.0,2021,Back,6.0,571100.0,14.4,.506,.232,.224,4.8,21.6,13.0,16.2,2.5,2.7,12.1,16.2,1.0,2.5,3.5,.113,-0.9,2.1,1.2,1.2,.484,110,106,PF,28,0.446,10.7,0.043,0.422,0.435,Memphis Grizzlies,5.0,W,SW,56.0,26.0,0.683,5.68,115.5,109.94,5.56,5.37,115.38,110.14,5.24,9937150,2014,1,30,82,76
1,Kyle Anderson,Minnesota Timberwolves,UCLA,United States China,81.0,230.0,9.0,2022,Back/Illness,13.0,1261575.0,14.8,.583,.212,.275,3.8,16.9,10.5,22.6,1.9,2.8,15.7,14.4,2.5,2.6,5.1,.125,0.2,2.3,2.5,2.2,.553,120,112,PF,29,0.509,9.9,0.02,0.448,0.468,Minnesota Timberwolves,20.0,W,NW,42.0,40.0,0.512,-0.04,114.52,114.5,0.02,-0.22,114.26,114.43,-0.18,8780488,2014,1,30,82,69
33,Kyle Kuzma,Washington Wizards,Utah,United States,81.0,221.0,6.0,2020,Thumb/Calf/Heel,4.0,146388.0,12.7,.546,.502,.128,6.3,17.7,12.0,9.8,0.9,1.9,12.4,20.3,0.4,2.9,3.3,.080,-0.4,-0.1,-0.4,0.8,.533,105,109,SF,25,0.443,16,0.048,0.295,0.357,Los Angeles Lakers,8.0,W,P,42.0,30.0,0.583,2.79,110.52,107.84,2.68,2.76,110.28,107.6,2.67,3562178,2017,1,27,72,68
33,Kyle Kuzma,Washington Wizards,Utah,United States,81.0,221.0,6.0,2021,Knee/Neck,14.0,1867825.0,15.2,.547,.401,.234,3.6,24.3,14.1,16.3,0.9,2.2,14.1,24.2,0.0,2.0,2.0,.044,0.2,-0.4,-0.2,1.0,.520,103,113,PF,26,0.452,14.8,0.024,0.227,0.329,Washington Wizards,24.0,E,SE,35.0,47.0,0.427,-3.38,111.72,115.33,-3.61,-3.23,111.79,115.23,-3.43,13000000,2017,1,27,82,68
33,Kyle Kuzma,Washington Wizards,Utah,United States,81.0,221.0,6.0,2022,Ankle/Knee,17.0,2465529.0,14.3,.544,.421,.208,2.8,19.5,11.5,16.5,0.8,1.1,13.2,27.9,-1.0,1.9,0.9,.019,-0.2,-1.5,-1.7,0.2,.518,103,117,PF,27,0.448,15.2,0.036,0.243,0.41,Washington Wizards,23.0,E,SE,35.0,47.0,0.427,-1.21,115.21,116.49,-1.28,-1.06,115.39,116.5,-1.12,13000000,2017,1,27,82,65
7,Kyle Lowry,Miami Heat,Villanova,United States,72.0,196.0,17.0,2020,"Back/Foot/Ankle, Rest, Personal",26.0,7397244.0,16.5,.593,.555,.268,2.3,15.1,8.5,31.8,1.4,0.9,15.9,21.4,2.9,1.3,4.1,.124,2.0,-0.4,1.6,1.5,.546,117,115,PG,34,0.436,18.5,0,0.082,0.481,Toronto Raptors,19.0,E,A,27.0,45.0,0.375,-0.47,112.96,113.44,-0.48,-0.54,113.0,113.55,-0.56,30500000,2006,1,24,72,46
7,Kyle Lowry,Miami Heat,Villanova,United States,72.0,196.0,17.0,2021,"Soreness/Ankle, Rest, Personal",17.0,4497349.0,15.0,.600,.609,.278,1.8,13.0,7.5,32.3,1.6,0.8,19.3,18.2,3.7,2.7,6.4,.143,1.1,0.8,2.0,2.1,.555,118,110,PG,35,0.44,19.8,0,0.147,0.446,Miami Heat,6.0,E,SE,53.0,29.0,0.646,4.45,114.83,110.21,4.62,4.23,114.61,110.21,4.4,26984128,2006,1,24,82,65
7,Kyle Lowry,Miami Heat,Villanova,United States,72.0,196.0,17.0,2022,"Knee, Rest, Personal",27.0,9607265.0,12.6,.565,.639,.278,2.8,12.9,7.7,23.4,1.7,1.2,15.9,16.7,1.5,1.9,3.4,.096,-0.7,0.8,0.2,0.9,.514,114,114,PG,36,0.404,19.4,0,0.177,0.455,Miami Heat,21.0,E,SE,44.0,38.0,0.537,-0.32,113.99,114.4,-0.41,-0.13,114.1,114.32,-0.22,28333334,2006,1,24,82,55
7,Kyle Lowry,Miami Heat,Villanova,United States,72.0,196.0,17.0,2023,"Hamstring/Head/Soreness, Rest",6.0,1876479.0,11.2,.604,.664,.183,2.6,11.8,7.2,19.6,1.8,1.4,17.4,13.4,0.8,1.2,2.0,.099,-1.7,1.1,-0.7,0.3,.576,117,114,PG,37,0.441,19.5,0,0.204,0.548,Miami Heat,18.0,E,SE,24.0,17.0,0.585,0.66,115.32,114.63,0.69,-0.3,114.9,115.22,-0.31,29682540,2006,1,24,41,35
11,Kyrie Irving,Dallas Mavericks,Duke,United States Australia,74.0,195.0,12.0,2020,"Face/Groin/Shoulder/Back/Finger, Rest, Personal",16.0,7989870.0,24.4,.614,.348,.201,3.2,11.4,7.5,28.6,1.9,1.7,9.9,30.4,5.8,1.6,7.4,.189,5.7,-0.2,5.5,3.6,.576,121,114,PG,28,0.506,14.6,0.005,0.071,0.37,Brooklyn Nets,7.0,E,A,48.0,24.0,0.667,4.5,118.91,114.4,4.52,4.24,119.0,114.76,4.24,33722850,2011,1,1,72,56
11,Kyrie Irving,Dallas Mavericks,Duke,United States Australia,74.0,195.0,12.0,2021,Personal,50.0,19063460.0,21.4,.592,.388,.209,1.6,10.8,6.3,25.2,1.8,1.4,9.8,29.4,2.4,0.9,3.3,.147,4.2,-1.2,3.0,1.4,.550,117,114,PG,29,0.469,16.5,0.002,0.146,0.429,Brooklyn Nets,15.0,E,A,44.0,38.0,0.537,0.78,114.69,113.93,0.76,0.82,114.84,114.03,0.81,35328700,2011,1,1,82,32
11,Kyrie Irving,Dallas Mavericks,Duke,United States Australia,74.0,195.0,12.0,2022,Injury Management/Foot/Back/Calf/Adductor,11.0,3985991.0,22.4,.613,.412,.227,3.0,12.3,7.7,25.4,1.4,1.7,8.8,28.9,5.4,2.0,7.4,.159,4.8,-0.7,4.1,3.5,.572,121,116,PG-SG,30,0.494,15.8,0.002,0.107,0.34,Brooklyn Nets,14.0,E,A,45.0,37.0,0.549,0.85,116.07,115.07,1.0,1.03,116.19,115.01,1.18,38917057,2011,1,1,82,71
11,Kyrie Irving,Dallas Mavericks,Duke,United States Australia,74.0,195.0,12.0,2022,Injury Management/Foot/Back/Calf/Adductor,11.0,3985991.0,22.4,.613,.412,.227,3.0,12.3,7.7,25.4,1.4,1.7,8.8,28.9,5.4,2.0,7.4,.159,4.8,-0.7,4.1,3.5,.572,121,116,PG-SG,30,0.494,15.8,0.002,0.107,0.34,Dallas Mavericks,19.0,W,SW,38.0,44.0,0.463,0.07,117.63,117.56,0.06,-0.14,117.54,117.7,-0.16,38917057,2011,1,1,82,71
11,Kyrie Irving,Dallas Mavericks,Duke,United States Australia,74.0,195.0,12.0,2023,Foot,16.0,6811424.0,22.6,.587,.359,.220,2.6,14.1,8.2,26.5,1.9,1.2,7.1,29.6,2.1,0.8,2.9,.161,5.5,-0.2,5.3,1.6,.546,121,116,SG,31,0.473,14.7,0.004,0.191,0.6,Dallas Mavericks,14.0,W,SW,24.0,18.0,0.571,1.1,118.76,117.91,0.85,0.7,119.65,119.19,0.46,37037037,2011,1,1,42,26
20,Landry Shamet,Washington Wizards,Wichita State,United States,76.0,190.0,5.0,2020,Knee/Ankle,7.0,200410.0,10.3,.578,.730,.171,0.9,7.6,4.4,9.3,1.1,0.6,8.9,16.7,1.2,0.6,1.8,.063,-0.9,-1.5,-2.4,-0.2,.549,113,118,SG,23,0.408,20.4,0.02,0.282,0.457,Brooklyn Nets,7.0,E,A,48.0,24.0,0.667,4.5,118.91,114.4,4.52,4.24,119.0,114.76,4.24,2090040,2018,1,26,72,65
20,Landry Shamet,Washington Wizards,Wichita State,United States,76.0,190.0,5.0,2021,Ankle/Foot,10.0,541425.0,10.2,.550,.689,.167,1.2,8.0,4.7,9.7,0.9,0.6,7.3,16.8,1.1,1.5,2.6,.085,-0.9,-0.4,-1.2,0.3,.521,111,112,SG,24,0.394,20,0.029,0.302,0.396,Phoenix Suns,2.0,W,P,64.0,18.0,0.78,7.5,115.65,108.17,7.48,6.94,115.41,108.5,6.91,3768342,2018,1,26,82,72
20,Landry Shamet,Washington Wizards,Wichita State,United States,76.0,190.0,5.0,2022,Foot/Hip/Achilles/Concussion,40.0,4859222.0,10.9,.537,.663,.170,1.5,7.9,4.6,15.7,1.6,0.6,10.0,18.9,0.5,0.7,1.2,.071,-1.1,-0.3,-1.4,0.1,.502,111,116,SG,25,0.377,19.6,0.013,0.226,0.467,Phoenix Suns,9.0,W,P,45.0,37.0,0.549,2.07,116.05,113.94,2.12,2.08,115.97,113.86,2.11,9500000,2018,1,26,82,42
20,Landry Shamet,Washington Wizards,Wichita State,United States,76.0,190.0,5.0,2023,"Hamstring/Ribs/Toe, Personal",14.0,2120688.0,12.5,.598,.567,.160,1.1,7.4,4.2,11.7,1.8,1.5,9.6,19.7,0.2,0.1,0.3,.036,-1.6,-1.3,-2.9,-0.1,.587,111,123,SG,26,0.473,17.2,0.047,0.282,0.5,Washington Wizards,28.0,E,SE,7.0,33.0,0.175,-9.65,112.45,121.95,-9.5,-9.86,111.77,121.49,-9.72,10250000,2018,1,26,40,26
23,Lauri Markkanen,Utah Jazz,Arizona,Finland,84.0,240.0,6.0,2020,Illness/Shoulder/Calf,21.0,2259194.0,15.2,.619,.568,.177,3.0,19.4,11.3,5.0,1.0,1.0,8.5,20.2,1.7,1.3,3.0,.109,1.0,-0.9,0.1,0.7,.594,115,113,PF,23,0.48,16.2,0.071,0.213,0.54,Chicago Bulls,20.0,E,C,31.0,41.0,0.431,-0.89,111.9,112.81,-0.91,-0.94,111.9,112.87,-0.97,6731508,2017,1,7,72,51
23,Lauri Markkanen,Utah Jazz,Arizona,Finland,84.0,240.0,6.0,2021,Ankle,12.0,2975874.0,14.7,.582,.541,.226,3.5,16.5,10.2,6.6,1.2,1.4,6.5,19.5,2.7,2.3,5.0,.127,0.4,-0.1,0.4,1.1,.542,117,110,SF,24,0.445,16.5,0.081,0.2,0.342,Cleveland Cavaliers,13.0,E,C,44.0,38.0,0.537,2.12,112.92,110.79,2.13,2.04,112.66,110.62,2.05,15690909,2017,1,7,82,70
23,Lauri Markkanen,Utah Jazz,Arizona,Finland,84.0,240.0,6.0,2022,Hand/Back/Knee/Hip/Illness,16.0,2651236.0,22.1,.640,.446,.348,6.3,20.7,13.6,8.6,0.9,1.4,8.8,26.6,6.3,1.9,8.2,.173,4.9,-1.0,3.8,3.3,.586,125,116,PF,25,0.499,14.6,0.112,0.184,0.489,Utah Jazz,22.0,W,NW,37.0,45.0,0.451,-0.94,116.41,117.44,-1.02,-1.03,116.32,117.43,-1.11,16475454,2017,1,7,82,66
23,Lauri Markkanen,Utah Jazz,Arizona,Finland,84.0,240.0,6.0,2023,Hamstring,10.0,2182290.0,23.9,.651,.494,.354,8.2,21.6,15.0,9.2,1.3,1.8,5.6,25.0,3.8,1.0,4.9,.217,6.5,-0.8,5.7,2.1,.597,134,116,PF,26,0.498,15.7,0.093,0.169,0.477,Utah Jazz,20.0,W,NW,22.0,21.0,0.512,-1.47,116.93,118.48,-1.55,-1.19,117.31,118.6,-1.29,17259999,2017,1,7,43,33
23,LeBron James,Los Angeles Lakers,St. Vincent St. Mary High School (Ohio),United States,81.0,250.0,20.0,2020,Ankle,27.0,16386247.0,24.2,.602,.346,.310,2.2,23.6,12.9,41.8,1.6,1.5,15.2,31.9,3.0,2.6,5.6,.179,5.9,2.3,8.1,3.8,.576,114,106,PG,36,0.513,13.9,0.062,0.077,0.455,Los Angeles Lakers,8.0,W,P,42.0,30.0,0.583,2.79,110.52,107.84,2.68,2.76,110.28,107.6,2.67,39219566,2003,1,1,72,45
23,LeBron James,Los Angeles Lakers,St. Vincent St. Mary High School (Ohio),United States,81.0,250.0,20.0,2021,Ankle/Knee/Abdominal,24.0,10413480.0,26.2,.619,.367,.275,3.3,20.4,11.8,30.6,1.7,2.5,12.5,32.3,5.2,2.3,7.5,.172,6.9,0.8,7.7,5.1,.590,117,111,C,37,0.524,13.8,0.07,0.074,0.303,Los Angeles Lakers,22.0,W,P,33.0,49.0,0.402,-3.05,111.15,114.17,-3.02,-3.08,111.22,114.3,-3.07,41180544,2003,1,1,82,58
23,LeBron James,Los Angeles Lakers,St. Vincent St. Mary High School (Ohio),United States,81.0,250.0,20.0,2022,Foot/Ankle/Illness/Adductor,27.0,14569371.0,23.9,.583,.309,.268,3.7,20.8,12.5,33.5,1.2,1.4,11.6,33.3,3.2,2.4,5.6,.138,5.5,0.6,6.1,4.0,.549,114,113,PF,38,0.5,12.8,0.062,0.08,0.267,Los Angeles Lakers,16.0,W,P,43.0,39.0,0.524,0.57,115.31,114.76,0.55,0.43,115.07,114.67,0.4,44474988,2003,1,1,82,55
23,LeBron James,Los Angeles Lakers,St. Vincent St. Mary High School (Ohio),United States,81.0,250.0,20.0,2023,Ankle/Calf,4.0,2188840.0,22.9,.613,.307,.309,2.8,19.6,11.5,36.0,1.9,1.6,14.2,29.5,2.1,1.8,3.9,.144,5.2,1.4,6.6,2.8,.584,116,113,PF,39,0.524,12.2,0.07,0.092,0.368,Los Angeles Lakers,19.0,W,P,21.0,21.0,0.5,-1.0,113.66,114.82,-1.16,-0.45,114.38,114.99,-0.61,47607350,2003,1,1,42,38
2,Lonzo Ball,Chicago Bulls,UCLA,United States,78.0,190.0,6.0,2020,Thumb/Toe/Hip/Knee,17.0,2411776.0,15.2,.551,.650,.091,2.1,14.3,8.2,25.4,2.3,1.7,14.5,20.5,1.5,1.7,3.2,.089,1.4,0.3,1.7,1.6,.537,110,113,PG,23,0.414,19.4,0.011,0.2,0.396,New Orleans Pelicans,18.0,W,SW,31.0,41.0,0.431,-0.29,114.47,114.78,-0.32,-0.2,114.52,114.73,-0.21,11003782,2017,1,2,72,55
2,Lonzo Ball,Chicago Bulls,UCLA,United States,78.0,190.0,6.0,2021,Knee,42.0,9088455.0,14.5,.575,.679,.073,3.3,14.3,8.8,20.0,2.6,2.2,17.2,17.4,0.8,1.4,2.2,.088,0.9,1.6,2.5,1.4,.567,110,111,PG,24,0.423,19.9,0.018,0.235,0.475,Chicago Bulls,20.0,E,C,46.0,36.0,0.561,-0.39,114.07,114.55,-0.48,-0.37,114.13,114.58,-0.45,18604651,2017,1,2,82,40
5,Luguentz Dort,Oklahoma City Thunder,Arizona State,Canada,76.0,220.0,4.0,2020,"Knee/Hip/Shoulder/Concussion/Toe, Rest",20.0,343101.0,10.1,.513,.515,.257,2.5,10.3,6.4,8.8,1.4,1.1,10.0,21.7,-0.6,1.0,0.3,.011,-2.6,-0.9,-3.5,-0.6,.475,100,116,SG,21,0.387,15.4,0.011,0.134,0.432,Oklahoma City Thunder,30.0,W,NW,22.0,50.0,0.306,-10.64,104.32,114.8,-10.48,-10.13,104.36,114.32,-9.96,1517981,2019,0,0,72,52
5,Luguentz Dort,Oklahoma City Thunder,Arizona State,Canada,76.0,220.0,4.0,2021,Shoulder/Face/Knee/Ankle,31.0,696660.0,12.3,.541,.539,.263,2.3,10.9,6.5,8.6,1.3,1.0,9.8,23.3,0.2,1.1,1.4,.040,-1.5,-0.7,-2.3,-0.1,.493,104,115,SG,22,0.404,16.4,0.037,0.143,0.429,Oklahoma City Thunder,28.0,W,NW,24.0,58.0,0.293,-8.1,105.25,113.42,-8.18,-7.9,105.18,113.16,-7.98,1782621,2019,0,0,82,51
5,Luguentz Dort,Oklahoma City Thunder,Arizona State,Canada,76.0,220.0,4.0,2022,"Hamstring/Knee, Rest",8.0,1580454.0,11.3,.513,.468,.297,5.9,10.4,8.1,9.2,1.6,0.9,8.5,19.8,0.9,2.1,2.9,.062,-2.0,-1.0,-3.0,-0.6,.466,109,116,SF,23,0.388,14.2,0.04,0.232,0.411,Oklahoma City Thunder,15.0,W,NW,40.0,42.0,0.488,1.09,115.92,114.9,1.03,0.96,115.8,114.91,0.89,15277778,2019,0,0,82,74
5,Luguentz Dort,Oklahoma City Thunder,Arizona State,Canada,76.0,220.0,4.0,2023,Ankle/Knee,2.0,439015.0,12.3,.620,.561,.266,5.2,9.8,7.7,5.9,1.4,2.6,9.2,15.2,1.5,1.2,2.7,.114,-0.6,-0.2,-0.8,0.3,.583,122,115,SF,24,0.464,16.1,0.05,0.341,0.41,Oklahoma City Thunder,2.0,W,NW,28.0,13.0,0.683,8.15,122.34,114.21,8.12,8.29,122.59,114.32,8.27,15277778,2019,0,0,41,39
10,Luke Kennard,Memphis Grizzlies,Duke,United States,77.0,206.0,6.0,2020,"Knee, Rest",2.0,144488.0,12.7,.608,.541,.075,1.4,13.0,7.3,11.9,0.9,0.7,10.1,17.1,1.6,1.1,2.7,.105,0.3,-0.5,-0.2,0.6,.597,117,114,SG,24,0.476,18.9,0,0.295,0.47,Los Angeles Clippers,2.0,W,P,47.0,25.0,0.653,6.18,118.39,112.13,6.26,6.02,118.34,112.23,6.11,5273826,2017,1,12,72,70
10,Luke Kennard,Memphis Grizzlies,Duke,United States,77.0,206.0,6.0,2021,Hamstring/Ankle/Hip,3.0,585160.0,13.3,.619,.662,.121,1.1,11.2,6.3,11.2,1.1,0.3,8.2,16.8,2.8,1.7,4.5,.113,0.8,-0.3,0.5,1.2,.598,119,113,SG,25,0.449,20.8,0,0.142,0.467,Los Angeles Clippers,18.0,W,P,42.0,40.0,0.512,0.02,110.86,110.92,-0.06,0.09,110.85,110.85,0.0,13347727,2017,1,12,82,79
10,Luke Kennard,Memphis Grizzlies,Duke,United States,77.0,206.0,6.0,2022,Ankle/Illness/Calf/Injury Management/Chest,23.0,3475868.0,13.0,.684,.704,.102,1.2,11.8,6.6,9.4,1.2,0.3,10.3,14.5,2.2,1.2,3.4,.124,0.6,-0.1,0.5,0.8,.666,128,116,SG,26,0.492,20.9,0,0.201,0.481,Los Angeles Clippers,18.0,W,P,44.0,38.0,0.537,0.5,115.91,115.4,0.51,0.31,115.67,115.37,0.31,13745455,2017,1,12,82,59
10,Luke Kennard,Memphis Grizzlies,Duke,United States,77.0,206.0,6.0,2022,Ankle/Illness/Calf/Injury Management/Chest,23.0,3475868.0,13.0,.684,.704,.102,1.2,11.8,6.6,9.4,1.2,0.3,10.3,14.5,2.2,1.2,3.4,.124,0.6,-0.1,0.5,0.8,.666,128,116,SG,26,0.492,20.9,0,0.201,0.481,Memphis Grizzlies,4.0,W,SW,51.0,31.0,0.622,3.94,116.01,112.07,3.93,3.6,115.68,112.09,3.59,13745455,2017,1,12,82,59
10,Luke Kennard,Memphis Grizzlies,Duke,United States,77.0,206.0,6.0,2023,Knee/Concussion,23.0,4072704.0,13.4,.619,.767,.128,2.0,13.1,7.4,16.5,1.0,0.2,7.3,15.3,0.7,0.4,1.1,.126,0.7,0.2,0.9,0.3,.590,127,117,SG,27,0.429,21.7,0,0.127,0.308,Memphis Grizzlies,25.0,W,SW,15.0,26.0,0.366,-5.22,109.04,114.29,-5.25,-4.56,109.1,113.68,-4.57,14763636,2017,1,12,41,18
40,Luke Kornet,Boston Celtics,Vanderbilt,United States,85.0,250.0,6.0,2020,Personal,5.0,246576.0,13.3,.511,.584,.059,4.4,17.0,10.7,9.5,0.6,8.5,6.3,13.7,0.2,0.5,0.7,.095,-0.8,1.6,0.8,0.3,.510,112,110,C,25,0.436,16.4,0.129,0.186,0.273,Chicago Bulls,20.0,E,C,31.0,41.0,0.431,-0.89,111.9,112.81,-0.91,-0.94,111.9,112.87,-0.97,2250000,2017,0,0,72,67
40,Luke Kornet,Boston Celtics,Vanderbilt,United States,85.0,250.0,6.0,2020,Personal,5.0,246576.0,13.3,.511,.584,.059,4.4,17.0,10.7,9.5,0.6,8.5,6.3,13.7,0.2,0.5,0.7,.095,-0.8,1.6,0.8,0.3,.510,112,110,C,25,0.436,16.4,0.129,0.186,0.273,Boston Celtics,13.0,E,A,36.0,36.0,0.5,1.46,114.66,113.29,1.37,1.32,114.69,113.47,1.22,2250000,2017,0,0,72,67
40,Luke Kornet,Boston Celtics,Vanderbilt,United States,85.0,250.0,6.0,2022,"Ankle, Personal",2.0,49040.0,16.7,.697,.076,.229,11.9,14.8,13.4,9.1,0.7,4.9,11.8,11.5,2.1,1.2,3.3,.198,-0.4,1.3,1.0,0.6,.674,143,111,C,27,0.665,4.6,0.371,0.538,0.286,Boston Celtics,1.0,E,A,57.0,25.0,0.695,6.52,118.98,112.28,6.7,6.38,119.04,112.48,6.56,2133278,2017,0,0,82,80
40,Luke Kornet,Boston Celtics,Vanderbilt,United States,85.0,250.0,6.0,2023,Adductor,6.0,513190.0,18.6,.717,.000,.282,13.5,12.8,13.2,8.1,1.4,6.1,11.2,11.2,1.2,0.7,2.0,.228,1.1,2.5,3.6,0.6,.682,149,109,C,28,0.682,2.1,0.329,0,0,Boston Celtics,1.0,E,A,32.0,9.0,0.78,10.0,122.38,112.22,10.16,10.4,122.6,112.03,10.57,2413304,2017,0,0,41,35
11,Malcolm Brogdon,Portland Trail Blazers,Virginia,United States,76.0,229.0,7.0,2020,Hamstring/Hip/Back/Knee,16.0,3828087.0,17.9,.561,.382,.181,3.3,13.2,8.3,25.7,1.2,0.6,9.8,25.9,2.9,1.3,4.2,.105,3.0,-0.9,2.1,2.0,.527,113,115,PG,28,0.453,14.3,0.009,0.107,0.475,Indiana Pacers,17.0,E,C,34.0,38.0,0.472,-0.04,112.98,112.96,0.02,-0.12,112.99,113.07,-0.08,20700000,2016,2,6,72,56
11,Malcolm Brogdon,Portland Trail Blazers,Virginia,United States,76.0,229.0,7.0,2021,"Back/Concussion/Achilles/Illness/Hamstring, Rest",35.0,9353475.0,18.0,.557,.343,.308,3.0,14.3,8.6,26.9,1.2,1.0,11.1,24.6,2.2,0.4,2.7,.106,2.8,-0.5,2.3,1.3,.501,116,118,PG,29,0.448,13.2,0.009,0.167,0.323,Indiana Pacers,23.0,E,C,25.0,57.0,0.305,-3.48,113.6,117.11,-3.51,-3.26,113.74,117.03,-3.28,21700000,2016,2,6,82,47
11,Malcolm Brogdon,Portland Trail Blazers,Virginia,United States,76.0,229.0,7.0,2022,"Back/Achilles/Ankle/Illness/Hamstring, Personal",15.0,3377010.0,18.2,.615,.406,.251,2.7,14.7,8.8,21.5,1.3,0.9,10.8,22.8,3.6,2.2,5.8,.161,2.3,0.6,2.8,2.1,.574,122,113,PG,30,0.484,14.4,0.007,0.155,0.435,Boston Celtics,1.0,E,A,57.0,25.0,0.695,6.52,118.98,112.28,6.7,6.38,119.04,112.48,6.56,22600000,2016,2,6,82,67
11,Malcolm Brogdon,Portland Trail Blazers,Virginia,United States,76.0,229.0,7.0,2023,"Knee/Hamstring/Adductor, Rest",9.0,2456890.0,16.9,.553,.426,.217,2.4,12.5,7.1,31.4,1.3,0.4,9.0,23.1,1.4,0.5,1.8,.106,2.6,-0.6,2.0,0.8,.521,119,120,PG,31,0.434,15.9,0.003,0.13,0.429,Portland Trail Blazers,27.0,W,NW,11.0,29.0,0.275,-9.5,108.94,118.52,-9.57,-9.43,108.46,117.99,-9.52,22500000,2016,2,6,40,31
5,Malik Beasley,Milwaukee Bucks,Florida State,United States,76.0,187.0,7.0,2020,Hamstring,23.0,4016012.0,14.6,.570,.535,.133,2.4,12.4,7.2,11.6,1.2,0.5,8.6,24.0,0.9,0.4,1.3,.053,1.6,-1.8,-0.2,0.6,.547,109,118,SG,24,0.44,16.4,0.027,0.268,0.453,Minnesota Timberwolves,26.0,W,NW,23.0,49.0,0.319,-5.56,110.18,115.55,-5.36,-5.25,110.26,115.31,-5.05,13425895,2016,1,19,72,49
5,Malik Beasley,Milwaukee Bucks,Florida State,United States,76.0,187.0,7.0,2021,Ankle/Illness,3.0,661696.0,11.9,.544,.749,.071,1.4,11.2,6.2,8.5,1.0,0.6,4.7,19.4,1.7,1.2,2.9,.069,0.7,-1.5,-0.7,0.7,.532,111,116,SG,25,0.391,20.8,0.02,0.319,0.404,Minnesota Timberwolves,11.0,W,NW,46.0,36.0,0.561,2.63,115.15,112.6,2.54,2.53,115.23,112.79,2.44,14491964,2016,1,19,82,79
5,Malik Beasley,Milwaukee Bucks,Florida State,United States,76.0,187.0,7.0,2023,Illness,2.0,46722.0,12.1,.665,.722,.048,2.6,12.3,7.6,5.9,1.2,0.4,6.8,13.6,1.8,0.7,2.4,.103,0.6,-0.8,-0.2,0.5,.661,128,120,SG,27,0.49,20.4,0.009,0.38,0.554,Milwaukee Bucks,10.0,E,C,28.0,13.0,0.683,3.93,121.93,118.08,3.85,3.11,121.31,118.27,3.04,2709849,2016,1,19,41,39
0,Malik Monk,Sacramento Kings,Kentucky,United States,75.0,200.0,6.0,2020,Ankle/Foot,17.0,1208262.0,13.6,.569,.531,.180,1.7,10.9,6.2,15.7,1.1,0.5,11.3,23.8,0.5,0.5,1.0,.054,0.2,-2.0,-1.8,0.0,.540,108,116,SG,22,0.434,16.8,0.023,0.156,0.576,Charlotte Hornets,23.0,E,SE,33.0,39.0,0.458,-1.93,111.62,113.69,-2.07,-1.94,111.66,113.75,-2.08,5345687,2017,1,11,72,55
0,Malik Monk,Sacramento Kings,Kentucky,United States,75.0,200.0,6.0,2021,Groin,1.0,20566.0,14.4,.597,.535,.142,1.9,11.0,6.4,15.2,1.4,1.2,12.2,20.1,2.3,1.4,3.6,.081,0.5,-1.0,-0.5,0.8,.578,112,115,SG,23,0.473,16.3,0.069,0.172,0.395,Los Angeles Lakers,22.0,W,P,33.0,49.0,0.402,-3.05,111.15,114.17,-3.02,-3.08,111.22,114.3,-3.07,1789256,2017,1,11,82,81
0,Malik Monk,Sacramento Kings,Kentucky,United States,75.0,200.0,6.0,2022,Leg/Ankle,4.0,489942.0,16.6,.587,.500,.260,2.1,11.3,6.7,25.0,1.4,1.0,14.1,25.8,2.1,1.2,3.2,.091,1.6,-1.4,0.3,1.0,.538,114,118,SG,24,0.448,15.7,0.049,0.168,0.433,Sacramento Kings,8.0,W,P,48.0,34.0,0.585,2.65,119.97,117.48,2.49,2.3,119.86,117.72,2.14,9472219,2017,1,11,82,78
0,Malik Monk,Sacramento Kings,Kentucky,United States,75.0,200.0,6.0,2023,Foot,1.0,171480.0,16.2,.578,.550,.239,1.6,10.1,5.7,29.9,1.2,2.4,13.8,24.7,1.3,0.8,2.1,.097,2.5,-0.8,1.7,0.9,.541,115,118,SG,25,0.433,17,0.04,0.123,0.531,Sacramento Kings,15.0,W,P,23.0,18.0,0.561,0.27,117.83,117.81,0.02,0.5,117.81,117.54,0.27,9945830,2017,1,11,41,40
36,Marcus Smart,Memphis Grizzlies,Oklahoma State,United States,75.0,220.0,9.0,2020,Calf/Illness/Thumb,23.0,4167678.0,13.8,.539,.553,.318,2.5,9.3,5.9,23.6,2.2,1.4,14.2,18.4,1.8,1.5,3.3,.100,-0.4,0.2,-0.3,0.7,.489,114,113,PG,26,0.398,17.9,0.006,0.131,0.486,Boston Celtics,13.0,E,A,36.0,36.0,0.5,1.46,114.66,113.29,1.37,1.32,114.69,113.47,1.22,12946428,2014,1,6,72,49
36,Marcus Smart,Memphis Grizzlies,Oklahoma State,United States,75.0,220.0,9.0,2021,Ankle/Illness/Thigh/Hand,6.0,1431648.0,13.6,.540,.501,.249,2.0,10.5,6.4,25.6,2.6,0.7,16.6,18.3,1.9,3.7,5.6,.116,-1.2,1.7,0.5,1.5,.501,110,107,PG,27,0.418,16.1,0.013,0.233,0.345,Boston Celtics,1.0,E,A,51.0,31.0,0.622,7.28,115.37,107.71,7.66,7.02,115.05,107.65,7.39,13839285,2014,1,6,82,76
36,Marcus Smart,Memphis Grizzlies,Oklahoma State,United States,75.0,220.0,9.0,2022,Neck/Hip/Ankle/Knee/Illness,21.0,4008606.0,12.1,.538,.568,.196,2.6,8.0,5.3,26.4,2.3,1.0,17.9,17.8,1.0,2.7,3.7,.092,-1.8,0.8,-1.0,0.5,.511,111,112,PG,28,0.415,17,0.008,0.193,0.333,Boston Celtics,1.0,E,A,57.0,25.0,0.695,6.52,118.98,112.28,6.7,6.38,119.04,112.48,6.56,17207142,2014,1,6,82,61
36,Marcus Smart,Memphis Grizzlies,Oklahoma State,United States,75.0,220.0,9.0,2023,Finger/Ankle,21.0,4912938.0,11.8,.552,.565,.236,1.1,8.8,4.8,22.2,3.3,0.8,19.2,22.8,-0.6,0.9,0.3,.024,-3.4,1.0,-2.4,0.0,.519,99,112,PG,29,0.43,18.1,0,0.209,0.357,Memphis Grizzlies,25.0,W,SW,15.0,26.0,0.366,-5.22,109.04,114.29,-5.25,-4.56,109.1,113.68,-4.57,18583713,2014,1,6,41,20
20,Markelle Fultz,Orlando Magic,Washington,United States,76.0,209.0,6.0,2020,Knee ACL,64.0,10857801.0,12.0,.458,.154,.183,2.3,10.0,6.0,33.1,1.8,0.8,13.8,26.2,-0.3,0.1,-0.1,-0.024,-3.6,-0.9,-4.4,-0.1,.413,96,116,PG,22,0.394,11.4,0.029,0.125,0,Orlando Magic,29.0,E,SE,21.0,51.0,0.292,-9.31,105.74,115.22,-9.48,-9.02,105.83,115.03,-9.2,12288697,2017,1,1,72,8
20,Markelle Fultz,Orlando Magic,Washington,United States,76.0,209.0,6.0,2021,Knee/Injury Management,63.0,12801780.0,17.7,.517,.097,.177,1.2,13.2,7.2,48.9,2.7,1.3,17.5,27.5,0.0,0.4,0.4,.053,-0.1,0.4,0.2,0.2,.486,102,111,PG,23,0.474,11.1,0.011,0.118,0.5,Orlando Magic,27.0,E,SE,22.0,60.0,0.268,-8.0,105.25,113.25,-8.0,-7.67,105.16,112.82,-7.66,16500000,2017,1,1,82,19
20,Markelle Fultz,Orlando Magic,Washington,United States,76.0,209.0,6.0,2022,Knee/Toe,22.0,4077604.0,16.6,.564,.128,.211,4.4,10.5,7.4,29.8,2.4,1.4,15.8,21.3,1.7,2.0,3.7,.100,-0.1,0.7,0.5,1.2,.534,113,114,PG,24,0.514,9.8,0.054,0.368,0.375,Orlando Magic,24.0,E,SE,34.0,48.0,0.415,-2.56,112.42,114.99,-2.57,-2.39,112.49,114.88,-2.39,16500000,2017,1,1,82,60
20,Markelle Fultz,Orlando Magic,Washington,United States,76.0,209.0,6.0,2023,Knee,31.0,6448266.0,11.4,.458,.036,.120,6.0,10.0,8.0,22.4,2.4,1.1,12.9,17.8,-0.1,0.4,0.2,.048,-3.1,1.9,-1.2,0.1,.458,102,112,PG,25,0.458,6.8,0.072,1,0,Orlando Magic,12.0,E,SE,22.0,19.0,0.537,0.88,113.04,112.19,0.85,1.24,112.65,111.44,1.21,17000000,2017,1,1,41,10
88,Markieff Morris,Dallas Mavericks,Kansas,United States,81.0,245.0,12.0,2020,Ankle,2.0,63880.0,9.3,.509,.553,.132,4.5,20.3,12.5,8.6,0.9,1.4,11.9,16.4,-0.2,1.8,1.6,.062,-2.9,0.3,-2.6,-0.2,.491,101,108,PF,31,0.405,17.6,0.016,0.33,0.333,Los Angeles Lakers,8.0,W,P,42.0,30.0,0.583,2.79,110.52,107.84,2.68,2.76,110.28,107.6,2.67,2331593,2011,1,13,72,70
88,Markieff Morris,Dallas Mavericks,Kansas,United States,81.0,245.0,12.0,2021,Neck,39.0,1184196.0,10.9,.547,.342,.079,6.6,10.5,8.6,12.1,1.0,0.4,14.5,20.6,0.0,0.3,0.3,.054,-1.5,-0.4,-1.9,0.0,.531,104,112,PF,32,0.474,14.8,0.044,0.487,0.368,Miami Heat,6.0,E,SE,53.0,29.0,0.646,4.45,114.83,110.21,4.62,4.23,114.61,110.21,4.4,2641691,2011,1,13,82,43
88,Markieff Morris,Dallas Mavericks,Kansas,United States,81.0,245.0,12.0,2022,Personal,3.0,83500.0,10.4,.553,.617,.087,4.2,18.2,11.3,12.2,1.2,1.2,13.1,17.2,0.1,0.4,0.4,.059,-2.3,-0.4,-2.7,-0.1,.530,108,115,PF,33,0.409,19.7,0.009,0.31,0.409,Brooklyn Nets,14.0,E,A,45.0,37.0,0.549,0.85,116.07,115.07,1.0,1.03,116.19,115.01,1.18,2905851,2011,1,13,82,79
88,Markieff Morris,Dallas Mavericks,Kansas,United States,81.0,245.0,12.0,2022,Personal,3.0,83500.0,10.4,.553,.617,.087,4.2,18.2,11.3,12.2,1.2,1.2,13.1,17.2,0.1,0.4,0.4,.059,-2.3,-0.4,-2.7,-0.1,.530,108,115,PF,33,0.409,19.7,0.009,0.31,0.409,Dallas Mavericks,19.0,W,SW,38.0,44.0,0.463,0.07,117.63,117.56,0.06,-0.14,117.54,117.7,-0.16,2905851,2011,1,13,82,79
88,Markieff Morris,Dallas Mavericks,Kansas,United States,81.0,245.0,12.0,2023,Illness,2.0,312290.0,5.4,.431,.596,.085,2.8,17.7,10.1,9.3,1.6,0.6,15.6,16.3,-0.3,0.1,-0.1,-0.038,-4.9,-1.4,-6.3,-0.2,.415,87,116,PF,34,0.319,19.7,0,0.286,0.5,Dallas Mavericks,14.0,W,SW,24.0,18.0,0.571,1.1,118.76,117.91,0.85,0.7,119.65,119.19,0.46,3196448,2011,1,13,42,40
44,Mason Plumlee,Los Angeles Clippers,Duke,United States,82.0,254.0,10.0,2020,"Concussion/Elbow, Rest",15.0,986310.0,18.7,.638,.018,.444,10.6,28.1,19.3,21.0,1.4,2.9,18.7,16.3,3.0,2.1,5.1,.164,0.2,2.0,2.2,1.6,.614,122,109,C,30,0.614,4.6,0.281,0.571,0,Detroit Pistons,25.0,E,C,20.0,52.0,0.278,-4.47,108.9,113.53,-4.63,-4.38,108.93,113.48,-4.55,8000000,2013,1,22,72,57
44,Mason Plumlee,Los Angeles Clippers,Duke,United States,82.0,254.0,10.0,2021,Calf,4.0,420903.0,14.7,.603,.006,.534,10.2,23.3,16.7,16.4,1.6,2.7,20.2,11.7,2.7,2.0,4.7,.127,-1.5,1.5,0.0,0.9,.641,122,111,C,31,0.641,3.1,0.375,0,0,Charlotte Hornets,16.0,E,SE,43.0,39.0,0.524,0.44,114.94,114.44,0.5,0.53,115.02,114.42,0.6,9248333,2013,1,22,82,78
44,Mason Plumlee,Los Angeles Clippers,Duke,United States,82.0,254.0,10.0,2023,Knee,25.0,1580480.0,18.0,.704,.000,.903,8.2,23.8,16.2,9.3,1.6,2.3,10.3,13.3,0.4,0.2,0.6,.191,1.0,1.5,2.6,0.2,.742,139,112,C,33,0.742,3.1,0.323,0,0,Los Angeles Clippers,5.0,W,P,26.0,14.0,0.65,5.63,121.37,115.67,5.7,5.51,121.46,115.87,5.59,5000000,2013,1,22,40,15
4,Matisse Thybulle,Portland Trail Blazers,Washington,United States Australia,77.0,201.0,4.0,2020,Hand,4.0,111420.0,10.1,.508,.588,.074,2.6,7.8,5.3,6.3,3.9,4.9,11.3,9.4,0.1,2.7,2.8,.102,-2.6,4.5,1.9,1.3,.508,104,103,SG,23,0.42,16.1,0.128,0.434,0.242,Philadelphia 76ers,5.0,E,A,49.0,23.0,0.681,5.58,114.13,108.51,5.62,5.28,113.96,108.66,5.3,2711280,2019,1,20,72,68
4,Matisse Thybulle,Portland Trail Blazers,Washington,United States Australia,77.0,201.0,4.0,2021,"Shoulder, Personal",7.0,212199.0,11.2,.594,.480,.143,2.8,7.1,5.0,6.1,3.4,3.8,10.9,9.5,1.2,2.5,3.7,.107,-2.2,3.3,1.1,1.3,.575,116,108,SG,24,0.5,13.1,0.203,0.486,0.371,Philadelphia 76ers,9.0,E,A,51.0,31.0,0.622,2.61,114.39,111.8,2.59,2.57,114.42,111.86,2.56,2840160,2019,1,20,82,75
4,Matisse Thybulle,Portland Trail Blazers,Washington,United States Australia,77.0,201.0,4.0,2022,Knee/Ankle,6.0,226530.0,10.5,.552,.585,.111,3.9,9.7,6.8,5.9,3.4,2.4,8.3,10.6,0.6,1.5,2.1,.086,-2.7,2.2,-0.5,0.4,.542,114,113,SF-SG,25,0.435,15.5,0.091,0.486,0.375,Philadelphia 76ers,3.0,E,A,54.0,28.0,0.659,4.32,118.87,114.51,4.35,4.37,118.98,114.56,4.42,4379526,2019,1,20,82,76
4,Matisse Thybulle,Portland Trail Blazers,Washington,United States Australia,77.0,201.0,4.0,2022,Knee/Ankle,6.0,226530.0,10.5,.552,.585,.111,3.9,9.7,6.8,5.9,3.4,2.4,8.3,10.6,0.6,1.5,2.1,.086,-2.7,2.2,-0.5,0.4,.542,114,113,SF-SG,25,0.435,15.5,0.091,0.486,0.375,Portland Trail Blazers,26.0,W,NW,33.0,49.0,0.402,-4.01,115.72,119.83,-4.11,-3.96,115.72,119.79,-4.07,4379526,2019,1,20,82,76
4,Matisse Thybulle,Portland Trail Blazers,Washington,United States Australia,77.0,201.0,4.0,2023,Illness/Foot,2.0,663795.0,10.6,.572,.799,.078,1.9,8.4,4.9,6.6,3.4,3.4,9.7,10.0,0.4,1.0,1.4,.079,-2.4,3.1,0.7,0.6,.561,115,114,SF,26,0.413,20.7,0.039,0.413,0.458,Portland Trail Blazers,27.0,W,NW,11.0,29.0,0.275,-9.5,108.94,118.52,-9.57,-9.43,108.46,117.99,-9.52,10500000,2019,1,20,40,38
1,Max Strus,Cleveland Cavaliers,DePaul,United States,77.0,215.0,4.0,2021,Quad/Knee,6.0,105523.0,12.7,.614,.784,.094,1.7,12.5,7.2,8.8,0.9,1.1,8.8,18.1,2.0,1.7,3.6,.110,1.4,-0.4,0.9,1.2,.602,116,112,SF,25,0.441,21.1,0.016,0.258,0.5,Miami Heat,6.0,E,SE,53.0,29.0,0.646,4.45,114.83,110.21,4.62,4.23,114.61,110.21,4.4,1669178,2019,0,0,82,76
1,Max Strus,Cleveland Cavaliers,DePaul,United States,77.0,215.0,4.0,2022,Shoulder,2.0,41740.0,10.8,.557,.713,.113,2.4,11.2,6.7,11.2,0.9,0.5,7.8,17.6,1.5,1.9,3.4,.071,-0.8,-0.9,-1.7,0.2,.535,113,117,SF,26,0.41,19.4,0.025,0.274,0.461,Miami Heat,21.0,E,SE,44.0,38.0,0.537,-0.32,113.99,114.4,-0.41,-0.13,114.1,114.32,-0.22,1815677,2019,0,0,82,80
42,Maxi Kleber,Dallas Mavericks,s.Oliver Baskets (Germany),Germany,82.0,240.0,6.0,2020,Achilles/Back/Leg/Ankle/Covid 19,22.0,2177058.0,10.6,.606,.771,.135,3.9,17.4,10.7,6.6,0.9,2.4,9.3,10.6,1.6,1.3,2.9,.103,-0.5,0.5,0.0,0.7,.580,123,113,PF,29,0.422,20.9,0.044,0.316,0.418,Dallas Mavericks,9.0,W,SW,42.0,30.0,0.583,2.26,116.16,113.79,2.37,2.26,116.18,113.8,2.38,8475000,2014,0,0,72,50
42,Maxi Kleber,Dallas Mavericks,s.Oliver Baskets (Germany),Germany,82.0,240.0,6.0,2021,Ankle/Knee/Back,17.0,1760045.0,11.0,.537,.720,.184,5.4,21.5,13.4,6.5,1.0,3.6,10.9,13.3,0.7,2.3,3.0,.098,-1.6,1.2,-0.4,0.6,.516,109,107,PF,30,0.398,19.9,0.056,0.231,0.322,Dallas Mavericks,7.0,W,SW,52.0,30.0,0.634,3.3,113.82,110.27,3.55,3.12,113.76,110.41,3.35,8750000,2014,0,0,82,65
42,Maxi Kleber,Dallas Mavericks,s.Oliver Baskets (Germany),Germany,82.0,240.0,6.0,2022,Injury Management/Hamstring/Foot/Back,43.0,4758608.0,8.7,.592,.663,.225,3.7,13.3,8.4,7.5,0.6,2.9,12.7,10.3,0.7,0.6,1.3,.067,-2.2,0.0,-2.2,0.0,.571,117,118,PF,31,0.456,18.1,0.077,0.277,0.29,Dallas Mavericks,19.0,W,SW,38.0,44.0,0.463,0.07,117.63,117.56,0.06,-0.14,117.54,117.7,-0.16,9000000,2014,0,0,82,39
42,Maxi Kleber,Dallas Mavericks,s.Oliver Baskets (Germany),Germany,82.0,240.0,6.0,2023,Toe,34.0,4362042.0,7.1,.479,.640,.480,4.5,17.9,11.1,12.7,0.7,3.1,18.8,11.1,0.0,0.1,0.1,.039,-4.0,0.7,-3.3,0.0,.420,105,117,C,32,0.32,18.1,0.04,0.125,0.5,Dallas Mavericks,14.0,W,SW,24.0,18.0,0.571,1.1,118.76,117.91,0.85,0.7,119.65,119.19,0.46,11000000,2014,0,0,42,8
10,Mike Conley,Minnesota Timberwolves,Ohio State,United States,72.0,175.0,16.0,2020,"Hamstring, Rest",21.0,8034744.0,19.2,.589,.523,.222,2.7,9.6,6.3,30.6,2.3,0.5,12.4,23.1,4.0,2.1,6.1,.197,3.6,1.3,4.9,2.6,.552,123,109,PG,33,0.444,17.2,0,0.179,0.433,Utah Jazz,1.0,W,NW,52.0,20.0,0.722,9.25,118.42,108.94,9.48,8.96,118.23,109.04,9.2,34502132,2007,1,4,72,51
10,Mike Conley,Minnesota Timberwolves,Ohio State,United States,72.0,175.0,16.0,2021,"Injury Management/Knee, Rest",10.0,1206900.0,17.2,.572,.523,.205,2.6,8.8,5.8,27.7,2.3,0.9,12.5,20.9,4.4,2.3,6.7,.157,2.4,0.7,3.1,2.7,.542,120,111,PG,34,0.435,17.1,0.001,0.167,0.391,Utah Jazz,3.0,W,NW,49.0,33.0,0.598,6.04,117.68,111.52,6.16,5.67,117.63,111.84,5.79,21000000,2007,1,4,82,72
10,Mike Conley,Minnesota Timberwolves,Ohio State,United States,72.0,175.0,16.0,2022,"Leg, Rest",12.0,2737245.0,14.7,.583,.575,.277,1.8,7.9,4.9,29.4,1.7,0.6,13.1,16.3,4.1,1.4,5.5,.130,1.0,-0.1,0.9,1.5,.539,125,118,PG,35,0.428,18.3,0,0.157,0.545,Utah Jazz,22.0,W,NW,37.0,45.0,0.451,-0.94,116.41,117.44,-1.02,-1.03,116.32,117.43,-1.11,22680000,2007,1,4,82,70
10,Mike Conley,Minnesota Timberwolves,Ohio State,United States,72.0,175.0,16.0,2022,"Leg, Rest",12.0,2737245.0,14.7,.583,.575,.277,1.8,7.9,4.9,29.4,1.7,0.6,13.1,16.3,4.1,1.4,5.5,.130,1.0,-0.1,0.9,1.5,.539,125,118,PG,35,0.428,18.3,0,0.157,0.545,Minnesota Timberwolves,20.0,W,NW,42.0,40.0,0.512,-0.04,114.52,114.5,0.02,-0.22,114.26,114.43,-0.18,22680000,2007,1,4,82,70
10,Mike Conley,Minnesota Timberwolves,Ohio State,United States,72.0,175.0,16.0,2023,Rest,1.0,140000.0,15.9,.631,.640,.159,1.6,8.7,5.4,30.7,1.6,0.4,10.5,14.7,3.1,1.7,4.8,.197,2.3,1.2,3.5,1.6,.602,136,112,PG,36,0.457,19,0,0.257,0.574,Minnesota Timberwolves,4.0,W,NW,30.0,11.0,0.732,6.05,116.13,109.98,6.16,6.7,116.41,109.6,6.81,24360000,2007,1,4,41,40
41,Mike Muscala,Detroit Pistons,Bucknell,United States,82.0,240.0,10.0,2020,Ankle/Concussion,29.0,828761.0,14.7,.599,.689,.135,3.0,18.4,10.6,7.0,0.6,1.5,6.9,20.0,0.9,0.4,1.3,.096,0.9,-1.0,-0.1,0.3,.573,116,115,C,29,0.446,19.9,0.015,0.255,0.426,Oklahoma City Thunder,30.0,W,NW,22.0,50.0,0.306,-10.64,104.32,114.8,-10.48,-10.13,104.36,114.32,-9.96,2283034,2013,2,14,72,43
41,Mike Muscala,Detroit Pistons,Bucknell,United States,82.0,240.0,10.0,2021,"Ankle, Rest",35.0,1347705.0,19.7,.630,.657,.230,3.6,19.1,11.2,6.2,1.5,4.1,4.9,20.9,1.4,0.7,2.1,.170,3.8,1.2,5.0,1.1,.597,124,110,C,30,0.456,19.6,0.036,0.178,0.345,Oklahoma City Thunder,28.0,W,NW,24.0,58.0,0.293,-8.1,105.25,113.42,-8.18,-7.9,105.18,113.16,-7.98,3500000,2013,2,14,82,47
41,Mike Muscala,Detroit Pistons,Bucknell,United States,82.0,240.0,10.0,2022,Injury Management/Finger,6.0,241380.0,13.0,.608,.709,.178,4.2,19.1,11.6,7.1,0.8,2.3,6.8,15.1,1.4,1.1,2.5,.128,-0.3,-0.1,-0.4,0.4,.587,124,113,C,31,0.449,20.2,0.021,0.232,0.417,Oklahoma City Thunder,15.0,W,NW,40.0,42.0,0.488,1.09,115.92,114.9,1.03,0.96,115.8,114.91,0.89,3500000,2013,2,14,82,76
41,Mike Muscala,Detroit Pistons,Bucknell,United States,82.0,240.0,10.0,2022,Injury Management/Finger,6.0,241380.0,13.0,.608,.709,.178,4.2,19.1,11.6,7.1,0.8,2.3,6.8,15.1,1.4,1.1,2.5,.128,-0.3,-0.1,-0.4,0.4,.587,124,113,C,31,0.449,20.2,0.021,0.232,0.417,Boston Celtics,1.0,E,A,57.0,25.0,0.695,6.52,118.98,112.28,6.7,6.38,119.04,112.48,6.56,3500000,2013,2,14,82,76
5,Monte Morris,Detroit Pistons,Iowa State,United States Nigeria,74.0,183.0,6.0,2020,Hamstring/Quad/Shoulder,25.0,531270.0,14.0,.574,.346,.189,1.0,8.0,4.6,17.1,1.4,1.1,7.5,16.5,2.0,0.8,2.9,.115,0.1,-0.5,-0.3,0.5,.547,121,115,PG,25,0.481,14,0.003,0.276,0.27,Denver Nuggets,6.0,W,NW,47.0,25.0,0.653,4.93,118.04,113.01,5.03,4.82,118.02,113.1,4.92,1723707,2017,2,21,72,47
5,Monte Morris,Detroit Pistons,Iowa State,United States Nigeria,74.0,183.0,6.0,2021,Elbow/Concussion/Knee,5.0,508570.0,14.7,.583,.406,.109,1.4,9.6,5.6,21.4,1.2,0.6,8.8,17.4,3.9,1.5,5.4,.116,0.8,-0.8,0.0,1.1,.564,120,115,PG,26,0.484,16.1,0,0.328,0.398,Denver Nuggets,12.0,W,NW,48.0,34.0,0.585,2.3,115.21,112.88,2.33,2.16,115.25,113.08,2.17,8449074,2017,2,21,82,77
5,Monte Morris,Detroit Pistons,Iowa State,United States Nigeria,74.0,183.0,6.0,2022,Ankle/Groin/Back/Hamstring,20.0,2097720.0,15.0,.579,.396,.150,1.8,11.6,6.9,26.4,1.2,0.6,9.9,15.6,3.1,1.1,4.2,.120,0.8,-0.4,0.5,1.1,.555,125,118,PG,27,0.48,16.2,0,0.245,0.4,Washington Wizards,23.0,E,SE,35.0,47.0,0.427,-1.21,115.21,116.49,-1.28,-1.06,115.39,116.5,-1.12,9125000,2017,2,21,82,62
10,Moses Brown,Portland Trail Blazers,UCLA,United States,86.0,258.0,4.0,2023,Wrist,8.0,211531.0,12.8,.395,.000,.190,22.9,41.4,31.4,3.5,1.2,3.3,14.9,13.8,0.0,0.1,0.1,.046,-4.9,-2.3,-7.2,-0.1,.429,100,111,C,24,0.429,3,0.333,0,0,Portland Trail Blazers,27.0,W,NW,11.0,29.0,0.275,-9.5,108.94,118.52,-9.57,-9.43,108.46,117.99,-9.52,2165000,2019,0,0,40,32
33,Myles Turner,Indiana Pacers,Texas,United States,83.0,250.0,8.0,2020,Toe/Ankle/Hand,25.0,5513698.0,15.3,.599,.477,.329,4.7,18.0,11.4,4.4,1.3,8.8,11.9,16.4,1.1,2.2,3.3,.110,-1.6,2.0,0.4,0.9,.557,112,108,C,24,0.477,14.3,0.063,0.218,0.311,Indiana Pacers,17.0,E,C,34.0,38.0,0.472,-0.04,112.98,112.96,0.02,-0.12,112.99,113.07,-0.08,18000000,2015,1,11,72,47
33,Myles Turner,Indiana Pacers,Texas,United States,83.0,250.0,8.0,2021,Foot/Illness,40.0,8548875.0,17.4,.615,.466,.267,5.8,21.3,13.4,5.1,1.1,8.3,10.9,17.1,1.7,1.4,3.1,.120,0.1,1.4,1.4,1.1,.587,117,111,C,25,0.509,14.8,0.061,0.186,0.324,Indiana Pacers,23.0,E,C,25.0,57.0,0.305,-3.48,113.6,117.11,-3.51,-3.26,113.74,117.03,-3.28,18000000,2015,1,11,82,42
33,Myles Turner,Indiana Pacers,Texas,United States,83.0,250.0,8.0,2022,Back/Hamstring/Injury Management/Ankle,19.0,5678325.0,20.0,.651,.340,.377,5.4,22.9,14.2,7.5,0.9,6.6,10.8,22.0,3.4,2.0,5.4,.142,1.4,0.7,2.1,1.9,.612,121,114,C,26,0.548,12.2,0.095,0.096,0.458,Indiana Pacers,25.0,E,C,35.0,47.0,0.427,-3.18,115.65,118.81,-3.16,-2.91,115.96,118.83,-2.87,35096500,2015,1,11,82,63
33,Myles Turner,Indiana Pacers,Texas,United States,83.0,250.0,8.0,2023,Hamstring,1.0,241092.0,19.3,.630,.338,.376,7.4,22.4,14.9,6.2,0.9,5.4,9.8,22.8,2.1,0.9,3.0,.131,0.7,-0.5,0.3,0.6,.583,122,117,C,27,0.528,12.6,0.079,0.133,0.286,Indiana Pacers,11.0,E,C,24.0,17.0,0.585,2.22,122.99,120.8,2.19,2.01,122.9,120.91,1.99,20975000,2015,1,11,41,40
25,Nassir Little,Phoenix Suns,North Carolina,United States,78.0,220.0,4.0,2020,Back/Thumb/Illness/Knee/Covid 19,19.0,560217.0,11.6,.589,.479,.269,5.2,16.5,10.7,4.9,0.4,1.8,8.8,13.8,0.9,0.2,1.1,.082,-1.1,-1.6,-2.7,-0.1,.551,121,118,PF,20,0.467,15.6,0.09,0.163,0.385,Portland Trail Blazers,12.0,W,NW,42.0,30.0,0.583,1.79,118.28,116.58,1.7,1.8,118.42,116.68,1.73,2210640,2019,1,25,72,53
25,Nassir Little,Phoenix Suns,North Carolina,United States,78.0,220.0,4.0,2021,Shoulder/Illness/Ankle,40.0,1171456.0,13.5,.575,.489,.298,5.7,18.7,11.9,7.4,1.1,3.3,10.1,15.8,1.2,0.6,1.7,.076,-0.9,-0.6,-1.4,0.2,.541,115,116,SF,21,0.46,14.9,0.114,0.279,0.372,Portland Trail Blazers,30.0,W,NW,27.0,55.0,0.329,-8.88,108.8,117.93,-9.13,-8.55,109.03,117.84,-8.81,2316240,2019,1,25,82,42
25,Nassir Little,Phoenix Suns,North Carolina,United States,78.0,220.0,4.0,2022,Ankle/Concussion/Illness/Hip,27.0,1318570.0,10.2,.555,.521,.152,3.2,13.5,8.3,7.3,1.0,1.8,10.0,16.0,0.2,0.4,0.7,.032,-1.6,-1.4,-3.0,-0.3,.538,108,120,SF,22,0.442,16.9,0.05,0.139,0.364,Portland Trail Blazers,26.0,W,NW,33.0,49.0,0.402,-4.01,115.72,119.83,-4.11,-3.96,115.72,119.79,-4.07,4171548,2019,1,25,82,55
25,Nassir Little,Phoenix Suns,North Carolina,United States,78.0,220.0,4.0,2023,"Knee/Concussion, Personal",8.0,538800.0,11.2,.610,.543,.217,4.6,14.0,9.5,6.0,1.3,2.0,10.6,13.4,0.4,0.3,0.7,.090,-1.7,-0.6,-2.3,0.0,.576,120,117,SF,23,0.489,15.2,0.12,0.36,0.278,Phoenix Suns,16.0,W,P,22.0,18.0,0.55,1.5,118.93,117.37,1.56,-0.05,118.9,118.92,-0.01,6250000,2019,1,25,40,32
11,Naz Reid,Minnesota Timberwolves,LSU,United States,81.0,264.0,4.0,2020,Wrist,2.0,31191.0,18.2,.599,.299,.286,6.4,20.0,12.9,8.7,1.2,4.9,9.5,22.5,1.9,1.3,3.2,.113,-0.1,-0.2,-0.2,0.6,.576,115,113,C,21,0.523,10,0.084,0.224,0.333,Minnesota Timberwolves,26.0,W,NW,23.0,49.0,0.319,-5.56,110.18,115.55,-5.36,-5.25,110.26,115.31,-5.05,1517981,2019,0,0,72,70
11,Naz Reid,Minnesota Timberwolves,LSU,United States,81.0,264.0,4.0,2021,Back/Foot,4.0,92205.0,17.2,.588,.349,.313,8.8,18.0,13.3,8.7,1.6,5.6,13.2,21.4,1.5,1.6,3.2,.125,-0.5,0.5,0.0,0.6,.549,113,109,C,22,0.489,10.6,0.099,0.229,0.474,Minnesota Timberwolves,11.0,W,NW,46.0,36.0,0.561,2.63,115.15,112.6,2.54,2.53,115.23,112.79,2.44,1782621,2019,0,0,82,78
11,Naz Reid,Minnesota Timberwolves,LSU,United States,81.0,264.0,4.0,2022,Wrist/Calf/Back/Illness,11.0,255208.0,18.5,.617,.376,.220,6.6,22.8,14.9,9.6,1.6,3.7,12.7,24.8,1.1,1.9,3.0,.114,0.3,0.8,1.0,1.0,.602,112,110,C,23,0.537,11.8,0.066,0.175,0.263,Minnesota Timberwolves,20.0,W,NW,42.0,40.0,0.512,-0.04,114.52,114.5,0.02,-0.22,114.26,114.43,-0.18,1930681,2019,0,0,82,71
9,Nickeil Alexander-Walker,Minnesota Timberwolves,Virginia Tech,Canada,77.0,205.0,4.0,2020,Ankle,18.0,703659.0,12.5,.522,.478,.144,1.4,14.1,7.8,14.7,2.2,2.1,12.4,23.2,-0.3,1.0,0.7,.035,-1.4,0.1,-1.3,0.2,.502,101,112,SG,22,0.419,15.5,0.015,0.283,0.387,New Orleans Pelicans,18.0,W,SW,31.0,41.0,0.431,-0.29,114.47,114.78,-0.32,-0.2,114.52,114.73,-0.21,3113160,2019,1,17,72,54
40,Nicolas Batum,Philadelphia Sixers,Le Mans Sarthe Basket (France),France,80.0,230.0,15.0,2020,"Concussion/Groin, Rest",5.0,140536.0,12.9,.617,.660,.141,3.2,15.9,9.7,10.5,1.9,1.8,10.8,11.8,2.7,2.3,5.0,.132,0.6,1.5,2.1,1.9,.597,124,110,SF,32,0.464,19.1,0.046,0.434,0.432,Los Angeles Clippers,2.0,W,P,47.0,25.0,0.653,6.18,118.39,112.13,6.26,6.02,118.34,112.23,6.11,11608231,2008,1,25,72,67
40,Nicolas Batum,Philadelphia Sixers,Le Mans Sarthe Basket (France),France,80.0,230.0,15.0,2021,"Ankle/Back/Achilles, Personal",13.0,419037.0,13.5,.608,.698,.098,2.2,15.8,9.2,9.7,1.9,2.4,9.0,13.3,1.6,2.1,3.7,.123,0.5,1.9,2.3,1.6,.602,118,109,PF,33,0.463,20.2,0.047,0.315,0.471,Los Angeles Clippers,18.0,W,P,42.0,40.0,0.512,0.02,110.86,110.92,-0.06,0.09,110.85,110.85,0.0,12026998,2008,1,25,82,69
40,Nicolas Batum,Philadelphia Sixers,Le Mans Sarthe Basket (France),France,80.0,230.0,15.0,2022,Back/Ankle,4.0,560862.0,11.0,.594,.832,.126,4.1,15.4,9.8,9.4,1.5,2.3,11.1,11.5,1.7,1.9,3.6,.101,-0.8,1.2,0.5,1.0,.583,120,114,PF,34,0.42,21.6,0.024,0.391,0.435,Los Angeles Clippers,18.0,W,P,44.0,38.0,0.537,0.5,115.91,115.4,0.51,0.31,115.67,115.37,0.31,19700319,2008,1,25,82,78
40,Nicolas Batum,Philadelphia Sixers,Le Mans Sarthe Basket (France),France,80.0,230.0,15.0,2023,"Hamstring/Finger, Personal",11.0,1547992.0,11.5,.690,.732,.125,4.8,11.8,8.4,11.2,1.3,2.9,13.2,8.4,1.1,0.8,1.9,.135,0.1,1.0,1.1,0.5,.688,138,114,PF,35,0.518,19.3,0.027,0.451,0.514,Los Angeles Clippers,5.0,W,P,26.0,14.0,0.65,5.63,121.37,115.67,5.7,5.51,121.46,115.87,5.59,11710818,2008,1,25,40,29
40,Nicolas Batum,Philadelphia Sixers,Le Mans Sarthe Basket (France),France,80.0,230.0,15.0,2023,"Hamstring/Finger, Personal",11.0,1547992.0,11.5,.690,.732,.125,4.8,11.8,8.4,11.2,1.3,2.9,13.2,8.4,1.1,0.8,1.9,.135,0.1,1.0,1.1,0.5,.688,138,114,PF,35,0.518,19.3,0.027,0.451,0.514,Philadelphia 76ers,3.0,E,A,26.0,13.0,0.667,8.05,121.15,113.02,8.12,7.47,120.72,113.17,7.55,11710818,2008,1,25,39,28
24,Norman Powell,Los Angeles Clippers,UCLA,United States,76.0,215.0,8.0,2020,Knee/Quad,3.0,1711752.0,16.2,.618,.453,.295,2.0,8.8,5.3,9.2,1.8,0.8,10.3,22.6,3.4,1.3,4.7,.103,1.1,-0.7,0.4,1.3,.570,116,116,SG-SF,27,0.477,14.3,0.044,0.317,0.53,Toronto Raptors,19.0,E,A,27.0,45.0,0.375,-0.47,112.96,113.44,-0.48,-0.54,113.0,113.55,-0.56,10865952,2015,2,16,72,69
24,Norman Powell,Los Angeles Clippers,UCLA,United States,76.0,215.0,8.0,2020,Knee/Quad,3.0,1711752.0,16.2,.618,.453,.295,2.0,8.8,5.3,9.2,1.8,0.8,10.3,22.6,3.4,1.3,4.7,.103,1.1,-0.7,0.4,1.3,.570,116,116,SG-SF,27,0.477,14.3,0.044,0.317,0.53,Portland Trail Blazers,12.0,W,NW,42.0,30.0,0.583,1.79,118.28,116.58,1.7,1.8,118.42,116.68,1.73,10865952,2015,2,16,72,69
24,Norman Powell,Los Angeles Clippers,UCLA,United States,76.0,215.0,8.0,2021,Rest,1.0,89180.0,16.3,.603,.418,.385,1.5,9.7,5.4,10.8,1.4,1.4,8.9,23.1,2.4,0.4,2.8,.093,1.2,-1.5,-0.3,0.6,.549,116,119,SF-SG,28,0.461,14.4,0.026,0.316,0.388,Portland Trail Blazers,30.0,W,NW,27.0,55.0,0.329,-8.88,108.8,117.93,-9.13,-8.55,109.03,117.84,-8.81,15517242,2015,2,16,82,81
24,Norman Powell,Los Angeles Clippers,UCLA,United States,76.0,215.0,8.0,2021,Rest,1.0,89180.0,16.3,.603,.418,.385,1.5,9.7,5.4,10.8,1.4,1.4,8.9,23.1,2.4,0.4,2.8,.093,1.2,-1.5,-0.3,0.6,.549,116,119,SF-SG,28,0.461,14.4,0.026,0.316,0.388,Los Angeles Clippers,18.0,W,P,42.0,40.0,0.512,0.02,110.86,110.92,-0.06,0.09,110.85,110.85,0.0,15517242,2015,2,16,82,81
24,Norman Powell,Los Angeles Clippers,UCLA,United States,76.0,215.0,8.0,2022,Shoulder/Arm/Injury Management/Groin,22.0,4526758.0,17.1,.612,.404,.390,1.7,10.7,6.3,11.0,1.6,1.0,10.8,26.0,2.1,1.4,3.5,.107,0.9,-0.7,0.3,0.9,.559,115,116,SG,29,0.479,14.1,0.025,0.317,0.484,Los Angeles Clippers,18.0,W,P,44.0,38.0,0.537,0.5,115.91,115.4,0.51,0.31,115.67,115.37,0.31,16758621,2015,2,16,82,60
8,OG Anunoby,New York Knicks,Indiana,England United States,79.0,240.0,6.0,2020,"Calf, Rest",23.0,1034358.0,15.4,.605,.503,.197,4.0,14.6,9.1,10.1,2.2,2.2,11.7,19.3,1.5,1.6,3.1,.104,0.8,0.4,1.2,1.2,.580,113,112,SF,23,0.48,14.8,0.116,0.467,0.41,Toronto Raptors,19.0,E,A,27.0,45.0,0.375,-0.47,112.96,113.44,-0.48,-0.54,113.0,113.55,-0.56,3872215,2017,1,23,72,49
8,OG Anunoby,New York Knicks,Indiana,England United States,79.0,240.0,6.0,2021,Quad/Finger/Hip,32.0,5818995.0,14.8,.549,.455,.169,4.4,12.6,8.3,11.0,2.1,1.4,9.7,20.5,1.8,1.9,3.7,.104,0.4,0.1,0.5,1.1,.526,112,111,SF,24,0.443,15.1,0.109,0.293,0.484,Toronto Raptors,10.0,E,A,48.0,34.0,0.585,2.29,113.93,111.55,2.38,2.37,113.86,111.4,2.46,16071429,2017,1,23,82,50
8,OG Anunoby,New York Knicks,Indiana,England United States,79.0,240.0,6.0,2022,Ankle/Wrist/Hip,15.0,3092374.0,14.6,.586,.415,.189,4.2,12.1,7.9,8.0,2.7,2.0,12.1,19.5,1.8,2.9,4.7,.094,-0.3,0.7,0.4,1.5,.556,113,113,SF,25,0.476,13.5,0.13,0.392,0.458,Toronto Raptors,10.0,E,A,41.0,41.0,0.5,1.48,116.37,114.86,1.51,1.59,116.55,114.91,1.63,17357143,2017,1,23,82,67
8,OG Anunoby,New York Knicks,Indiana,England United States,79.0,240.0,6.0,2023,Finger/Leg,4.0,857144.0,13.0,.611,.489,.159,3.3,10.4,6.8,9.4,1.5,1.6,10.9,17.3,1.2,1.1,2.2,.085,-0.6,0.1,-0.5,0.5,.591,116,117,SF,26,0.496,14.5,0.141,0.469,0.459,Toronto Raptors,21.0,E,A,16.0,26.0,0.381,-1.31,116.45,117.85,-1.4,-1.26,116.39,117.74,-1.35,18642857,2017,1,23,42,38
8,OG Anunoby,New York Knicks,Indiana,England United States,79.0,240.0,6.0,2023,Finger/Leg,4.0,857144.0,13.0,.611,.489,.159,3.3,10.4,6.8,9.4,1.5,1.6,10.9,17.3,1.2,1.1,2.2,.085,-0.6,0.1,-0.5,0.5,.591,116,117,SF,26,0.496,14.5,0.141,0.469,0.459,New York Knicks,8.0,E,A,25.0,17.0,0.595,4.07,118.78,114.48,4.3,3.82,118.56,114.52,4.04,18642857,2017,1,23,42,38
12,Oshae Brissett,Boston Celtics,Syracuse,Canada,79.0,210.0,4.0,2021,Back/Ankle,4.0,78232.0,12.9,.530,.468,.324,7.6,18.1,12.8,6.4,1.4,1.6,8.5,17.3,1.4,0.9,2.2,.069,-0.5,-1.7,-2.2,-0.1,.493,112,116,SF,23,0.411,13.9,0.075,0.329,0.372,Indiana Pacers,23.0,E,C,25.0,57.0,0.305,-3.48,113.6,117.11,-3.51,-3.26,113.74,117.03,-3.28,1701593,2019,0,0,82,78
12,Oshae Brissett,Boston Celtics,Syracuse,Canada,79.0,210.0,4.0,2022,Hamstring,1.0,21226.0,10.6,.520,.486,.455,6.4,16.0,11.2,5.4,1.4,1.0,8.2,16.1,0.4,0.7,1.1,.050,-2.0,-1.2,-3.2,-0.3,.461,110,118,PF,24,0.386,13.9,0.05,0.258,0.225,Indiana Pacers,25.0,E,C,35.0,47.0,0.427,-3.18,115.65,118.81,-3.16,-2.91,115.96,118.83,-2.87,1846738,2019,0,0,82,81
43,Pascal Siakam,Indiana Pacers,New Mexico State,Cameroon,80.0,245.0,7.0,2020,"Shoulder/Knee, Rest",9.0,2511720.0,17.7,.547,.256,.313,5.0,17.6,11.1,20.5,1.5,1.8,10.6,26.3,2.3,2.0,4.2,.101,1.0,-0.3,0.8,1.4,.493,111,113,PF,26,0.455,11.6,0.041,0.215,0.283,Toronto Raptors,19.0,E,A,27.0,45.0,0.375,-0.47,112.96,113.44,-0.48,-0.54,113.0,113.55,-0.56,30559200,2016,1,27,72,63
43,Pascal Siakam,Indiana Pacers,New Mexico State,Cameroon,80.0,245.0,7.0,2021,"Shoulder, Rest",12.0,3983238.0,20.3,.565,.181,.314,5.1,20.1,12.2,23.0,1.6,1.6,11.6,25.8,4.9,3.2,8.1,.151,2.7,0.8,3.5,3.6,.525,116,110,PF,27,0.494,11.2,0.026,0.183,0.475,Toronto Raptors,10.0,E,A,48.0,34.0,0.585,2.29,113.93,111.55,2.38,2.37,113.86,111.4,2.46,33003936,2016,1,27,82,70
43,Pascal Siakam,Indiana Pacers,New Mexico State,Cameroon,80.0,245.0,7.0,2022,"Adductor/Groin, Rest",11.0,4685744.0,20.3,.565,.219,.361,5.2,19.6,11.9,24.9,1.2,1.3,10.0,27.2,5.2,2.6,7.8,.141,3.3,-0.1,3.1,3.4,.515,118,115,PF,28,0.48,12.2,0.025,0.199,0.351,Toronto Raptors,10.0,E,A,41.0,41.0,0.5,1.48,116.37,114.86,1.51,1.59,116.55,114.91,1.63,35448672,2016,1,27,82,71
43,Pascal Siakam,Indiana Pacers,New Mexico State,Cameroon,80.0,245.0,7.0,2023,Back,1.0,2177780.0,18.9,.600,.233,.358,4.3,16.0,10.1,21.3,1.1,0.6,10.3,25.4,2.5,1.0,3.5,.123,2.1,-0.6,1.5,1.2,.559,120,119,PF,29,0.522,10.7,0.037,0.276,0.475,Toronto Raptors,21.0,E,A,16.0,26.0,0.381,-1.31,116.45,117.85,-1.4,-1.26,116.39,117.74,-1.35,37893408,2016,1,27,42,41
24,Pat Connaughton,Milwaukee Bucks,Notre Dame,United States,77.0,209.0,8.0,2020,Groin,3.0,169120.0,11.3,.578,.703,.103,4.4,17.3,11.1,6.3,1.5,1.3,7.5,11.6,1.8,1.7,3.5,.108,-0.5,0.5,0.0,0.8,.565,121,112,SG,28,0.434,19.5,0.028,0.221,0.383,Milwaukee Bucks,4.0,E,C,46.0,26.0,0.639,5.89,117.68,112.03,5.65,5.57,117.67,112.34,5.33,4938273,2015,2,11,72,69
24,Pat Connaughton,Milwaukee Bucks,Notre Dame,United States,77.0,209.0,8.0,2021,Finger,13.0,980832.0,13.4,.620,.746,.109,2.9,14.0,8.6,6.6,1.7,0.9,6.3,14.0,2.8,1.6,4.4,.125,0.8,0.3,1.2,1.4,.605,124,113,SF,29,0.458,20.2,0.018,0.295,0.45,Milwaukee Bucks,8.0,E,C,51.0,31.0,0.622,3.35,115.86,112.56,3.31,3.22,115.86,112.67,3.18,5333334,2015,2,11,82,69
24,Pat Connaughton,Milwaukee Bucks,Notre Dame,United States,77.0,209.0,8.0,2022,Ankle/Calf,20.0,1547334.0,10.0,.531,.765,.097,3.8,16.2,10.2,6.9,1.2,0.6,7.0,13.8,0.7,1.8,2.5,.085,-1.3,0.3,-1.0,0.3,.521,112,113,SF,30,0.392,20.3,0.019,0.339,0.358,Milwaukee Bucks,5.0,E,C,58.0,24.0,0.707,3.63,116.13,112.64,3.49,3.61,116.12,112.64,3.48,5728393,2015,2,11,82,62
24,Pat Connaughton,Milwaukee Bucks,Notre Dame,United States,77.0,209.0,8.0,2023,Ankle,6.0,866560.0,9.0,.575,.724,.122,3.6,12.8,8.3,9.9,0.9,0.7,10.4,10.1,0.7,0.4,1.1,.071,-1.2,-0.3,-1.5,0.1,.561,122,120,SF,31,0.429,18.9,0.006,0.451,0.412,Milwaukee Bucks,10.0,E,C,28.0,13.0,0.683,3.93,121.93,118.08,3.85,3.11,121.31,118.27,3.04,9423869,2015,2,11,41,35
22,Patrick Beverley,Philadelphia Sixers,Dnipro Dnipropetrovsk (Ukraine),United States,74.0,180.0,11.0,2020,"Hand/Knee, Rest, Personal",34.0,5936060.0,12.0,.580,.641,.205,4.0,11.8,8.0,12.0,1.7,3.0,12.4,14.6,1.0,1.0,2.1,.119,-0.7,1.4,0.7,0.6,.550,118,110,PG,32,0.423,18.2,0,0.291,0.463,Los Angeles Clippers,2.0,W,P,47.0,25.0,0.653,6.18,118.39,112.13,6.26,6.02,118.34,112.23,6.11,13333333,2009,2,12,72,38
22,Patrick Beverley,Philadelphia Sixers,Dnipro Dnipropetrovsk (Ukraine),United States,74.0,180.0,11.0,2021,Ankle/Ear/Groin/Adductor/Calf,20.0,3127590.0,14.8,.539,.555,.305,4.4,13.2,8.7,24.5,2.2,3.4,12.9,16.1,2.3,1.7,4.1,.132,0.6,2.1,2.7,1.7,.501,119,111,PG,33,0.406,16.6,0,0.227,0.473,Minnesota Timberwolves,11.0,W,NW,46.0,36.0,0.561,2.63,115.15,112.6,2.54,2.53,115.23,112.79,2.44,14320987,2009,2,12,82,62
22,Patrick Beverley,Philadelphia Sixers,Dnipro Dnipropetrovsk (Ukraine),United States,74.0,180.0,11.0,2022,Knee/Hip/Calf/Illness,6.0,821843.0,8.9,.534,.664,.181,2.7,12.0,7.5,13.3,1.7,2.0,13.4,10.6,0.8,2.1,3.0,.079,-2.9,1.7,-1.2,0.3,.511,113,113,SG-PG,34,0.4,18.7,0.003,0.335,0.35,Los Angeles Lakers,16.0,W,P,43.0,39.0,0.524,0.57,115.31,114.76,0.55,0.43,115.07,114.67,0.4,13801614,2009,2,12,82,76
22,Patrick Beverley,Philadelphia Sixers,Dnipro Dnipropetrovsk (Ukraine),United States,74.0,180.0,11.0,2022,Knee/Hip/Calf/Illness,6.0,821843.0,8.9,.534,.664,.181,2.7,12.0,7.5,13.3,1.7,2.0,13.4,10.6,0.8,2.1,3.0,.079,-2.9,1.7,-1.2,0.3,.511,113,113,SG-PG,34,0.4,18.7,0.003,0.335,0.35,Chicago Bulls,13.0,E,C,40.0,42.0,0.488,1.29,114.52,113.16,1.36,1.37,114.55,113.1,1.44,13801614,2009,2,12,82,76
22,Patrick Beverley,Philadelphia Sixers,Dnipro Dnipropetrovsk (Ukraine),United States,74.0,180.0,11.0,2023,Heel,1.0,532730.0,10.9,.545,.494,.274,4.0,13.8,9.0,17.8,1.4,1.4,14.1,13.4,0.6,0.8,1.4,.098,-1.8,0.5,-1.3,0.1,.506,117,114,PG,35,0.429,15.8,0,0.217,0.556,Philadelphia 76ers,3.0,E,A,26.0,13.0,0.667,8.05,121.15,113.02,8.12,7.47,120.72,113.17,7.55,3196448,2009,2,12,39,38
13,Paul George,Los Angeles Clippers,Fresno State,United States,80.0,220.0,13.0,2020,"Foot/Illness/Ankle, Rest",14.0,7284330.0,20.5,.598,.437,.239,2.9,18.9,11.1,24.6,1.7,1.2,14.5,30.0,3.0,2.3,5.3,.139,3.9,0.3,4.2,2.9,.557,113,110,SF,30,0.467,16.2,0.024,0.18,0.56,Los Angeles Clippers,2.0,W,P,47.0,25.0,0.653,6.18,118.39,112.13,6.26,6.02,118.34,112.23,6.11,35450412,2010,1,10,72,58
13,Paul George,Los Angeles Clippers,Fresno State,United States,80.0,220.0,13.0,2021,"Injury Management/Elbow, Rest",51.0,24194840.0,18.6,.538,.404,.233,1.2,19.2,10.5,28.1,3.0,1.0,15.2,33.7,-0.6,1.9,1.3,.057,1.8,1.9,3.7,1.6,.493,100,106,PF,31,0.421,16.6,0.019,0.152,0.538,Los Angeles Clippers,18.0,W,P,42.0,40.0,0.512,0.02,110.86,110.92,-0.06,0.09,110.85,110.85,0.0,39344970,2010,1,10,82,31
13,Paul George,Los Angeles Clippers,Fresno State,United States,80.0,220.0,13.0,2022,"Knee/Hamstring/Illness, Rest",26.0,13187340.0,19.6,.588,.424,.293,2.6,17.0,9.9,24.2,2.1,0.9,13.4,29.5,2.3,2.3,4.6,.114,2.4,0.3,2.8,2.3,.536,113,113,SF,32,0.457,16.7,0.042,0.134,0.491,Los Angeles Clippers,18.0,W,P,44.0,38.0,0.537,0.5,115.91,115.4,0.51,0.31,115.67,115.37,0.31,42492492,2010,1,10,82,56
13,Paul George,Los Angeles Clippers,Fresno State,United States,80.0,220.0,13.0,2023,Illness/Groin,2.0,786897.0,19.7,.611,.485,.214,2.0,15.7,9.1,16.4,2.3,0.9,9.7,27.2,2.5,1.7,4.2,.152,3.1,0.3,3.4,1.8,.570,120,114,PF,33,0.468,17.6,0.031,0.136,0.489,Los Angeles Clippers,5.0,W,P,26.0,14.0,0.65,5.63,121.37,115.67,5.7,5.51,121.46,115.87,5.59,45640084,2010,1,10,40,38
25,Reggie Bullock,Houston Rockets,North Carolina,United States,78.0,205.0,10.0,2020,Ankle/Neck/Hip,7.0,431505.0,11.1,.606,.709,.098,0.9,11.4,6.2,7.4,1.3,0.5,7.1,14.4,2.3,2.3,4.6,.114,-0.9,0.8,-0.1,0.9,.587,118,111,SF,29,0.442,20.8,0.002,0.317,0.468,New York Knicks,10.0,E,A,41.0,31.0,0.569,2.31,111.38,108.97,2.41,2.13,111.23,109.01,2.21,4200000,2013,1,25,72,65
25,Reggie Bullock,Houston Rockets,North Carolina,United States,78.0,205.0,10.0,2021,"Hip/Knee/Illness, Personal",13.0,1808565.0,9.2,.558,.782,.096,1.9,12.2,7.0,6.1,1.1,0.7,7.1,13.3,1.2,2.0,3.2,.080,-1.4,0.0,-1.4,0.3,.542,111,112,SF,30,0.401,20.9,0.004,0.446,0.406,Dallas Mavericks,7.0,W,SW,52.0,30.0,0.634,3.3,113.82,110.27,3.55,3.12,113.76,110.41,3.35,9536000,2013,1,25,82,69
25,Reggie Bullock,Houston Rockets,North Carolina,United States,78.0,205.0,10.0,2022,"Quad/Illness, Rest",3.0,345270.0,7.7,.577,.845,.079,1.6,12.5,7.0,6.2,1.1,0.5,6.9,10.0,1.3,1.4,2.8,.056,-2.3,-0.3,-2.6,-0.4,.569,116,119,SF,31,0.409,21.7,0.002,0.491,0.451,Dallas Mavericks,19.0,W,SW,38.0,44.0,0.463,0.07,117.63,117.56,0.06,-0.14,117.54,117.7,-0.16,10012800,2013,1,25,82,79
25,Reggie Bullock,Houston Rockets,North Carolina,United States,78.0,205.0,10.0,2023,Illness/Back,4.0,165330.0,7.3,.550,.743,.029,1.4,15.0,8.3,7.5,0.6,1.2,10.1,10.8,0.0,0.2,0.2,.061,-2.7,-0.2,-2.9,0.0,.543,109,115,SF,32,0.4,21.2,0,0.5,0.462,Houston Rockets,13.0,W,SW,19.0,21.0,0.475,0.55,114.17,113.57,0.61,1.1,114.42,113.25,1.17,14210528,2013,1,25,40,36
7,Reggie Jackson,Denver Nuggets,Boston College,Italy United States,74.0,208.0,12.0,2020,"Achilles, Rest",2.0,47910.0,14.2,.576,.482,.140,1.8,11.9,7.0,19.0,1.3,0.4,10.6,19.9,2.3,1.4,3.7,.115,0.6,-0.2,0.4,0.9,.554,116,113,SG,30,0.45,16.2,0.015,0.22,0.5,Los Angeles Clippers,2.0,W,P,47.0,25.0,0.653,6.18,118.39,112.13,6.26,6.02,118.34,112.23,6.11,2331593,2011,1,24,72,70
7,Reggie Jackson,Denver Nuggets,Boston College,Italy United States,74.0,208.0,12.0,2021,Rest,3.0,179043.0,12.1,.488,.419,.133,1.8,10.2,6.1,24.6,1.2,0.5,11.8,27.6,-1.7,2.0,0.4,.008,-1.4,-1.6,-3.0,-0.6,.460,99,113,SG,31,0.392,16.3,0.011,0.186,0.358,Los Angeles Clippers,18.0,W,P,42.0,40.0,0.512,0.02,110.86,110.92,-0.06,0.09,110.85,110.85,0.0,10384500,2011,1,24,82,79
7,Reggie Jackson,Denver Nuggets,Boston College,Italy United States,74.0,208.0,12.0,2022,Rest,1.0,64456.0,10.0,.514,.450,.122,1.7,8.0,4.9,20.0,1.4,0.3,14.6,20.8,-0.6,1.2,0.6,.018,-2.9,-1.1,-3.9,-0.8,.486,103,118,PG,32,0.411,16.1,0.008,0.253,0.384,Los Angeles Clippers,18.0,W,P,44.0,38.0,0.537,0.5,115.91,115.4,0.51,0.31,115.67,115.37,0.31,11457217,2011,1,24,82,81
7,Reggie Jackson,Denver Nuggets,Boston College,Italy United States,74.0,208.0,12.0,2022,Rest,1.0,64456.0,10.0,.514,.450,.122,1.7,8.0,4.9,20.0,1.4,0.3,14.6,20.8,-0.6,1.2,0.6,.018,-2.9,-1.1,-3.9,-0.8,.486,103,118,PG,32,0.411,16.1,0.008,0.253,0.384,Denver Nuggets,7.0,W,NW,53.0,29.0,0.646,3.33,118.38,115.05,3.34,3.04,118.22,115.18,3.04,11457217,2011,1,24,82,81
20,Richaun Holmes,Dallas Mavericks,Bowling Green,United States,81.0,235.0,8.0,2020,Knee/Hamstring/Ankle,11.0,754226.0,20.2,.669,.019,.296,8.8,22.7,15.7,8.3,1.1,4.6,10.3,17.5,4.7,1.4,6.1,.165,0.6,0.0,0.6,1.2,.638,130,115,C,27,0.637,6.9,0.165,0.182,0,Sacramento Kings,24.0,W,P,31.0,41.0,0.431,-3.68,114.4,118.0,-3.6,-3.45,114.59,117.94,-3.36,5005350,2015,2,7,72,61
20,Richaun Holmes,Dallas Mavericks,Bowling Green,United States,81.0,235.0,8.0,2021,"Back/Eye, Personal",28.0,3282455.0,17.8,.689,.017,.300,9.3,22.9,16.1,6.8,0.8,3.3,14.2,15.8,2.4,0.9,3.2,.145,-0.4,-0.1,-0.5,0.4,.663,127,114,C,28,0.66,5.5,0.233,0,0,Sacramento Kings,25.0,W,P,30.0,52.0,0.366,-5.46,110.69,116.28,-5.59,-5.26,110.92,116.31,-5.38,10384500,2015,2,7,82,54
20,Richaun Holmes,Dallas Mavericks,Bowling Green,United States,81.0,235.0,8.0,2022,Illness,5.0,773472.0,12.9,.668,.090,.213,9.6,16.6,13.1,3.5,0.4,2.8,12.6,13.7,0.6,0.3,0.8,.113,-2.0,-0.9,-2.9,-0.1,.646,127,118,C,29,0.618,6.4,0.191,0.125,1,Sacramento Kings,8.0,W,P,48.0,34.0,0.585,2.65,119.97,117.48,2.49,2.3,119.86,117.72,2.14,11215260,2015,2,7,82,77
20,Richaun Holmes,Dallas Mavericks,Bowling Green,United States,81.0,235.0,8.0,2023,"Illness, Personal",3.0,1315370.0,12.3,.510,.000,.391,16.1,22.5,19.3,6.9,0.6,3.1,15.6,15.8,0.1,0.2,0.3,.071,-3.6,-1.3,-4.9,-0.1,.500,111,116,C,30,0.5,3,0.174,0,0,Dallas Mavericks,14.0,W,SW,24.0,18.0,0.571,1.1,118.76,117.91,0.85,0.7,119.65,119.19,0.46,12046020,2015,2,7,42,39
33,Robert Covington,Philadelphia Sixers,Tennessee State,United States,79.0,209.0,10.0,2020,Concussion,2.0,415695.0,11.2,.553,.699,.122,2.8,19.8,11.1,6.8,2.2,3.4,10.7,11.5,1.4,2.4,3.7,.080,-1.3,1.5,0.2,1.2,.533,113,112,PF,30,0.401,19.6,0.031,0.126,0.244,Portland Trail Blazers,12.0,W,NW,42.0,30.0,0.583,1.79,118.28,116.58,1.7,1.8,118.42,116.68,1.73,12138345,2013,0,0,72,70
33,Robert Covington,Philadelphia Sixers,Tennessee State,United States,79.0,209.0,10.0,2021,Personal,5.0,522004.0,12.4,.572,.681,.139,3.3,18.9,11.0,6.8,2.6,4.4,12.4,13.5,0.8,2.4,3.2,.080,-1.6,1.7,0.2,1.1,.548,108,110,PF,31,0.42,18.8,0.03,0.198,0.552,Portland Trail Blazers,30.0,W,NW,27.0,55.0,0.329,-8.88,108.8,117.93,-9.13,-8.55,109.03,117.84,-8.81,12975471,2013,0,0,82,77
33,Robert Covington,Philadelphia Sixers,Tennessee State,United States,79.0,209.0,10.0,2021,Personal,5.0,522004.0,12.4,.572,.681,.139,3.3,18.9,11.0,6.8,2.6,4.4,12.4,13.5,0.8,2.4,3.2,.080,-1.6,1.7,0.2,1.1,.548,108,110,PF,31,0.42,18.8,0.03,0.198,0.552,Los Angeles Clippers,18.0,W,P,42.0,40.0,0.512,0.02,110.86,110.92,-0.06,0.09,110.85,110.85,0.0,12975471,2013,0,0,82,77
33,Robert Covington,Philadelphia Sixers,Tennessee State,United States,79.0,209.0,10.0,2022,"Illness, Personal",6.0,707340.0,14.2,.584,.594,.175,4.5,19.2,11.9,10.2,2.4,3.7,11.5,15.6,0.7,1.2,1.9,.117,-0.5,2.1,1.7,0.7,.563,116,110,PF,32,0.445,16.8,0.035,0.147,0.45,Los Angeles Clippers,18.0,W,P,44.0,38.0,0.537,0.5,115.91,115.4,0.51,0.31,115.67,115.37,0.31,12307692,2013,0,0,82,76
33,Robert Covington,Philadelphia Sixers,Tennessee State,United States,79.0,209.0,10.0,2023,Illness/Knee,8.0,1343940.0,13.4,.580,.571,.265,7.1,14.7,11.0,6.1,3.9,3.2,9.1,10.5,0.6,1.0,1.5,.152,-1.0,3.3,2.3,0.5,.536,126,107,SF-PF,33,0.439,16.4,0.031,0.268,0.467,Los Angeles Clippers,5.0,W,P,26.0,14.0,0.65,5.63,121.37,115.67,5.7,5.51,121.46,115.87,5.59,11692308,2013,0,0,40,32
33,Robert Covington,Philadelphia Sixers,Tennessee State,United States,79.0,209.0,10.0,2023,Illness/Knee,8.0,1343940.0,13.4,.580,.571,.265,7.1,14.7,11.0,6.1,3.9,3.2,9.1,10.5,0.6,1.0,1.5,.152,-1.0,3.3,2.3,0.5,.536,126,107,SF-PF,33,0.439,16.4,0.031,0.268,0.467,Philadelphia 76ers,3.0,E,A,26.0,13.0,0.667,8.05,121.15,113.02,8.12,7.47,120.72,113.17,7.55,11692308,2013,0,0,39,31
42,Robin Lopez,Milwaukee Bucks,Stanford,United States,85.0,281.0,15.0,2020,Ankle,1.0,100000.0,16.7,.661,.042,.322,11.1,10.2,10.6,5.9,0.5,2.7,13.4,17.1,2.8,0.9,3.7,.131,0.2,-1.2,-1.0,0.4,.639,124,116,C,32,0.633,5.4,0.08,0.722,0.154,Washington Wizards,22.0,E,SE,34.0,38.0,0.472,-1.83,111.75,113.63,-1.88,-1.84,111.79,113.69,-1.91,7300000,2008,1,15,72,71
42,Robin Lopez,Milwaukee Bucks,Stanford,United States,85.0,281.0,15.0,2022,Illness,2.0,83500.0,11.6,.675,.053,.240,9.1,11.0,10.0,9.1,0.3,2.5,23.2,16.1,0.2,0.3,0.6,.094,-3.4,0.3,-3.0,-0.1,.653,114,114,C,34,0.64,6.6,0.027,0.25,1,Cleveland Cavaliers,2.0,E,C,51.0,31.0,0.622,5.38,117.31,111.69,5.62,5.23,117.31,111.84,5.47,2905851,2008,1,15,82,80
0,Royce O'Neale,Brooklyn Nets,Baylor,United States,78.0,226.0,6.0,2020,Rest,1.0,58219.0,9.9,.599,.706,.117,4.4,18.0,11.5,10.4,1.2,1.2,16.7,9.6,2.3,3.3,5.6,.121,-1.2,2.1,1.0,1.7,.580,121,108,SF,27,0.444,19,0.051,0.306,0.424,Utah Jazz,1.0,W,NW,52.0,20.0,0.722,9.25,118.42,108.94,9.48,8.96,118.23,109.04,9.2,8500000,2015,0,0,72,71
0,Royce O'Neale,Brooklyn Nets,Baylor,United States,78.0,226.0,6.0,2021,Thumb/Knee/Foot,5.0,556325.0,10.3,.608,.689,.126,3.0,13.4,8.4,10.5,1.8,1.2,14.4,9.9,2.7,2.8,5.5,.109,-0.8,1.7,0.8,1.7,.591,122,111,SF,28,0.457,18.7,0.025,0.307,0.383,Utah Jazz,3.0,W,NW,49.0,33.0,0.598,6.04,117.68,111.52,6.16,5.67,117.63,111.84,5.79,8800000,2015,0,0,82,77
0,Royce O'Neale,Brooklyn Nets,Baylor,United States,78.0,226.0,6.0,2022,"Knee/Illness, Personal",6.0,687362.0,9.2,.538,.707,.116,2.6,15.0,9.0,15.3,1.3,1.7,15.5,13.6,0.4,2.5,2.9,.057,-1.7,0.6,-1.1,0.5,.524,108,115,SF,29,0.386,19.6,0.01,0.15,0.349,Brooklyn Nets,14.0,E,A,45.0,37.0,0.549,0.85,116.07,115.07,1.0,1.03,116.19,115.01,1.18,9200000,2015,0,0,82,76
0,Royce O'Neale,Brooklyn Nets,Baylor,United States,78.0,226.0,6.0,2023,Hip,1.0,109196.0,10.4,.537,.804,.069,3.4,16.5,9.8,16.2,1.4,2.2,13.8,13.4,0.5,0.9,1.4,.066,-1.4,0.9,-0.5,0.4,.533,113,117,SF,30,0.385,22.5,0.012,0.144,0.4,Brooklyn Nets,23.0,E,A,16.0,24.0,0.4,-1.83,116.38,118.29,-1.91,-2.31,116.11,118.5,-2.39,9500000,2015,0,0,40,39
27,Rudy Gobert,Minnesota Timberwolves,Cholet Basket (France),France,85.0,258.0,10.0,2020,Rest,1.0,176543.0,23.5,.683,.007,.646,12.2,33.5,23.3,6.0,0.9,7.0,13.7,17.0,6.1,5.2,11.3,.248,2.1,2.8,4.9,3.8,.675,131,101,C,28,0.675,2.7,0.432,0.25,0,Utah Jazz,1.0,W,NW,52.0,20.0,0.722,9.25,118.42,108.94,9.48,8.96,118.23,109.04,9.2,27525281,2013,1,27,72,71
27,Rudy Gobert,Minnesota Timberwolves,Cholet Basket (France),France,85.0,258.0,10.0,2021,Leg/Foot/Calf/Shoulder,12.0,5484537.0,24.7,.732,.008,.864,12.9,36.3,25.0,5.1,1.0,5.7,14.5,16.9,7.3,4.3,11.7,.264,2.9,1.7,4.6,3.6,.713,137,103,C,29,0.713,2.7,0.494,0,0,Utah Jazz,3.0,W,NW,49.0,33.0,0.598,6.04,117.68,111.52,6.16,5.67,117.63,111.84,5.79,35344828,2013,1,27,82,70
27,Rudy Gobert,Minnesota Timberwolves,Cholet Basket (France),France,85.0,258.0,10.0,2022,Illness/Groin/Ankle,10.0,3729494.0,18.9,.675,.005,.623,12.2,29.8,21.2,5.6,1.2,3.9,14.9,16.3,4.3,3.5,7.8,.174,0.0,0.7,0.7,1.4,.659,127,109,C,30,0.659,2.5,0.388,0,0,Minnesota Timberwolves,20.0,W,NW,42.0,40.0,0.512,-0.04,114.52,114.5,0.02,-0.22,114.26,114.43,-0.18,38172414,2013,1,27,82,72
27,Rudy Gobert,Minnesota Timberwolves,Cholet Basket (France),France,85.0,258.0,10.0,2023,Hip,1.0,471264.0,18.5,.653,.006,.651,13.0,28.8,21.4,5.2,1.0,5.8,13.9,15.9,2.3,3.1,5.4,.198,-0.3,1.9,1.6,1.2,.635,126,104,C,31,0.635,2.6,0.453,0,0,Minnesota Timberwolves,4.0,W,NW,30.0,11.0,0.732,6.05,116.13,109.98,6.16,6.7,116.41,109.6,6.81,41000000,2013,1,27,41,40
28,Rui Hachimura,Los Angeles Lakers,Gonzaga,Japan,80.0,230.0,4.0,2020,Illness/Knee/Shoulder/Eye,12.0,707146.0,11.4,.549,.211,.248,2.9,15.5,9.2,6.3,1.1,0.3,8.6,18.1,0.7,1.4,2.1,.056,-2.2,-1.0,-3.1,-0.5,.513,107,115,PF,22,0.478,12.3,0.1,0.307,0.286,Washington Wizards,22.0,E,SE,34.0,38.0,0.472,-1.83,111.75,113.63,-1.88,-1.84,111.79,113.69,-1.91,4692840,2019,1,9,72,60
28,Rui Hachimura,Los Angeles Lakers,Gonzaga,Japan,80.0,230.0,4.0,2021,"Ankle, Personal",27.0,1582224.0,14.9,.579,.323,.173,3.0,15.6,9.4,7.9,1.2,0.8,7.4,20.9,0.9,0.6,1.4,.073,0.2,-1.7,-1.4,0.1,.563,111,116,PF,23,0.491,14.7,0.063,0.285,0.429,Washington Wizards,24.0,E,SE,35.0,47.0,0.427,-3.38,111.72,115.33,-3.61,-3.23,111.79,115.23,-3.43,4916160,2019,1,9,82,55
28,Rui Hachimura,Los Angeles Lakers,Gonzaga,Japan,80.0,230.0,4.0,2022,Ankle,16.0,1151840.0,13.2,.556,.274,.204,4.1,16.5,10.5,5.8,0.6,1.5,7.7,20.2,0.6,1.3,1.8,.060,-1.3,-1.0,-2.2,-0.1,.530,109,116,PF,24,0.486,13.1,0.074,0.319,0.333,Washington Wizards,23.0,E,SE,35.0,47.0,0.427,-1.21,115.21,116.49,-1.28,-1.06,115.39,116.5,-1.12,6263188,2019,1,9,82,66
28,Rui Hachimura,Los Angeles Lakers,Gonzaga,Japan,80.0,230.0,4.0,2022,Ankle,16.0,1151840.0,13.2,.556,.274,.204,4.1,16.5,10.5,5.8,0.6,1.5,7.7,20.2,0.6,1.3,1.8,.060,-1.3,-1.0,-2.2,-0.1,.530,109,116,PF,24,0.486,13.1,0.074,0.319,0.333,Los Angeles Lakers,16.0,W,P,43.0,39.0,0.524,0.57,115.31,114.76,0.55,0.43,115.07,114.67,0.4,6263188,2019,1,9,82,66
28,Rui Hachimura,Los Angeles Lakers,Gonzaga,Japan,80.0,230.0,4.0,2023,Calf/Nose/Concussion/Eye,13.0,2442528.0,13.7,.575,.331,.226,3.9,12.8,8.5,6.5,1.5,1.0,6.9,20.2,0.4,0.7,1.0,.077,-1.4,-0.7,-2.1,0.0,.547,112,116,PF,25,0.486,12.9,0.113,0.247,0.286,Los Angeles Lakers,19.0,W,P,21.0,21.0,0.5,-1.0,113.66,114.82,-1.16,-0.45,114.38,114.99,-0.61,15740741,2019,1,9,42,29
0,Russell Westbrook,Los Angeles Clippers,UCLA,United States,76.0,200.0,15.0,2020,"Quad, Rest",4.0,4815760.0,19.5,.509,.221,.334,4.9,28.6,16.8,48.6,1.7,0.8,18.0,30.2,0.5,3.2,3.7,.075,2.6,1.1,3.7,3.4,.474,105,110,PG,32,0.439,13.2,0.025,0.103,0.429,Washington Wizards,22.0,E,SE,34.0,38.0,0.472,-1.83,111.75,113.63,-1.88,-1.84,111.79,113.69,-1.91,41358814,2008,1,4,72,68
0,Russell Westbrook,Los Angeles Clippers,UCLA,United States,76.0,200.0,15.0,2021,Shoulder/Back,4.0,1778609.0,15.0,.512,.215,.324,4.4,18.8,11.6,31.6,1.3,0.7,17.3,27.3,-0.6,2.3,1.7,.030,-0.7,-0.9,-1.6,0.2,.476,102,114,PG,33,0.444,10.8,0.021,0.181,0.438,Los Angeles Lakers,22.0,W,P,33.0,49.0,0.402,-3.05,111.15,114.17,-3.02,-3.08,111.22,114.3,-3.07,44211146,2008,1,4,82,78
0,Russell Westbrook,Los Angeles Clippers,UCLA,United States,76.0,200.0,15.0,2022,Foot/Hamstring,3.0,1622880.0,16.1,.513,.289,.317,4.7,16.5,10.8,38.6,1.7,1.3,18.4,27.7,-0.6,2.6,1.9,.044,0.3,-0.1,0.2,1.2,.481,104,113,PG,34,0.436,11.8,0.023,0.227,0.231,Los Angeles Lakers,16.0,W,P,43.0,39.0,0.524,0.57,115.31,114.76,0.55,0.43,115.07,114.67,0.4,47080179,2008,1,4,82,79
0,Russell Westbrook,Los Angeles Clippers,UCLA,United States,76.0,200.0,15.0,2022,Foot/Hamstring,3.0,1622880.0,16.1,.513,.289,.317,4.7,16.5,10.8,38.6,1.7,1.3,18.4,27.7,-0.6,2.6,1.9,.044,0.3,-0.1,0.2,1.2,.481,104,113,PG,34,0.436,11.8,0.023,0.227,0.231,Los Angeles Clippers,18.0,W,P,44.0,38.0,0.537,0.5,115.91,115.4,0.51,0.31,115.67,115.37,0.31,47080179,2008,1,4,82,79
51,Ryan Arcidiacono,New York Knicks,Villanova,United States,75.0,195.0,6.0,2021,Ankle,9.0,11229.0,6.1,.667,.750,.000,0.0,11.5,5.7,7.5,0.7,0.0,20.0,8.6,0.0,0.1,0.1,.052,-4.6,0.0,-4.6,-0.1,.667,111,115,PG,27,0.5,21.5,0,0.222,0.5,New York Knicks,17.0,E,A,37.0,45.0,0.451,-0.12,111.47,111.55,-0.08,-0.01,111.35,111.31,0.04,774727,2016,0,0,82,73
51,Ryan Arcidiacono,New York Knicks,Villanova,United States,75.0,195.0,6.0,2022,Back/Ankle,16.0,380060.0,2.7,.351,.622,.000,0.0,10.0,5.0,16.9,1.4,0.0,15.9,11.1,-0.2,0.1,-0.2,-0.043,-7.3,-1.5,-8.8,-0.3,.351,86,121,PG,28,0.243,20.2,0,0.043,0,New York Knicks,6.0,E,A,47.0,35.0,0.573,2.93,118.86,115.83,3.03,2.99,118.98,115.88,3.1,1836090,2016,0,0,82,66
51,Ryan Arcidiacono,New York Knicks,Villanova,United States,75.0,195.0,6.0,2022,Back/Ankle,16.0,380060.0,2.7,.351,.622,.000,0.0,10.0,5.0,16.9,1.4,0.0,15.9,11.1,-0.2,0.1,-0.2,-0.043,-7.3,-1.5,-8.8,-0.3,.351,86,121,PG,28,0.243,20.2,0,0.043,0,Portland Trail Blazers,26.0,W,NW,33.0,49.0,0.402,-4.01,115.72,119.83,-4.11,-3.96,115.72,119.79,-4.07,1836090,2016,0,0,82,66
30,Seth Curry,Dallas Mavericks,Duke,United States,73.0,185.0,10.0,2020,Hip/Hip Flexor/Ankle/Covid 19,14.0,1502508.0,12.9,.607,.507,.139,0.7,8.3,4.6,13.6,1.3,0.4,10.0,17.1,2.3,1.7,4.0,.118,0.1,-0.4,-0.3,0.7,.582,118,112,SG,30,0.467,19.3,0,0.157,0.636,Philadelphia 76ers,5.0,E,A,49.0,23.0,0.681,5.58,114.13,108.51,5.62,5.28,113.96,108.66,5.3,7834449,2013,0,0,72,58
30,Seth Curry,Dallas Mavericks,Duke,United States,73.0,185.0,10.0,2021,Ankle/Back/Shoulder/Foot,16.0,1415100.0,13.7,.615,.506,.127,1.1,9.1,5.2,16.3,1.2,0.6,12.3,18.5,2.7,1.5,4.2,.095,0.3,-0.9,-0.6,0.8,.594,115,115,SG,31,0.487,19.4,0,0.182,0.5,Philadelphia 76ers,9.0,E,A,51.0,31.0,0.622,2.61,114.39,111.8,2.59,2.57,114.42,111.86,2.56,8207518,2013,0,0,82,66
30,Seth Curry,Dallas Mavericks,Duke,United States,73.0,185.0,10.0,2021,Ankle/Back/Shoulder/Foot,16.0,1415100.0,13.7,.615,.506,.127,1.1,9.1,5.2,16.3,1.2,0.6,12.3,18.5,2.7,1.5,4.2,.095,0.3,-0.9,-0.6,0.8,.594,115,115,SG,31,0.487,19.4,0,0.182,0.5,Brooklyn Nets,15.0,E,A,44.0,38.0,0.537,0.78,114.69,113.93,0.76,0.82,114.84,114.03,0.81,8207518,2013,0,0,82,66
30,Seth Curry,Dallas Mavericks,Duke,United States,73.0,185.0,10.0,2022,"Ankle/Adductor/Knee/Illness/Injury Management, Personal",20.0,1757916.0,12.3,.593,.517,.122,1.2,7.9,4.6,11.9,1.5,0.5,9.7,19.2,0.9,0.9,1.8,.070,-1.2,-0.9,-2.1,0.0,.568,113,117,SG,32,0.463,19.8,0,0.254,0.424,Brooklyn Nets,14.0,E,A,45.0,37.0,0.549,0.85,116.07,115.07,1.0,1.03,116.19,115.01,1.18,8496653,2013,0,0,82,62
30,Seth Curry,Dallas Mavericks,Duke,United States,73.0,185.0,10.0,2023,Ankle/Hip/Illness,3.0,597714.0,8.2,.496,.561,.121,3.3,8.9,6.0,7.9,1.9,0.6,9.1,15.3,-0.1,0.3,0.2,.027,-3.3,-0.8,-4.2,-0.2,.470,104,118,SG,33,0.364,20.2,0,0.338,0.44,Dallas Mavericks,14.0,W,SW,24.0,18.0,0.571,1.1,118.76,117.91,0.85,0.7,119.65,119.19,0.46,4000000,2013,0,0,42,39
2,Shai Gilgeous-Alexander,Oklahoma City Thunder,Kentucky,Canada,78.0,195.0,5.0,2020,Shoulder/Quad/Knee,37.0,1872090.0,21.6,.623,.301,.405,1.7,13.1,7.3,31.2,1.1,1.7,13.7,27.8,2.7,0.8,3.5,.143,3.9,0.2,4.1,1.8,.571,118,115,SG,22,0.508,11.6,0.018,0.076,0.462,Oklahoma City Thunder,30.0,W,NW,22.0,50.0,0.306,-10.64,104.32,114.8,-10.48,-10.13,104.36,114.32,-9.96,4141320,2018,1,11,72,35
2,Shai Gilgeous-Alexander,Oklahoma City Thunder,Kentucky,Canada,78.0,195.0,5.0,2021,Ankle/Concussion,25.0,1705536.0,20.9,.557,.282,.385,1.9,13.0,7.4,31.1,1.8,2.2,11.1,30.8,2.8,1.8,4.6,.113,2.9,0.5,3.4,2.7,.496,111,113,PG,23,0.453,12.1,0.023,0.077,0.391,Oklahoma City Thunder,28.0,W,NW,24.0,58.0,0.293,-8.1,105.25,113.42,-8.18,-7.9,105.18,113.16,-7.98,5495532,2018,1,11,82,57
2,Shai Gilgeous-Alexander,Oklahoma City Thunder,Kentucky,Canada,78.0,195.0,5.0,2022,Ankle/Injury Management/Illness/Back/Hip,11.0,3197970.0,27.2,.626,.122,.535,2.6,12.2,7.3,25.7,2.2,2.5,10.1,32.8,8.4,3.0,11.4,.226,5.7,1.5,7.3,5.6,.531,125,113,PG,24,0.51,9.8,0.039,0.101,0.235,Oklahoma City Thunder,15.0,W,NW,40.0,42.0,0.488,1.09,115.92,114.9,1.03,0.96,115.8,114.91,0.89,30913750,2018,1,11,82,71
2,Shai Gilgeous-Alexander,Oklahoma City Thunder,Kentucky,Canada,78.0,195.0,5.0,2023,Knee,1.0,575634.0,30.6,.650,.174,.437,2.9,15.0,9.3,29.7,3.1,2.2,7.7,32.5,6.3,2.3,8.5,.298,7.2,2.6,9.8,4.1,.580,132,110,PG,25,0.552,10.9,0.034,0.072,0.5,Oklahoma City Thunder,2.0,W,NW,28.0,13.0,0.683,8.15,122.34,114.21,8.12,8.29,122.59,114.32,8.27,33386850,2018,1,11,41,40
18,Shake Milton,Minnesota Timberwolves,Southern Methodist,United States,77.0,205.0,5.0,2020,Ankle,5.0,116550.0,14.6,.549,.304,.264,2.5,8.5,5.6,20.3,1.3,1.1,12.2,24.9,1.1,1.6,2.8,.091,-0.7,-1.0,-1.6,0.1,.503,109,112,SG,24,0.45,13.9,0,0.182,0.432,Philadelphia 76ers,5.0,E,A,49.0,23.0,0.681,5.58,114.13,108.51,5.62,5.28,113.96,108.66,5.3,1701593,2018,2,24,72,67
18,Shake Milton,Minnesota Timberwolves,Southern Methodist,United States,77.0,205.0,5.0,2021,Back/Groin/Ankle,23.0,498811.0,11.9,.517,.330,.181,2.9,10.4,6.7,17.6,1.2,1.3,9.2,18.3,0.7,1.0,1.7,.069,-1.6,-0.6,-2.2,-0.1,.483,109,114,SG,25,0.429,13.4,0.005,0.233,0.355,Philadelphia 76ers,9.0,E,A,51.0,31.0,0.622,2.61,114.39,111.8,2.59,2.57,114.42,111.86,2.56,1846738,2018,2,24,82,59
26,Spencer Dinwiddie,Brooklyn Nets,Colorado,United States,77.0,215.0,9.0,2020,Knee ACL,69.0,10904828.0,10.1,.536,.438,.375,0.0,21.3,11.2,17.6,1.5,1.4,21.2,16.1,0.0,0.1,0.1,.045,-2.4,2.6,0.2,0.0,.438,102,112,SG,27,0.375,12.3,0.063,0.143,1,Brooklyn Nets,7.0,E,A,48.0,24.0,0.667,4.5,118.91,114.4,4.52,4.24,119.0,114.76,4.24,11454048,2014,2,8,72,3
26,Spencer Dinwiddie,Brooklyn Nets,Colorado,United States,77.0,215.0,9.0,2021,Rest,4.0,394088.0,15.1,.543,.449,.343,2.6,13.0,7.8,25.7,1.1,0.6,10.9,21.4,2.7,1.4,4.1,.098,0.8,-0.4,0.3,1.1,.493,114,115,PG,28,0.416,15.6,0.007,0.182,0.367,Washington Wizards,24.0,E,SE,35.0,47.0,0.427,-3.38,111.72,115.33,-3.61,-3.23,111.79,115.23,-3.43,19314284,2014,2,8,82,78
26,Spencer Dinwiddie,Brooklyn Nets,Colorado,United States,77.0,215.0,9.0,2021,Rest,4.0,394088.0,15.1,.543,.449,.343,2.6,13.0,7.8,25.7,1.1,0.6,10.9,21.4,2.7,1.4,4.1,.098,0.8,-0.4,0.3,1.1,.493,114,115,PG,28,0.416,15.6,0.007,0.182,0.367,Dallas Mavericks,7.0,W,SW,52.0,30.0,0.634,3.3,113.82,110.27,3.55,3.12,113.76,110.41,3.35,19314284,2014,2,8,82,78
26,Spencer Dinwiddie,Brooklyn Nets,Colorado,United States,77.0,215.0,9.0,2022,Rest,2.0,206896.0,16.0,.573,.467,.314,1.2,10.2,5.7,28.1,1.2,0.8,10.8,22.1,4.5,1.8,6.3,.111,1.6,-0.9,0.7,1.8,.524,118,118,SG-PG,29,0.438,15.7,0.021,0.182,0.506,Dallas Mavericks,19.0,W,SW,38.0,44.0,0.463,0.07,117.63,117.56,0.06,-0.14,117.54,117.7,-0.16,19500000,2014,2,8,82,80
26,Spencer Dinwiddie,Brooklyn Nets,Colorado,United States,77.0,215.0,9.0,2022,Rest,2.0,206896.0,16.0,.573,.467,.314,1.2,10.2,5.7,28.1,1.2,0.8,10.8,22.1,4.5,1.8,6.3,.111,1.6,-0.9,0.7,1.8,.524,118,118,SG-PG,29,0.438,15.7,0.021,0.182,0.506,Brooklyn Nets,14.0,E,A,45.0,37.0,0.549,0.85,116.07,115.07,1.0,1.03,116.19,115.01,1.18,19500000,2014,2,8,82,80
26,Spencer Dinwiddie,Brooklyn Nets,Colorado,United States,77.0,215.0,9.0,2023,"Ankle, Rest",2.0,433496.0,14.0,.532,.553,.338,2.0,10.8,6.3,27.6,1.4,0.5,10.7,19.4,1.5,0.7,2.2,.091,-0.2,-0.7,-0.9,0.3,.479,118,120,PG,30,0.391,17,0.014,0.197,0.467,Brooklyn Nets,23.0,E,A,16.0,24.0,0.4,-1.83,116.38,118.29,-1.91,-2.31,116.11,118.5,-2.39,20357143,2014,2,8,40,38
30,Stephen Curry,Golden State Warriors,Davidson,United States,74.0,185.0,14.0,2020,"Tailbone/Illness, Rest",9.0,5302152.0,26.3,.655,.587,.289,1.5,15.4,8.5,30.5,1.7,0.3,12.2,34.8,6.5,2.5,9.0,.201,8.3,0.4,8.7,5.8,.605,119,111,PG,32,0.482,19.3,0,0.072,0.397,Golden State Warriors,14.0,W,P,39.0,33.0,0.542,1.06,111.74,110.65,1.09,1.1,111.61,110.47,1.14,43006362,2009,1,7,72,63
30,Stephen Curry,Golden State Warriors,Davidson,United States,74.0,185.0,14.0,2021,"Foot/Toe/Hand/Quad/Hip, Rest",18.0,8682597.0,21.4,.601,.613,.243,1.7,14.4,8.3,30.4,1.9,1.0,13.2,30.8,4.6,3.4,8.0,.173,5.4,0.4,5.8,4.4,.554,115,108,PG,33,0.437,19.8,0,0.091,0.324,Golden State Warriors,4.0,W,P,53.0,29.0,0.646,5.54,113.33,107.68,5.65,5.52,113.24,107.62,5.62,45780966,2009,1,7,82,64
30,Stephen Curry,Golden State Warriors,Davidson,United States,74.0,185.0,14.0,2022,Leg/Hip/Shoulder/Ankle/Elbow,26.0,17128368.0,24.1,.656,.564,.248,2.3,16.8,9.7,30.0,1.3,0.9,12.5,31.0,5.8,2.0,7.8,.192,7.5,0.1,7.5,4.7,.614,123,115,PG,34,0.493,18.8,0,0.097,0.597,Golden State Warriors,12.0,W,P,44.0,38.0,0.537,1.8,117.1,115.34,1.75,1.66,117.0,115.41,1.6,48070014,2009,1,7,82,56
30,Stephen Curry,Golden State Warriors,Davidson,United States,74.0,185.0,14.0,2023,"Knee, Rest",3.0,1491830.0,20.4,.622,.600,.301,1.5,12.4,6.9,23.9,1.3,1.1,12.4,31.0,2.6,0.7,3.4,.132,5.9,-1.3,4.6,2.0,.565,119,120,PG,35,0.446,19.9,0,0.074,0.581,Golden State Warriors,17.0,W,P,18.0,22.0,0.45,-1.0,118.28,119.24,-0.97,-0.13,118.91,119.0,-0.09,51915615,2009,1,7,40,37
4,Steven Adams,Memphis Grizzlies,Pittsburgh,New Zealand,83.0,265.0,10.0,2020,Toe/Ankle/Calf,14.0,4902274.0,15.1,.596,.010,.438,14.4,20.4,17.4,9.1,1.6,2.2,17.5,11.7,2.3,1.7,4.0,.119,-0.4,0.1,-0.3,0.7,.614,122,112,C,27,0.614,3.9,0.182,0,0,New Orleans Pelicans,18.0,W,SW,31.0,41.0,0.431,-0.29,114.47,114.78,-0.32,-0.2,114.52,114.73,-0.21,29592695,2013,1,12,72,58
4,Steven Adams,Memphis Grizzlies,Pittsburgh,New Zealand,83.0,265.0,10.0,2021,Ankle/Calf,2.0,490610.0,17.6,.560,.003,.518,17.9,22.0,19.9,16.1,1.6,2.7,19.6,12.0,3.8,3.0,6.8,.163,1.0,1.0,2.0,2.0,.547,125,108,C,28,0.547,2.9,0.143,0,0,Memphis Grizzlies,5.0,W,SW,56.0,26.0,0.683,5.68,115.5,109.94,5.56,5.37,115.38,110.14,5.24,17073171,2013,1,12,82,80
4,Steven Adams,Memphis Grizzlies,Pittsburgh,New Zealand,83.0,265.0,10.0,2022,Knee/Illness/Ankle/Hip,40.0,8551324.0,17.5,.564,.004,.490,20.1,25.3,22.7,11.2,1.5,3.7,19.8,14.6,1.3,2.1,3.4,.144,-0.3,0.9,0.6,0.7,.597,118,108,C,29,0.597,2.6,0.163,1,0,Memphis Grizzlies,4.0,W,SW,51.0,31.0,0.622,3.94,116.01,112.07,3.93,3.6,115.68,112.09,3.59,17926829,2013,1,12,82,42
5,Talen Horton-Tucker,Utah Jazz,Iowa State,United States,76.0,234.0,4.0,2020,Calf,2.0,31191.0,12.9,.536,.268,.264,2.2,12.3,7.3,20.8,2.4,1.4,16.1,21.7,-0.1,2.2,2.1,.078,-2.6,1.5,-1.2,0.3,.496,103,107,SG,20,0.458,10.3,0.049,0.214,0.179,Los Angeles Lakers,8.0,W,P,42.0,30.0,0.583,2.79,110.52,107.84,2.68,2.76,110.28,107.6,2.67,1517981,2019,2,16,72,70
5,Talen Horton-Tucker,Utah Jazz,Iowa State,United States,76.0,234.0,4.0,2021,Ankle/Thumb,18.0,2020126.0,11.0,.503,.338,.232,2.6,11.1,6.9,14.9,1.9,1.7,12.1,19.2,-0.2,1.2,1.1,.033,-3.2,-0.2,-3.3,-0.5,.462,102,114,SG,21,0.416,12.8,0.035,0.187,0.324,Los Angeles Lakers,22.0,W,P,33.0,49.0,0.402,-3.05,111.15,114.17,-3.02,-3.08,111.22,114.3,-3.07,9500000,2019,2,16,82,64
5,Talen Horton-Tucker,Utah Jazz,Iowa State,United States,76.0,234.0,4.0,2022,Ankle,5.0,530694.0,13.7,.508,.331,.274,3.4,13.7,8.6,27.4,1.5,1.9,15.5,25.9,-0.3,1.1,0.8,.029,-1.1,-0.5,-1.6,0.2,.467,104,117,SG,22,0.419,12.8,0.038,0.148,0.367,Utah Jazz,22.0,W,NW,37.0,45.0,0.451,-0.94,116.41,117.44,-1.02,-1.03,116.32,117.43,-1.11,10260000,2019,2,16,82,77
5,Talen Horton-Tucker,Utah Jazz,Iowa State,United States,76.0,234.0,4.0,2023,Foot,2.0,379998.0,13.1,.508,.371,.204,2.0,10.5,6.3,27.9,2.3,1.5,13.5,23.7,0.1,0.6,0.6,.046,-1.0,0.2,-0.9,0.2,.473,107,117,PG,23,0.411,13.4,0.04,0.234,0.385,Utah Jazz,20.0,W,NW,22.0,21.0,0.512,-1.47,116.93,118.48,-1.55,-1.19,117.31,118.6,-1.29,11020000,2019,2,16,43,41
12,Taurean Prince,Los Angeles Lakers,Baylor,United States,78.0,218.0,7.0,2020,Ankle/Shoulder,30.0,4446912.0,12.1,.540,.474,.232,2.3,15.3,8.8,12.8,1.5,2.3,11.5,19.6,0.2,0.8,1.0,.052,-1.2,-0.6,-1.8,0.0,.495,106,114,PF,26,0.401,15.9,0.024,0.284,0.523,Brooklyn Nets,7.0,E,A,48.0,24.0,0.667,4.5,118.91,114.4,4.52,4.24,119.0,114.76,4.24,12250000,2016,1,12,72,42
12,Taurean Prince,Los Angeles Lakers,Baylor,United States,78.0,218.0,7.0,2020,Ankle/Shoulder,30.0,4446912.0,12.1,.540,.474,.232,2.3,15.3,8.8,12.8,1.5,2.3,11.5,19.6,0.2,0.8,1.0,.052,-1.2,-0.6,-1.8,0.0,.495,106,114,PF,26,0.401,15.9,0.024,0.284,0.523,Cleveland Cavaliers,28.0,E,C,22.0,50.0,0.306,-8.44,106.85,115.65,-8.8,-8.19,106.96,115.51,-8.55,12250000,2016,1,12,72,42
12,Taurean Prince,Los Angeles Lakers,Baylor,United States,78.0,218.0,7.0,2022,"Illness/Ankle/Shoulder, Personal",28.0,2244275.0,10.0,.597,.512,.203,1.4,10.8,6.2,9.6,1.1,1.1,14.3,17.3,0.3,1.0,1.3,.052,-2.6,-0.6,-3.3,-0.4,.565,108,117,PF,28,0.467,15.7,0.013,0.418,0.432,Minnesota Timberwolves,20.0,W,NW,42.0,40.0,0.512,-0.04,114.52,114.5,0.02,-0.22,114.26,114.43,-0.18,7100000,2016,1,12,82,54
12,Taurean Prince,Los Angeles Lakers,Baylor,United States,78.0,218.0,7.0,2023,Knee,1.0,51908.0,8.5,.567,.672,.109,1.0,8.9,5.1,7.7,1.4,1.4,9.0,13.3,0.2,1.1,1.3,.050,-2.8,0.1,-2.7,-0.2,.555,108,117,PF,29,0.426,18.6,0.009,0.416,0.359,Los Angeles Lakers,19.0,W,P,21.0,21.0,0.5,-1.0,113.66,114.82,-1.16,-0.45,114.38,114.99,-0.61,4516000,2016,1,12,42,41
14,Terance Mann,Los Angeles Clippers,Florida State,United States,77.0,215.0,4.0,2020,Personal,1.0,20794.0,13.8,.603,.260,.269,5.1,16.1,10.8,11.3,1.1,0.9,9.3,15.1,2.4,1.3,3.7,.141,-0.5,0.3,-0.2,0.6,.563,125,112,SG,24,0.509,10.4,0.111,0.571,0.442,Los Angeles Clippers,2.0,W,P,47.0,25.0,0.653,6.18,118.39,112.13,6.26,6.02,118.34,112.23,6.11,1517981,2019,2,18,72,71
14,Terance Mann,Los Angeles Clippers,Florida State,United States,77.0,215.0,4.0,2021,Ankle,1.0,20490.0,13.4,.572,.301,.238,4.9,14.3,9.7,13.1,1.2,0.8,9.9,16.0,3.1,2.4,5.5,.113,-0.8,0.2,-0.6,0.8,.539,117,112,SF,25,0.484,12.3,0.099,0.389,0.358,Los Angeles Clippers,18.0,W,P,42.0,40.0,0.512,0.02,110.86,110.92,-0.06,0.09,110.85,110.85,0.0,1782621,2019,2,18,82,81
14,Terance Mann,Los Angeles Clippers,Florida State,United States,77.0,215.0,4.0,2022,Concussion,1.0,22192.0,13.4,.619,.378,.225,4.7,11.8,8.3,14.0,1.1,1.0,12.2,15.3,2.8,1.5,4.3,.111,-0.3,0.1,-0.2,0.8,.593,123,117,SG,26,0.519,12.5,0.107,0.495,0.337,Los Angeles Clippers,18.0,W,P,44.0,38.0,0.537,0.5,115.91,115.4,0.51,0.31,115.67,115.37,0.31,1930681,2019,2,18,82,81
14,Terance Mann,Los Angeles Clippers,Florida State,United States,77.0,215.0,4.0,2023,Ankle,6.0,851018.0,9.4,.525,.488,.163,5.6,9.0,7.4,9.3,1.2,1.2,8.7,12.9,0.6,0.7,1.3,.072,-2.1,-0.5,-2.6,-0.1,.502,116,118,SG,27,0.433,15.1,0.074,0.543,0.298,Los Angeles Clippers,5.0,W,P,26.0,14.0,0.65,5.63,121.37,115.67,5.7,5.51,121.46,115.87,5.59,10576923,2019,2,18,40,34
3,Terry Rozier,Charlotte Hornets,Louisville,United States,73.0,190.0,8.0,2020,Knee/Ankle,3.0,647260.0,17.1,.575,.504,.178,2.1,11.8,6.9,20.0,1.8,1.1,9.5,24.4,3.3,2.0,5.2,.105,2.2,-0.5,1.6,2.2,.548,113,114,SG,26,0.45,16.6,0.011,0.243,0.453,Charlotte Hornets,23.0,E,SE,33.0,39.0,0.458,-1.93,111.62,113.69,-2.07,-1.94,111.66,113.75,-2.08,18900000,2015,1,16,72,69
3,Terry Rozier,Charlotte Hornets,Louisville,United States,73.0,190.0,8.0,2021,Ankle,5.0,926136.0,17.6,.566,.508,.151,2.4,11.3,6.8,19.7,1.8,1.0,7.2,23.2,4.3,1.6,5.9,.115,2.4,-0.7,1.7,2.3,.539,117,115,SG,27,0.444,16.4,0.011,0.364,0.403,Charlotte Hornets,16.0,E,SE,43.0,39.0,0.524,0.44,114.94,114.44,0.5,0.53,115.02,114.42,0.6,17905263,2015,1,16,82,77
3,Terry Rozier,Charlotte Hornets,Louisville,United States,73.0,190.0,8.0,2022,Foot/Hand/Hip/Ankle,18.0,4321975.0,14.7,.517,.425,.185,2.4,10.2,6.2,22.7,1.6,0.6,9.4,26.9,0.1,1.6,1.7,.037,0.6,-1.1,-0.6,0.8,.484,106,117,SG,28,0.415,15.1,0.003,0.289,0.301,Charlotte Hornets,27.0,E,SE,27.0,55.0,0.329,-6.24,109.86,116.14,-6.28,-5.89,110.04,115.96,-5.92,21486316,2015,1,16,82,64
3,Terry Rozier,Charlotte Hornets,Louisville,United States,73.0,190.0,8.0,2023,Knee/Groin/Illness,11.0,3334075.0,20.2,.586,.427,.240,1.8,10.3,5.8,31.1,1.5,1.1,9.0,27.4,2.0,0.2,2.2,.108,4.5,-1.4,3.1,1.2,.543,120,123,SG,29,0.461,15.4,0.002,0.248,0.34,Charlotte Hornets,30.0,E,SE,8.0,30.0,0.211,-11.97,110.66,122.96,-12.3,-11.82,110.57,122.69,-12.12,23205221,2015,1,16,38,27
21,Thaddeus Young,Toronto Raptors,Georgia Tech,United States,80.0,225.0,16.0,2020,Leg,4.0,742192.0,20.3,.578,.068,.171,11.4,16.9,14.2,27.1,2.2,2.1,16.1,22.3,2.8,2.2,5.1,.147,1.9,1.4,3.3,2.2,.568,116,110,PF,32,0.559,5.7,0.038,0.489,0.318,Chicago Bulls,20.0,E,C,31.0,41.0,0.431,-0.89,111.9,112.81,-0.91,-0.94,111.9,112.87,-0.97,13545000,2007,1,12,72,68
21,Thaddeus Young,Toronto Raptors,Georgia Tech,United States,80.0,225.0,16.0,2021,Illness,1.0,81552.0,17.0,.548,.176,.180,9.8,16.8,13.1,17.7,3.1,2.0,15.0,17.4,0.9,1.3,2.2,.126,0.1,2.1,2.2,0.9,.550,113,108,PF,33,0.518,7.7,0.037,0.604,0.483,San Antonio Spurs,19.0,W,SW,34.0,48.0,0.415,0.12,113.04,113.0,0.03,0.02,113.09,113.16,-0.07,14190000,2007,1,12,82,81
21,Thaddeus Young,Toronto Raptors,Georgia Tech,United States,80.0,225.0,16.0,2021,Illness,1.0,81552.0,17.0,.548,.176,.180,9.8,16.8,13.1,17.7,3.1,2.0,15.0,17.4,0.9,1.3,2.2,.126,0.1,2.1,2.2,0.9,.550,113,108,PF,33,0.518,7.7,0.037,0.604,0.483,Toronto Raptors,10.0,E,A,48.0,34.0,0.585,2.29,113.93,111.55,2.38,2.37,113.86,111.4,2.46,14190000,2007,1,12,82,81
21,Thaddeus Young,Toronto Raptors,Georgia Tech,United States,80.0,225.0,16.0,2023,Illness,4.0,321839.0,13.5,.521,.098,.122,7.6,15.0,11.2,22.4,3.1,0.5,13.9,13.6,0.2,0.2,0.3,.103,-2.3,1.6,-0.6,0.1,.524,118,114,PF,35,0.512,6.5,0.049,0.75,0.333,Toronto Raptors,21.0,E,A,16.0,26.0,0.381,-1.31,116.45,117.85,-1.4,-1.26,116.39,117.74,-1.35,8000000,2007,1,12,42,38
43,Thanasis Antetokounmpo,Milwaukee Bucks,Delaware 87ers,Greece Nigeria,79.0,219.0,5.0,2021,Calf,1.0,9938.0,12.5,.577,.109,.359,9.2,13.4,11.3,6.5,1.6,2.4,14.9,15.7,0.4,0.5,0.9,.095,-3.5,-0.1,-3.5,-0.2,.555,113,112,SF,29,0.547,5.3,0.227,0.429,0.167,Milwaukee Bucks,8.0,E,C,51.0,31.0,0.622,3.35,115.86,112.56,3.31,3.22,115.86,112.67,3.18,1729217,2014,2,21,82,81
43,Thanasis Antetokounmpo,Milwaukee Bucks,Delaware 87ers,Greece Nigeria,79.0,219.0,5.0,2022,Personal,2.0,53985.0,6.7,.458,.174,.478,7.9,14.1,11.1,9.3,0.7,1.2,17.7,13.8,-0.1,0.2,0.1,.022,-6.5,-1.1,-7.6,-0.3,.435,98,114,PF,30,0.435,7.7,0.13,0.375,0,Milwaukee Bucks,5.0,E,C,58.0,24.0,0.707,3.63,116.13,112.64,3.49,3.61,116.12,112.64,3.48,1878720,2014,2,21,82,80
31,Thomas Bryant,Miami Heat,Indiana,United States,82.0,248.0,6.0,2020,Knee ACL,60.0,7134750.0,18.7,.704,.231,.264,7.1,16.8,11.9,8.2,0.7,2.5,9.8,17.2,0.7,0.2,1.0,.171,1.4,-0.6,0.9,0.2,.698,132,114,C,23,0.648,10.3,0.286,0.048,1,Washington Wizards,22.0,E,SE,34.0,38.0,0.472,-1.83,111.75,113.63,-1.88,-1.84,111.79,113.69,-1.91,8333333,2017,2,12,72,12
31,Thomas Bryant,Miami Heat,Indiana,United States,82.0,248.0,6.0,2021,Back/Ankle/Knee,40.0,4084256.0,16.6,.607,.284,.270,6.7,20.4,13.6,7.9,0.7,4.1,10.3,18.7,0.7,0.4,1.1,.118,-0.4,-0.7,-1.0,0.1,.561,118,113,C,24,0.52,11.5,0.223,0.167,0.286,Washington Wizards,24.0,E,SE,35.0,47.0,0.427,-3.38,111.72,115.33,-3.61,-3.23,111.79,115.23,-3.43,8666667,2017,2,12,82,42
31,Thomas Bryant,Miami Heat,Indiana,United States,82.0,248.0,6.0,2022,Thumb,13.0,380060.0,19.7,.682,.160,.341,8.9,24.6,17.0,4.3,0.7,2.4,8.2,18.2,2.7,1.4,4.1,.183,1.1,-0.5,0.6,0.7,.659,132,112,C,25,0.623,8.4,0.244,0.22,0.462,Los Angeles Lakers,16.0,W,P,43.0,39.0,0.524,0.57,115.31,114.76,0.55,0.43,115.07,114.67,0.4,1968175,2017,2,12,82,69
31,Thomas Bryant,Miami Heat,Indiana,United States,82.0,248.0,6.0,2022,Thumb,13.0,380060.0,19.7,.682,.160,.341,8.9,24.6,17.0,4.3,0.7,2.4,8.2,18.2,2.7,1.4,4.1,.183,1.1,-0.5,0.6,0.7,.659,132,112,C,25,0.623,8.4,0.244,0.22,0.462,Denver Nuggets,7.0,W,NW,53.0,29.0,0.646,3.33,118.38,115.05,3.34,3.04,118.22,115.18,3.04,1968175,2017,2,12,82,69
12,Tobias Harris,Philadelphia Sixers,Tennessee,United States,80.0,226.0,12.0,2020,Knee,4.0,1647345.0,20.0,.597,.225,.221,3.5,19.2,11.4,17.6,1.3,2.3,9.5,23.9,4.1,3.1,7.1,.170,2.9,0.8,3.7,2.9,.556,118,108,PF,28,0.512,11.7,0.043,0.202,0.452,Philadelphia 76ers,5.0,E,A,49.0,23.0,0.681,5.58,114.13,108.51,5.62,5.28,113.96,108.66,5.3,34358850,2011,1,19,72,68
12,Tobias Harris,Philadelphia Sixers,Tennessee,United States,80.0,226.0,12.0,2021,Illness/Hip,3.0,1654984.0,15.9,.566,.269,.198,3.4,18.1,10.9,15.9,0.9,1.5,9.5,21.7,3.0,2.6,5.6,.105,0.6,-0.6,0.0,1.3,.532,113,112,PF,29,0.482,11.7,0.045,0.262,0.361,Philadelphia 76ers,9.0,E,A,51.0,31.0,0.622,2.61,114.39,111.8,2.59,2.57,114.42,111.86,2.56,35995950,2011,1,19,82,79
12,Tobias Harris,Philadelphia Sixers,Tennessee,United States,80.0,226.0,12.0,2022,Injury Management/Illness/Calf/Knee/Back/Hip,8.0,2811666.0,14.8,.602,.383,.153,3.3,17.0,10.3,11.4,1.4,1.5,9.0,18.2,3.1,2.8,5.9,.116,0.6,0.1,0.7,1.7,.575,118,114,SF,30,0.501,13.2,0.07,0.389,0.405,Philadelphia 76ers,3.0,E,A,54.0,28.0,0.659,4.32,118.87,114.51,4.35,4.37,118.98,114.56,4.42,37633050,2011,1,19,82,74
12,Tobias Harris,Philadelphia Sixers,Tennessee,United States,80.0,226.0,12.0,2023,Ankle,1.0,902764.0,16.8,.612,.263,.255,3.3,16.3,9.8,13.3,1.3,1.4,9.6,20.2,2.2,1.6,3.8,.141,1.4,-0.2,1.3,1.1,.566,122,114,PF,31,0.517,11.1,0.066,0.244,0.375,Philadelphia 76ers,3.0,E,A,26.0,13.0,0.667,8.05,121.15,113.02,8.12,7.47,120.72,113.17,7.55,39270150,2011,1,19,39,38
13,Torrey Craig,Chicago Bulls,USC Upstate,United States,77.0,221.0,6.0,2020,Nose,9.0,195483.0,14.2,.579,.467,.097,8.1,19.1,13.7,7.9,1.7,2.9,9.6,14.3,1.1,1.1,2.2,.133,-0.3,0.7,0.4,0.5,.566,120,109,SF,30,0.48,14.4,0.066,0.321,0.265,Milwaukee Bucks,4.0,E,C,46.0,26.0,0.639,5.89,117.68,112.03,5.65,5.57,117.67,112.34,5.33,1678854,2014,0,0,72,63
13,Torrey Craig,Chicago Bulls,USC Upstate,United States,77.0,221.0,6.0,2020,Nose,9.0,195483.0,14.2,.579,.467,.097,8.1,19.1,13.7,7.9,1.7,2.9,9.6,14.3,1.1,1.1,2.2,.133,-0.3,0.7,0.4,0.5,.566,120,109,SF,30,0.48,14.4,0.066,0.321,0.265,Phoenix Suns,3.0,W,P,51.0,21.0,0.708,5.82,118.01,112.14,5.87,5.67,117.96,112.22,5.74,1678854,2014,0,0,72,63
13,Torrey Craig,Chicago Bulls,USC Upstate,United States,77.0,221.0,6.0,2021,Groin/Illness,2.0,112140.0,11.0,.556,.531,.118,5.9,15.4,10.7,7.6,1.4,2.0,12.6,14.3,0.9,1.4,2.3,.070,-1.7,-0.1,-1.8,0.1,.541,110,113,SF,31,0.454,16,0.041,0.41,0.365,Indiana Pacers,23.0,E,C,25.0,57.0,0.305,-3.48,113.6,117.11,-3.51,-3.26,113.74,117.03,-3.28,4878049,2014,0,0,82,80
13,Torrey Craig,Chicago Bulls,USC Upstate,United States,77.0,221.0,6.0,2021,Groin/Illness,2.0,112140.0,11.0,.556,.531,.118,5.9,15.4,10.7,7.6,1.4,2.0,12.6,14.3,0.9,1.4,2.3,.070,-1.7,-0.1,-1.8,0.1,.541,110,113,SF,31,0.454,16,0.041,0.41,0.365,Phoenix Suns,2.0,W,P,64.0,18.0,0.78,7.5,115.65,108.17,7.48,6.94,115.41,108.5,6.91,4878049,2014,0,0,82,80
13,Torrey Craig,Chicago Bulls,USC Upstate,United States,77.0,221.0,6.0,2022,Groin,3.0,147185.0,11.6,.566,.506,.090,8.1,16.3,12.1,7.9,1.3,2.9,12.3,13.0,1.5,2.5,4.0,.098,-1.3,0.7,-0.6,0.7,.556,116,113,PF,32,0.456,15,0.044,0.474,0.45,Phoenix Suns,9.0,W,P,45.0,37.0,0.549,2.07,116.05,113.94,2.12,2.08,115.97,113.86,2.11,5121951,2014,0,0,82,79
13,Torrey Craig,Chicago Bulls,USC Upstate,United States,77.0,221.0,6.0,2023,Foot,16.0,479490.0,11.2,.553,.547,.165,9.4,15.9,12.6,6.6,1.5,1.8,9.7,12.7,0.6,0.6,1.2,.099,-2.3,-0.1,-2.5,-0.1,.529,120,115,SF,33,0.424,15.6,0.029,0.461,0.343,Chicago Bulls,24.0,E,C,20.0,23.0,0.465,-2.14,114.14,116.49,-2.35,-2.23,113.85,116.29,-2.44,2528233,2014,0,0,43,27
11,Trae Young,Atlanta Hawks,Oklahoma,United States,73.0,164.0,5.0,2020,Ankle/Calf/Knee/Back,9.0,765204.0,23.0,.589,.357,.491,2.0,10.5,6.3,45.5,1.2,0.5,16.2,33.0,5.9,1.3,7.2,.163,5.3,-1.7,3.7,3.0,.499,117,116,PG,22,0.438,15.3,0,0.038,0.4,Atlanta Hawks,11.0,E,SE,41.0,31.0,0.569,2.32,116.28,113.89,2.38,2.14,116.33,114.14,2.19,6571800,2018,1,5,72,63
11,Trae Young,Atlanta Hawks,Oklahoma,United States,73.0,164.0,5.0,2021,Quad/Shoulder/Back,3.0,334971.0,25.4,.603,.395,.358,2.1,9.6,5.9,46.7,1.3,0.2,14.5,34.4,9.0,1.0,10.0,.181,7.1,-2.0,5.2,4.8,.536,119,118,PG,23,0.46,16.5,0,0.048,0.552,Atlanta Hawks,14.0,E,SE,43.0,39.0,0.524,1.56,117.29,115.71,1.58,1.55,117.42,115.84,1.58,8326471,2018,1,5,82,79
11,Trae Young,Atlanta Hawks,Oklahoma,United States,73.0,164.0,5.0,2022,Groin/Illness/Ankle/Calf/Back/Shoulder/Shin,9.0,3837564.0,22.0,.573,.331,.460,2.4,7.0,4.7,42.5,1.5,0.3,15.2,32.6,5.3,1.4,6.7,.126,5.3,-2.0,3.3,3.4,.485,116,119,PG,24,0.429,14.9,0,0.05,0.304,Atlanta Hawks,17.0,E,SE,41.0,41.0,0.5,0.29,117.45,117.16,0.29,0.32,117.66,117.34,0.32,37096500,2018,1,5,82,73
11,Trae Young,Atlanta Hawks,Oklahoma,United States,73.0,164.0,5.0,2023,"Illness, Personal",2.0,921016.0,20.9,.578,.461,.421,1.5,7.7,4.5,44.8,1.8,0.6,15.5,31.2,3.2,0.4,3.6,.124,5.3,-2.1,3.1,1.8,.504,119,122,PG,25,0.421,17.6,0.001,0.043,0.533,Atlanta Hawks,22.0,E,SE,17.0,23.0,0.425,-2.03,119.18,121.17,-1.99,-2.19,119.31,121.44,-2.13,40064220,2018,1,5,40,38
41,Trey Lyles,Sacramento Kings,Kentucky,Canada United States,81.0,234.0,8.0,2020,Ankle,28.0,1770537.0,11.4,.574,.444,.256,2.6,23.3,12.8,5.3,0.8,0.2,5.7,12.9,0.3,0.3,0.6,.085,-1.3,-0.5,-1.8,0.0,.556,116,114,PF,25,0.478,14.5,0.022,0.175,0.714,San Antonio Spurs,21.0,W,SW,33.0,39.0,0.458,-1.74,111.61,113.35,-1.74,-1.58,111.59,113.17,-1.57,5500000,2015,1,12,72,44
41,Trey Lyles,Sacramento Kings,Kentucky,Canada United States,81.0,234.0,8.0,2022,Shoulder/Illness,2.0,75430.0,14.2,.607,.588,.304,6.3,21.1,13.7,7.0,1.0,2.2,12.2,18.1,1.4,1.2,2.6,.098,0.0,-0.9,-1.0,0.3,.565,117,116,PF,27,0.458,15.5,0.083,0.346,0.446,Sacramento Kings,8.0,W,P,48.0,34.0,0.585,2.65,119.97,117.48,2.49,2.3,119.86,117.72,2.14,2625000,2015,1,12,82,80
41,Trey Lyles,Sacramento Kings,Kentucky,Canada United States,81.0,234.0,8.0,2023,Ankle/Calf,14.0,1379310.0,11.0,.599,.746,.225,5.0,22.0,13.2,8.3,0.3,1.3,9.3,13.2,0.6,0.4,1.0,.090,-0.7,-0.7,-1.4,0.1,.588,121,118,PF,28,0.444,20,0.021,0.34,0.444,Sacramento Kings,15.0,W,P,23.0,18.0,0.561,0.27,117.83,117.81,0.02,0.5,117.81,117.54,0.27,8000000,2015,1,12,41,27
13,Tristan Thompson,Cleveland Cavaliers,Texas,Canada,81.0,254.0,12.0,2020,"Pectoral/Chest, Rest",4.0,317055.0,14.2,.540,.009,.368,14.5,23.5,19.0,7.2,0.9,2.4,14.1,14.8,1.5,1.4,2.9,.107,-1.5,-1.0,-2.5,-0.2,.518,116,112,PF,29,0.518,4.5,0.095,0,0,Boston Celtics,13.0,E,A,36.0,36.0,0.5,1.46,114.66,113.29,1.37,1.32,114.69,113.47,1.22,9258000,2011,1,4,72,68
13,Tristan Thompson,Cleveland Cavaliers,Texas,Canada,81.0,254.0,12.0,2021,Illness/Quad,4.0,279335.0,14.9,.541,.011,.434,14.7,20.8,17.7,5.5,1.2,2.0,12.4,17.5,0.9,0.8,1.6,.087,-1.6,-1.5,-3.1,-0.3,.530,112,114,PF,30,0.528,4.3,0.157,0,0,Sacramento Kings,25.0,W,P,30.0,52.0,0.366,-5.46,110.69,116.28,-5.59,-5.26,110.92,116.31,-5.38,9946611,2011,1,4,82,78
13,Tristan Thompson,Cleveland Cavaliers,Texas,Canada,81.0,254.0,12.0,2021,Illness/Quad,4.0,279335.0,14.9,.541,.011,.434,14.7,20.8,17.7,5.5,1.2,2.0,12.4,17.5,0.9,0.8,1.6,.087,-1.6,-1.5,-3.1,-0.3,.530,112,114,PF,30,0.528,4.3,0.157,0,0,Indiana Pacers,23.0,E,C,25.0,57.0,0.305,-3.48,113.6,117.11,-3.51,-3.26,113.74,117.03,-3.28,9946611,2011,1,4,82,78
13,Tristan Thompson,Cleveland Cavaliers,Texas,Canada,81.0,254.0,12.0,2021,Illness/Quad,4.0,279335.0,14.9,.541,.011,.434,14.7,20.8,17.7,5.5,1.2,2.0,12.4,17.5,0.9,0.8,1.6,.087,-1.6,-1.5,-3.1,-0.3,.530,112,114,PF,30,0.528,4.3,0.157,0,0,Chicago Bulls,20.0,E,C,46.0,36.0,0.561,-0.39,114.07,114.55,-0.48,-0.37,114.13,114.58,-0.45,9946611,2011,1,4,82,78
2,Ty Jerome,Cleveland Cavaliers,Virginia,United States,77.0,195.0,4.0,2020,Calf/Ankle,23.0,804474.0,13.4,.585,.585,.118,1.3,10.8,6.0,23.7,1.2,0.7,13.5,18.8,0.9,0.4,1.3,.079,0.1,-0.8,-0.7,0.3,.570,113,116,SG,23,0.446,18.9,0,0.155,0.462,Oklahoma City Thunder,30.0,W,NW,22.0,50.0,0.306,-10.64,104.32,114.8,-10.48,-10.13,104.36,114.32,-9.96,2303040,2019,1,24,72,49
2,Ty Jerome,Cleveland Cavaliers,Virginia,United States,77.0,195.0,4.0,2021,Hip,26.0,734951.0,11.3,.488,.567,.143,2.4,7.7,5.0,21.3,1.8,0.6,9.6,20.8,0.0,0.5,0.5,.032,-2.2,-0.2,-2.3,-0.1,.460,103,115,SG,24,0.378,18.3,0,0.161,0.433,Oklahoma City Thunder,28.0,W,NW,24.0,58.0,0.293,-8.1,105.25,113.42,-8.18,-7.9,105.18,113.16,-7.98,2412840,2019,1,24,82,56
2,Ty Jerome,Cleveland Cavaliers,Virginia,United States,77.0,195.0,4.0,2022,Illness/Hip,2.0,0.0,12.8,.594,.372,.169,1.0,9.4,5.3,22.1,1.3,0.5,10.3,14.9,1.4,0.7,2.1,.124,-1.1,0.3,-0.8,0.3,.560,126,117,SG,25,0.488,14.7,0,0.233,0.524,Golden State Warriors,12.0,W,P,44.0,38.0,0.537,1.8,117.1,115.34,1.75,1.66,117.0,115.41,1.6,4728948,2019,1,24,82,80
2,Ty Jerome,Cleveland Cavaliers,Virginia,United States,77.0,195.0,4.0,2023,Ankle,37.0,1177428.0,7.6,.500,.250,.000,7.5,0.0,3.7,26.9,0.0,0.0,20.0,14.3,0.0,0.0,0.0,.047,-4.5,-0.7,-5.2,0.0,.500,112,121,SG,26,0.5,10.6,0,0,0,Cleveland Cavaliers,9.0,E,C,24.0,15.0,0.615,3.31,115.84,112.55,3.29,3.07,115.36,112.31,3.06,2439025,2019,1,24,39,2
14,Tyler Herro,Miami Heat,Kentucky,United States,77.0,195.0,4.0,2020,Foot/Hip/Neck,17.0,863940.0,13.3,.543,.425,.167,1.8,16.7,9.4,18.0,1.1,1.1,11.9,23.5,0.1,1.6,1.7,.049,-0.3,-1.0,-1.3,0.3,.516,104,113,SG,21,0.439,16.5,0.011,0.138,0.463,Miami Heat,16.0,E,SE,40.0,32.0,0.556,0.03,112.12,111.98,0.13,-0.06,112.09,112.06,0.03,3822240,2019,1,13,72,55
14,Tyler Herro,Miami Heat,Kentucky,United States,77.0,195.0,4.0,2021,Knee/Quad/Soreness/Wrist,13.0,713403.0,16.2,.561,.391,.195,1.7,15.4,8.7,20.9,1.0,0.4,12.5,28.8,1.3,2.4,3.8,.084,1.6,-0.9,0.7,1.5,.525,107,111,SG,22,0.447,16,0.014,0.207,0.385,Miami Heat,6.0,E,SE,53.0,29.0,0.646,4.45,114.83,110.21,4.62,4.23,114.61,110.21,4.4,4004280,2019,1,13,82,69
14,Tyler Herro,Miami Heat,Kentucky,United States,77.0,195.0,4.0,2022,Quad/Knee/Achilles/Back/Ankle,15.0,953694.0,15.3,.566,.484,.164,1.3,17.3,9.0,19.9,1.1,0.7,11.7,25.6,1.1,2.4,3.5,.072,1.5,-0.8,0.6,1.6,.531,109,115,SG,23,0.439,17.1,0.012,0.168,0.444,Miami Heat,21.0,E,SE,44.0,38.0,0.537,-0.32,113.99,114.4,-0.41,-0.13,114.1,114.32,-0.22,5722116,2019,1,13,82,67
14,Tyler Herro,Miami Heat,Kentucky,United States,77.0,195.0,4.0,2023,Shoulder/Ankle,19.0,6051708.0,16.2,.548,.421,.155,2.1,17.2,9.6,21.8,1.7,0.3,10.9,29.7,-0.1,0.9,0.8,.052,1.4,-0.4,0.9,0.6,.520,105,114,SG,24,0.436,16.7,0.012,0.107,0.474,Miami Heat,18.0,E,SE,24.0,17.0,0.585,0.66,115.32,114.63,0.69,-0.3,114.9,115.22,-0.31,27000000,2019,1,13,41,22
5,Tyus Jones,Washington Wizards,Duke,United States,73.0,196.0,8.0,2021,Hand/Finger,3.0,349424.0,16.5,.544,.371,.120,1.1,11.0,5.9,28.2,2.0,0.1,7.3,16.6,3.4,1.6,5.1,.158,1.2,0.5,1.7,1.4,.524,125,112,PG,25,0.451,15.2,0,0.21,0.395,Memphis Grizzlies,5.0,W,SW,56.0,26.0,0.683,5.68,115.5,109.94,5.56,5.37,115.38,110.14,5.24,8376286,2015,1,24,82,79
5,Tyus Jones,Washington Wizards,Duke,United States,73.0,196.0,8.0,2022,Foot,2.0,258621.0,16.0,.546,.459,.141,1.5,9.4,5.5,28.8,2.0,0.3,8.9,17.7,3.4,2.3,5.7,.141,1.2,0.3,1.6,1.7,.523,122,113,PG,26,0.438,16.6,0,0.202,0.53,Memphis Grizzlies,4.0,W,SW,51.0,31.0,0.622,3.94,116.01,112.07,3.93,3.6,115.68,112.09,3.59,15000000,2015,1,24,82,80
15,Victor Oladipo,Houston Rockets,Indiana,United States,75.0,213.0,10.0,2020,Knee/Quad/Foot,28.0,8054816.0,14.3,.512,.415,.240,1.2,15.1,8.0,22.8,2.0,1.2,11.5,28.5,-0.6,1.0,0.4,.017,-0.9,-0.8,-1.7,0.1,.476,100,114,SG,28,0.408,15.1,0.03,0.151,0.306,Indiana Pacers,17.0,E,C,34.0,38.0,0.472,-0.04,112.98,112.96,0.02,-0.12,112.99,113.07,-0.08,21000000,2013,1,2,72,44
15,Victor Oladipo,Houston Rockets,Indiana,United States,75.0,213.0,10.0,2020,Knee/Quad/Foot,28.0,8054816.0,14.3,.512,.415,.240,1.2,15.1,8.0,22.8,2.0,1.2,11.5,28.5,-0.6,1.0,0.4,.017,-0.9,-0.8,-1.7,0.1,.476,100,114,SG,28,0.408,15.1,0.03,0.151,0.306,Houston Rockets,27.0,W,SW,17.0,55.0,0.236,-7.9,107.85,115.69,-7.84,-7.5,107.93,115.35,-7.42,21000000,2013,1,2,72,44
15,Victor Oladipo,Houston Rockets,Indiana,United States,75.0,213.0,10.0,2020,Knee/Quad/Foot,28.0,8054816.0,14.3,.512,.415,.240,1.2,15.1,8.0,22.8,2.0,1.2,11.5,28.5,-0.6,1.0,0.4,.017,-0.9,-0.8,-1.7,0.1,.476,100,114,SG,28,0.408,15.1,0.03,0.151,0.306,Miami Heat,16.0,E,SE,40.0,32.0,0.556,0.03,112.12,111.98,0.13,-0.06,112.09,112.06,0.03,21000000,2013,1,2,72,44
15,Victor Oladipo,Houston Rockets,Indiana,United States,75.0,213.0,10.0,2021,Back/Injury Management/Knee,68.0,1936494.0,16.8,.608,.493,.260,2.0,12.9,7.5,26.3,1.4,0.6,16.4,25.1,0.2,0.2,0.4,.124,1.8,-0.5,1.3,0.1,.582,113,111,SG,29,0.479,16.9,0.027,0.139,0.8,Miami Heat,6.0,E,SE,53.0,29.0,0.646,4.45,114.83,110.21,4.62,4.23,114.61,110.21,4.4,2389641,2013,1,2,82,14
15,Victor Oladipo,Houston Rockets,Indiana,United States,75.0,213.0,10.0,2022,Ankle/Injury Management/Knee,33.0,3670951.0,10.6,.513,.526,.196,1.6,12.3,6.8,19.8,2.6,1.1,16.6,21.1,-0.9,1.5,0.6,.024,-2.9,0.8,-2.1,0.0,.484,99,112,SG,30,0.397,16.7,0.01,0.179,0.158,Miami Heat,21.0,E,SE,44.0,38.0,0.537,-0.32,113.99,114.4,-0.41,-0.13,114.1,114.32,-0.22,8750000,2013,1,2,82,49
32,Wesley Matthews,Atlanta Hawks,Marquette,United States,77.0,220.0,14.0,2020,Achilles/Neck,5.0,223335.0,7.2,.517,.782,.163,2.0,7.2,4.6,6.3,1.6,1.3,8.8,11.4,0.2,1.5,1.7,.073,-3.1,1.4,-1.7,0.1,.484,106,110,SG,34,0.353,21.2,0,0.289,0.263,Los Angeles Lakers,8.0,W,P,42.0,30.0,0.583,2.79,110.52,107.84,2.68,2.76,110.28,107.6,2.67,3623000,2009,0,0,72,67
32,Wesley Matthews,Atlanta Hawks,Marquette,United States,77.0,220.0,14.0,2021,Hamstring/Toe/Knee,3.0,67536.0,6.9,.536,.714,.127,3.2,6.4,4.9,4.6,1.1,0.8,7.2,10.7,0.6,0.6,1.2,.056,-3.0,-0.3,-3.3,-0.3,.516,113,116,SG,35,0.395,19.1,0,0.382,0.367,Milwaukee Bucks,8.0,E,C,51.0,31.0,0.622,3.35,115.86,112.56,3.31,3.22,115.86,112.67,3.18,1958495,2009,0,0,82,79
32,Wesley Matthews,Atlanta Hawks,Marquette,United States,77.0,220.0,14.0,2022,Calf/Hamstring,13.0,400800.0,7.0,.519,.775,.175,4.5,9.7,7.2,5.1,1.2,1.3,9.5,9.8,0.3,0.9,1.2,.073,-3.4,0.8,-2.7,-0.1,.484,113,114,SF,36,0.363,21,0,0.339,0.238,Milwaukee Bucks,5.0,E,C,58.0,24.0,0.707,3.63,116.13,112.64,3.49,3.61,116.12,112.64,3.48,2905851,2009,0,0,82,69
32,Wesley Matthews,Atlanta Hawks,Marquette,United States,77.0,220.0,14.0,2023,Calf,13.0,495990.0,4.8,.422,.769,.487,2.0,11.5,6.6,6.6,2.0,1.6,11.2,10.2,-0.1,0.1,0.0,.000,-5.8,0.1,-5.7,-0.2,.333,97,120,SG,37,0.256,21,0,0.4,0.333,Atlanta Hawks,22.0,E,SE,17.0,23.0,0.425,-2.03,119.18,121.17,-1.99,-2.19,119.31,121.44,-2.13,3196448,2009,0,0,40,27
18,Yuta Watanabe,Phoenix Suns,George Washington,Japan,81.0,215.0,5.0,2020,Ankle,7.0,55500.0,12.2,.565,.500,.161,5.3,19.4,12.1,7.7,1.7,2.6,9.0,12.7,0.7,0.8,1.5,.102,-1.1,0.5,-0.7,0.2,.539,117,111,SF,26,0.439,15.1,0.078,0.456,0.293,Toronto Raptors,19.0,E,A,27.0,45.0,0.375,-0.47,112.96,113.44,-0.48,-0.54,113.0,113.55,-0.56,737996,2018,0,0,72,65
18,Yuta Watanabe,Phoenix Suns,George Washington,Japan,81.0,215.0,5.0,2021,Quad/Calf,23.0,445764.0,11.5,.524,.572,.290,4.2,19.0,11.2,6.6,1.2,3.5,10.9,16.8,0.1,0.6,0.7,.075,-1.9,0.0,-2.0,0.0,.504,106,110,SF,27,0.406,17.2,0.029,0.43,0.382,Toronto Raptors,10.0,E,A,48.0,34.0,0.585,2.29,113.93,111.55,2.38,2.37,113.86,111.4,2.46,1762796,2018,0,0,82,59
18,Yuta Watanabe,Phoenix Suns,George Washington,Japan,81.0,215.0,5.0,2022,Back/Hamstring/Ankle,14.0,294086.0,12.1,.637,.582,.203,3.7,13.1,8.5,7.0,1.3,1.6,8.0,13.1,1.3,0.9,2.1,.111,-0.4,-0.2,-0.6,0.3,.621,125,116,SF,28,0.491,16.4,0.06,0.533,0.514,Brooklyn Nets,14.0,E,A,45.0,37.0,0.549,0.85,116.07,115.07,1.0,1.03,116.19,115.01,1.18,1968175,2018,0,0,82,68
18,Yuta Watanabe,Phoenix Suns,George Washington,Japan,81.0,215.0,5.0,2023,Quad/Illness,5.0,148346.0,4.7,.482,.793,.163,3.6,9.7,6.8,3.6,0.9,1.7,13.2,13.5,-0.3,0.2,-0.1,-0.010,-4.9,-1.8,-6.7,-0.4,.462,95,119,SF,29,0.337,21.1,0.022,0.425,0.323,Phoenix Suns,16.0,W,P,22.0,18.0,0.55,1.5,118.93,117.37,1.56,-0.05,118.9,118.92,-0.01,2346614,2018,0,0,40,35
23,Zach Collins,San Antonio Spurs,Gonzaga,United States,83.0,250.0,6.0,2021,Ankle,46.0,3902310.0,16.4,.594,.265,.419,9.5,22.5,16.0,16.3,1.2,3.8,19.7,19.2,0.6,0.7,1.2,.118,-1.2,1.0,-0.2,0.2,.535,112,109,C,24,0.49,11,0.039,0.049,0.5,San Antonio Spurs,19.0,W,SW,34.0,48.0,0.415,0.12,113.04,113.0,0.03,0.02,113.09,113.16,-0.07,7000000,2017,1,10,82,36
23,Zach Collins,San Antonio Spurs,Gonzaga,United States,83.0,250.0,6.0,2022,"Finger/Injury Management/Biceps/Ankle/Heel, Rest",19.0,1605158.0,16.4,.599,.268,.259,8.5,22.5,15.2,18.0,1.2,2.8,17.4,21.2,1.2,1.0,2.2,.074,-0.5,0.3,-0.2,0.6,.568,112,118,C,25,0.518,11.1,0.044,0.061,0.222,San Antonio Spurs,30.0,W,SW,22.0,60.0,0.268,-10.04,111.11,120.96,-9.85,-9.82,111.14,120.79,-9.65,7350000,2017,1,10,82,63
23,Zach Collins,San Antonio Spurs,Gonzaga,United States,83.0,250.0,6.0,2023,Ankle,9.0,885060.0,14.1,.585,.353,.249,7.6,17.0,12.2,18.6,1.0,2.6,17.2,21.4,0.3,0.6,0.9,.052,-1.6,-0.3,-1.9,0.0,.550,109,118,C,26,0.495,12.6,0.045,0.092,0.3,San Antonio Spurs,26.0,W,SW,7.0,33.0,0.175,-9.38,109.67,118.8,-9.13,-8.68,109.93,118.38,-8.46,7700000,2017,1,10,40,31
8,Zach LaVine,Chicago Bulls,UCLA,United States,77.0,200.0,9.0,2020,Knee/Ankle,3.0,534248.0,21.5,.634,.425,.265,2.0,13.6,7.9,23.4,1.1,1.2,13.9,31.0,4.0,1.8,5.9,.138,4.9,-0.8,4.0,3.1,.596,115,114,SG,25,0.507,14.9,0.05,0.145,0.478,Chicago Bulls,20.0,E,C,31.0,41.0,0.431,-0.89,111.9,112.81,-0.91,-0.94,111.9,112.87,-0.97,19500000,2014,1,13,72,69
8,Zach LaVine,Chicago Bulls,UCLA,United States,77.0,200.0,9.0,2021,"Knee/Back, Rest",13.0,3137932.0,20.0,.605,.401,.316,1.1,13.8,7.4,20.8,0.9,0.9,11.2,28.8,4.5,1.3,5.8,.120,3.9,-1.5,2.4,2.6,.554,115,116,SG,26,0.476,15.2,0.055,0.139,0.53,Chicago Bulls,20.0,E,C,46.0,36.0,0.561,-0.39,114.07,114.55,-0.48,-0.37,114.13,114.58,-0.45,19500000,2014,1,13,82,69
8,Zach LaVine,Chicago Bulls,UCLA,United States,77.0,200.0,9.0,2022,"Injury Management/Knee, Rest",5.0,1279188.0,19.0,.607,.392,.308,1.7,12.2,7.1,18.7,1.2,0.6,11.0,28.3,4.2,2.9,7.1,.123,2.7,-0.7,1.9,2.7,.558,116,115,SG,27,0.485,14.9,0.042,0.138,0.467,Chicago Bulls,13.0,E,C,40.0,42.0,0.488,1.29,114.52,113.16,1.36,1.37,114.55,113.1,1.44,37096500,2014,1,13,82,77
8,Zach LaVine,Chicago Bulls,UCLA,United States,77.0,200.0,9.0,2023,Foot,18.0,8749652.0,15.2,.578,.449,.274,1.0,15.8,8.2,17.3,1.2,0.9,11.0,23.8,0.7,0.8,1.5,.084,0.6,-0.6,0.0,0.4,.531,113,117,SG,28,0.452,15.7,0.04,0.183,0.452,Chicago Bulls,24.0,E,C,20.0,23.0,0.465,-2.14,114.14,116.49,-2.35,-2.23,113.85,116.29,-2.44,40064220,2014,1,13,43,25
1,Zion Williamson,New Orleans Pelicans,Duke,United States,78.0,284.0,4.0,2020,Finger/Toe,10.0,1543850.0,27.1,.649,.033,.510,8.9,14.7,11.8,19.7,1.3,1.8,11.6,29.8,7.1,1.6,8.7,.205,6.1,-0.3,5.8,4.0,.616,124,115,PF,20,0.611,3.4,0.13,0.029,1,New Orleans Pelicans,18.0,W,SW,31.0,41.0,0.431,-0.29,114.47,114.78,-0.32,-0.2,114.52,114.73,-0.21,10245480,2019,1,1,72,62
1,Zion Williamson,New Orleans Pelicans,Duke,United States,78.0,284.0,4.0,2022,Hamstring/Ankle/Hip,50.0,8245316.0,25.2,.652,.041,.529,6.9,17.0,12.0,24.4,1.6,1.6,14.6,30.4,2.3,1.2,3.6,.180,4.8,1.0,5.8,1.9,.615,120,112,PF,22,0.608,4.1,0.113,0,0,New Orleans Pelicans,11.0,W,SW,42.0,40.0,0.512,1.89,115.26,113.38,1.88,1.63,115.0,113.38,1.61,13534817,2019,1,1,82,32
1,Zion Williamson,New Orleans Pelicans,Duke,United States,78.0,284.0,4.0,2023,"Leg/Illness/Ankle, Rest, Personal",8.0,2345184.0,22.4,.616,.018,.468,6.7,14.3,10.5,25.8,1.6,1.2,12.6,28.9,2.3,1.2,3.5,.162,3.3,0.3,3.7,1.5,.589,120,114,PF,23,0.586,3.9,0.1,0,0,New Orleans Pelicans,7.0,W,SW,25.0,17.0,0.595,4.83,119.33,114.33,5.0,4.75,119.52,114.63,4.89,34005250,2019,1,1,42,34
